{"type":"FeatureCollection","features":[{"type":"Feature","geometry":{"type":"Polygon","coordinates":[[[-79.449125812029266,43.667530144487372],[-79.449161018060309,43.667615681824202],[-79.449197356404596,43.667696709983915],[-79.449234128850961,43.667777738323728],[-79.449271641629508,43.667863249643169],[-79.449310323901798,43.667944278803603],[-79.449349399299194,43.668029808790635],[-79.449389235000879,43.668110838433059],[-79.449430261222275,43.668191877588484],[-79.449471643407819,43.668277390547793],[-79.449514207483674,43.668358430350473],[-79.449557143704453,43.668439443296371],[-79.449600873635831,43.668520483578938],[-79.449645756934771,43.668601497347687],[-79.449691024741483,43.668682538270893],[-79.449737073913099,43.668763552514591],[-79.449783892007389,43.668844594080369],[-79.449831479072458,43.668925608959313],[-79.449879475455475,43.669006651000764],[-79.449928984838181,43.669087666679665],[-79.449978522885019,43.669164190684114],[-79.450029235349334,43.669245233847796],[-79.450080695729099,43.66932174964483],[-79.450132549305692,43.669402793258762],[-79.450185572411087,43.669479309688214],[-79.450238976325821,43.669560353927217],[-79.450293152937377,43.66963688880945],[-79.450348123334905,43.669713406007098],[-79.450403834183632,43.669794442166456],[-79.450460342519591,43.669870977977943],[-79.450516838591128,43.669947522756516],[-79.451250992957739,43.670878359635267],[-79.451379271620453,43.671040996266115],[-79.451784440955706,43.671554747655989],[-79.451825088711871,43.671604281096961],[-79.451866120970706,43.671653805683633],[-79.451907906174526,43.671707813233006],[-79.451950517082594,43.671752837788937],[-79.451993856123167,43.671802363298092],[-79.452037985305452,43.671856398786822],[-79.452082874614376,43.671905924911734],[-79.452127801207226,43.67195544203291],[-79.452173859938526,43.672000458946165],[-79.452220324394162,43.672049985674889],[-79.452267954614513,43.672099521872411],[-79.452315563681665,43.672144548376124],[-79.452364347358454,43.67219407601246],[-79.452413531519227,43.672239085128354],[-79.452463459802502,43.672284112534825],[-79.452513797395483,43.672329140089147],[-79.452565309613718,43.672378677772919],[-79.452616800662497,43.672423705759769],[-79.452669073064115,43.672468725045285],[-79.452722126813228,43.67251374462969],[-79.452775937102288,43.672558773503006],[-79.452830169109873,43.672603802524669],[-79.452884764345157,43.672644340008269],[-79.452940521850991,43.672689369605635],[-79.452996295360975,43.672729889517804],[-79.453052837817523,43.672770409718254],[-79.453110145711108,43.672815439868629],[-79.453167841626524,43.672855969486079],[-79.45322594335606,43.672901008904269],[-79.453284796233007,43.672937038272714],[-79.453344464186628,43.672977550603392],[-79.453404491841525,43.673018081051922],[-79.453464916416038,43.673058611630204],[-79.453526481984269,43.673099142640147],[-79.453621371736304,43.673153198130933],[-79.453715104904873,43.673211726732717],[-79.453808829292527,43.673265772593666],[-79.453901769116698,43.673324327724643],[-79.45399433709008,43.673382873628483],[-79.454086136363358,43.67344141914802],[-79.454177551388412,43.67349994643655],[-79.454268553916421,43.67356299215129],[-79.454358791163401,43.673621536825117],[-79.454448615937395,43.673684581924931],[-79.454537712617025,43.673743126001789],[-79.454626421636632,43.673806170516805],[-79.454714709195045,43.673869214795324],[-79.454767784848826,43.673905259108018],[-79.454820460358576,43.673945785897011],[-79.454872367052147,43.67398631235794],[-79.454923876970383,43.674026838638568],[-79.454974596631899,43.674062863922558],[-79.455024949990388,43.674107890363366],[-79.455074141046396,43.674148415663041],[-79.455123319767168,43.674188940936439],[-79.455171742065403,43.674229465891756],[-79.45521938314333,43.674269981518911],[-79.455266239642839,43.674315006481883],[-79.455312715106146,43.674355530614719],[-79.455358418403421,43.674400555088418],[-79.455403328073089,43.674445579233868],[-79.455447865764654,43.674490603216356],[-79.455491253508001,43.674531126071898],[-79.45553460986045,43.674580650221401],[-79.455576831982725,43.674621172590406],[-79.455618641594029,43.674666195444772],[-79.455659307011047,43.674715718501034],[-79.455699963404172,43.674760740877581],[-79.455739082062962,43.674805762643913],[-79.455778175977073,43.674850784386933],[-79.455816125701062,43.674900306335196],[-79.455853678636146,43.6749498281172],[-79.455890466029516,43.674994848929906],[-79.455966002138382,43.675099527424038],[-79.456001364727271,43.67509197092874],[-79.456088041248393,43.675072921454955],[-79.456305749387909,43.675025099842209],[-79.45662360366201,43.674955253618627],[-79.457125389201408,43.674844987696687],[-79.457647495071541,43.674722764342576],[-79.45871932380183,43.674488842995402],[-79.458969029687978,43.674432107544774],[-79.460017994347552,43.674195006334742],[-79.460526413331095,43.674086528053046],[-79.46120307458601,43.6739485173809],[-79.461523745821395,43.673877407290327],[-79.462490344833853,43.673661903801268],[-79.463050231020091,43.673536013597577],[-79.463539206709157,43.673426615484104],[-79.465675253505239,43.67295053965492],[-79.466582374791102,43.672751762124719],[-79.467079918017006,43.67264467369656],[-79.467623432041478,43.67253450867549],[-79.471124018559763,43.671781468410309],[-79.474579209766773,43.670987804779266],[-79.475194046128593,43.670854846206048],[-79.477642748588593,43.670325389087338],[-79.478040832256681,43.670229215031917],[-79.479950014219099,43.669804225981721],[-79.48079692008703,43.669615694495633],[-79.482000035415908,43.669347929648026],[-79.483564052451712,43.668993602772389],[-79.483670442020127,43.668968864356998],[-79.485678359910764,43.66850137032079],[-79.487020642037763,43.668206484918727],[-79.488380782056709,43.667899118709336],[-79.489728706667236,43.667590799063994],[-79.4909798551042,43.667315580823427],[-79.491767771170998,43.667184913897721],[-79.491941425036515,43.667153853663898],[-79.492188946332263,43.667116326277622],[-79.492329316991842,43.667094885602062],[-79.492443832910197,43.667078807843566],[-79.49262031270797,43.667052715501512],[-79.492643315087449,43.667049314479563],[-79.492787355179587,43.667033238273035],[-79.49389020504853,43.666950958325238],[-79.494419538694956,43.666905987717143],[-79.494723723455252,43.666887999491571],[-79.495111970535959,43.666829490070526],[-79.495551801536408,43.666757497348712],[-79.497314403401603,43.666415393574795],[-79.498970011352554,43.666131797379514],[-79.499265623085662,43.666073281972515],[-79.499233423551544,43.665861732346627],[-79.499283034946757,43.665857241001483],[-79.499354321117536,43.665848222086829],[-79.499425991615652,43.665843712799408],[-79.49949764974069,43.665834720801236],[-79.499569320212075,43.665830202422612],[-79.499641387463925,43.665825702002962],[-79.499713070313433,43.665821201536907],[-79.499785125144101,43.665816683023948],[-79.499857167564173,43.665812191469534],[-79.499929259567139,43.665812173534214],[-79.500001711162099,43.665812173556084],[-79.500073778365575,43.665812182533635],[-79.500145845558123,43.66580766379326],[-79.500217912756241,43.665807672679939],[-79.505623529081845,43.665474341067771],[-79.505964095352709,43.665447328795487],[-79.506229940592533,43.665415800933658],[-79.506539916838875,43.665393262273405],[-79.506854551531902,43.665339226812875],[-79.50716526898961,43.665298710740728],[-79.507392722636922,43.665258172234793],[-79.50761938297498,43.665222152000467],[-79.507710628832768,43.665200065600395],[-79.507786747591695,43.665181643703349],[-79.508143979554973,43.665087086759797],[-79.508408984384204,43.665006064531134],[-79.508555082635823,43.664965529665963],[-79.508781351544499,43.664893510803132],[-79.509073863770936,43.664776452555898],[-79.509378013777251,43.66463239758869],[-79.509681751700327,43.664479340504492],[-79.509981259879467,43.664326291979897],[-79.510123056909109,43.664236248114911],[-79.510377589472498,43.664078710850895],[-79.510681723262238,43.663880644359296],[-79.510925411792414,43.663700576523844],[-79.511145074105102,43.663547496527045],[-79.511350815739931,43.663353929456434],[-79.511536759734611,43.663187368031906],[-79.511718076942643,43.663016306103785],[-79.512211634335387,43.662633661419832],[-79.512125584505,43.662570679188612],[-79.512013208088874,43.662489678974616],[-79.511983371517971,43.662467169749455],[-79.511958955134844,43.662453670293097],[-79.511838720702883,43.66238548863921],[-79.51174832247915,43.662337448799889],[-79.511691752276107,43.662306949050297],[-79.511535000623141,43.662224188629295],[-79.511493534122451,43.662201707452219],[-79.511302872175776,43.66212070537766],[-79.511083946111839,43.662066736760558],[-79.510981267089193,43.662048734983259],[-79.510576352743314,43.661967779079681],[-79.510247391272173,43.661936313342878],[-79.509783222858829,43.661999363410835],[-79.509289986952581,43.662120940690116],[-79.50884171836546,43.662314541112124],[-79.50837406343247,43.662481110161018],[-79.507941305154716,43.662616179177505],[-79.507499212899475,43.662787252532098],[-79.507087751106965,43.662913306568115],[-79.506601109054003,43.663016869134424],[-79.506165588454436,43.663012401784954],[-79.505767268284075,43.662908916149689],[-79.505521991652998,43.662805430835526],[-79.505403426149286,43.662746918778943],[-79.505143784605039,43.66254890123475],[-79.504857436205256,43.662337382218276],[-79.504466852705391,43.662139368611321],[-79.504201716059256,43.662003377375363],[-79.504092948637577,43.661945853738466],[-79.503754306049075,43.66169833742449],[-79.503446289029839,43.661410304128708],[-79.503081736611293,43.66112229853055],[-79.502693928318635,43.660847785321444],[-79.502457465640916,43.660676116999419],[-79.502291046119765,43.660555250393443],[-79.501912965571563,43.660280734312209],[-79.501480260432857,43.660001708013269],[-79.501414212633975,43.659966243545668],[-79.501052965900811,43.659772187418824],[-79.500611714168997,43.659560658985775],[-79.500144912432134,43.659344655207327],[-79.49977650766354,43.65904310994344],[-79.499519679046074,43.658687555910745],[-79.499439875008918,43.658304980234306],[-79.499463928418763,43.65819932251658],[-79.499528983791834,43.657913412949185],[-79.499560202629667,43.657855507392547],[-79.499735116280277,43.657530838247403],[-79.500025676146251,43.657166283864335],[-79.500404914951901,43.65687373024717],[-79.500815541979009,43.656626190895949],[-79.501233541852741,43.656356119595962],[-79.501611208064361,43.656081564656866],[-79.501940444969748,43.655788997582313],[-79.502254937086875,43.655473926453197],[-79.502508243153713,43.655136361417256],[-79.50263290262248,43.654905716921085],[-79.502690670110766,43.654798815492988],[-79.5027928832871,43.654447742209115],[-79.502857554071099,43.654051680982185],[-79.502869943841262,43.653633126626566],[-79.502779263675663,43.653214583792547],[-79.502487173290532,43.652877048630884],[-79.502068006134621,43.652584539864428],[-79.501521801899784,43.652400038604803],[-79.500944225302092,43.652274043822217],[-79.500339923500235,43.652170540596146],[-79.499715862780633,43.652139053996351],[-79.499072054235413,43.652121038864749],[-79.498470086655161,43.652062541565144],[-79.497861141438008,43.651986002241763],[-79.497766429376227,43.651983192006512],[-79.497253769502251,43.651967995547992],[-79.496646384031635,43.651976962699045],[-79.496380828429196,43.652011402800099],[-79.496021960312717,43.652057954903732],[-79.495444795005028,43.652098439475836],[-79.494836693228478,43.65220193825121],[-79.49426534802069,43.652287441924486],[-79.493649416442025,43.652305421084698],[-79.493057492249093,43.652260388878702],[-79.492481101687773,43.652120822363322],[-79.491961252569112,43.651913755738477],[-79.491495666950414,43.651625678558347],[-79.491358016261984,43.651428718489356],[-79.491237705881005,43.651256594330349],[-79.491085122859133,43.650865023362861],[-79.490964849778962,43.650539470705418],[-79.490932148518908,43.650450921726744],[-79.490877950060835,43.650045856146427],[-79.491022832451222,43.649681285445638],[-79.491286261836578,43.649384260861716],[-79.491535721808077,43.64906021252893],[-79.491779417927717,43.648713659809125],[-79.491970439267149,43.648466135872233],[-79.492036298350286,43.648385146202351],[-79.492270696125104,43.648101619303468],[-79.492418710545593,43.647863093040236],[-79.492621202389131,43.647436351545537],[-79.492769793473002,43.647118846848237],[-79.492793581114427,43.646911897930082],[-79.492817700295191,43.646729990823559],[-79.492810889965696,43.646460399445019],[-79.492785744141528,43.646210294859195],[-79.492704304433488,43.645903099999991],[-79.492671179773041,43.64583024980633],[-79.492551531747424,43.645674572404054],[-79.492517302532448,43.645615089123659],[-79.492433048653695,43.645525808000798],[-79.492358546790356,43.64546428768903],[-79.492206791024572,43.645346593543628],[-79.492001108814293,43.645185616849254],[-79.491884914512013,43.645086521583366],[-79.491736684138942,43.644945387489123],[-79.491549681961629,43.644713516528171],[-79.491435494527806,43.644547108697161],[-79.49135831409329,43.644422874972761],[-79.491201013446656,43.644195317318335],[-79.49098194391118,43.643833040055696],[-79.490786019292088,43.643466983641709],[-79.490591228959019,43.643075570094481],[-79.490457076756584,43.642687815824125],[-79.490359502363489,43.64238528046824],[-79.490222294853837,43.642054288285379],[-79.49019440319303,43.641998216334514],[-79.490098157988498,43.641843483409119],[-79.489968282225391,43.641638663801274],[-79.489901848352872,43.641552712821806],[-79.489798009279596,43.641455731785534],[-79.489657358574718,43.641357127081157],[-79.489436209819516,43.641230556518629],[-79.489288261076723,43.641194438232937],[-79.489104693728251,43.641207805930776],[-79.48899544089403,43.641242135714521],[-79.488211671515742,43.641520002053007],[-79.487944590993621,43.641638576319636],[-79.487504665953111,43.641808772085611],[-79.487091906195857,43.641928939583941],[-79.486662788903971,43.642025169027356],[-79.486343723614468,43.642068959049482],[-79.485974100890758,43.642105774925085],[-79.485708131072755,43.642110656733429],[-79.48543969999092,43.64209336722439],[-79.485216062189338,43.642033011309834],[-79.485063659063357,43.641917818911026],[-79.484989570775198,43.641736791559218],[-79.484996319201088,43.641564587138106],[-79.485004766647478,43.641388422329015],[-79.485005413520113,43.641229467121477],[-79.485025036350351,43.640871809017767],[-79.485071009594407,43.640614690710088],[-79.485112714360426,43.640274921170999],[-79.485103038166926,43.640058517795318],[-79.48512599751642,43.639636833232075],[-79.485099243486061,43.639113642613992],[-79.485044508180877,43.638823376988228],[-79.484920058278817,43.638575597661422],[-79.484833312045964,43.63847612093614],[-79.484734226362946,43.638406761114503],[-79.484674161972791,43.638368380193782],[-79.484532704200419,43.638287861797437],[-79.484396188899851,43.638219441755098],[-79.484249896033447,43.638147122604401],[-79.484051915600034,43.63809315888318],[-79.483852395382868,43.638051445480379],[-79.48361564821181,43.638039277932897],[-79.483376338390585,43.638016901956597],[-79.483243737890589,43.638006134948682],[-79.483010570419765,43.638002725016243],[-79.482478691691654,43.637968304465176],[-79.482331078938927,43.637969109872508],[-79.481882609460385,43.63798590826525],[-79.481399502306857,43.638030504533383],[-79.480859264975379,43.638092191831639],[-79.480397196969733,43.638111925570527],[-79.479851207406881,43.638135450265082],[-79.479361285101362,43.638131357250757],[-79.478846850222425,43.6381194174011],[-79.478454795475827,43.638069125480698],[-79.478117767902077,43.637992612737847],[-79.477838562738611,43.637872570544353],[-79.477498920530479,43.637733351845945],[-79.477292153263477,43.637533237256022],[-79.477214589973897,43.637407886584086],[-79.477085358841663,43.637212503760892],[-79.476975387283844,43.636987888175476],[-79.476872102824487,43.636747503405807],[-79.476830142975288,43.636443203154457],[-79.476734170907463,43.63627060013782],[-79.476712521848327,43.636231655744275],[-79.476526757795,43.635966067926681],[-79.476340251689507,43.635637496953684],[-79.476250868080172,43.635484085822824],[-79.47617502178943,43.635353919016225],[-79.47600939700105,43.63503881789098],[-79.475837973627762,43.634755238136684],[-79.475702172265329,43.634435651140926],[-79.475499365941516,43.63410703923671],[-79.475128070366281,43.63385492921779],[-79.474703047772067,43.633646741879147],[-79.474448756757539,43.633522169127808],[-79.474355951886778,43.633476709340975],[-79.474244815699464,43.633436196113429],[-79.474045442221524,43.633335452492993],[-79.473961063993613,43.633292802730118],[-79.473906196642886,43.633271961007026],[-79.473818493215987,43.633238653820499],[-79.473625479380644,43.633164726056883],[-79.473546970451437,43.63313466128222],[-79.47347312058352,43.633106379809647],[-79.473367726754304,43.633058782966266],[-79.47332554944839,43.633039726194227],[-79.473256769610316,43.633009006387958],[-79.473159948678699,43.63296899952821],[-79.473057106014423,43.632926488780974],[-79.472797782050023,43.632819328843098],[-79.472429465681628,43.632625620727353],[-79.472022974793916,43.632366587998803],[-79.471329661581962,43.631783378177161],[-79.471228527482239,43.631699270777965],[-79.470915192242131,43.632003438489605],[-79.470902470355938,43.631992057494863],[-79.470891707900066,43.631977841559639],[-79.470871168250923,43.631962191911448],[-79.470847689109462,43.631951546283048],[-79.470821751406888,43.631950828555929],[-79.470791461038914,43.631955906606279],[-79.47076713816125,43.631972985028085],[-79.470749507840296,43.631989084005745],[-79.470727898434362,43.632007234278802],[-79.470707999611847,43.632024574860928],[-79.470695486677087,43.632042322395634],[-79.470680120379981,43.632066271154983],[-79.470646576263974,43.632085255480149],[-79.470622687922074,43.632100524702985],[-79.470603922218714,43.632106712835508],[-79.470585723959104,43.632118274940844],[-79.47056752810856,43.632124886279342],[-79.470549346062157,43.632128599170862],[-79.470520543228034,43.632132633371235],[-79.470491633029653,43.632153464130539],[-79.470463853135428,43.632169029361307],[-79.470435578207301,43.632183181239022],[-79.470397564257681,43.632193784040595],[-79.470346388778879,43.632205094526014],[-79.470313258264198,43.632214285347906],[-79.470297169603342,43.632219943043118],[-79.470270529004409,43.632237056761788],[-79.470233638069345,43.632257120261592],[-79.470181362809655,43.632286892237282],[-79.47011371965155,43.632318136400258],[-79.470060418636578,43.632341940130743],[-79.470031721442567,43.632357568025469],[-79.469998917029784,43.632383591440274],[-79.469949728482234,43.63241112277337],[-79.469889251113401,43.632436409766321],[-79.469807264620243,43.632476579346744],[-79.469762167051428,43.632501132219154],[-79.469737560098721,43.632515275892146],[-79.469713985110971,43.632522713798053],[-79.46967299849851,43.632529399966053],[-79.469641226932623,43.632546512175836],[-79.469618674154702,43.632566606287043],[-79.469587920277732,43.632580730291117],[-79.469553994096827,43.632594277353121],[-79.469480326391263,43.632627355818386],[-79.469428283284984,43.63266229430716],[-79.469371032694923,43.632701957106278],[-79.469332009223649,43.632722748854604],[-79.469286479454894,43.632743511837504],[-79.469237039133432,43.632777505791914],[-79.469129044499979,43.6328794894212],[-79.469041854601272,43.632962593668928],[-79.468985902299622,43.633006991355089],[-79.46889743093756,43.633074990813107],[-79.468855800158565,43.633104251994702],[-79.468824029607532,43.633118366513564],[-79.468767145269112,43.633167120509292],[-79.468725413337836,43.633223907861009],[-79.468695845439058,43.633268087583517],[-79.468628025927202,43.633348865452973],[-79.468591501453588,43.63340060440423],[-79.468539317231517,43.633466219175119],[-79.468518456274694,43.63349650310272],[-79.468504552298157,43.633541938279066],[-79.468481920773542,43.633616418525797],[-79.468468000535296,43.633645444162497],[-79.468447126418752,43.633677006269544],[-79.468419295780151,43.633716127616644],[-79.468389743130302,43.633753970283514],[-79.468346282021329,43.633798137067636],[-79.468307856265298,43.633835077116828],[-79.468256748304427,43.633879538791881],[-79.46820284022921,43.633922451426301],[-79.468148956873137,43.633965346039098],[-79.46809332800666,43.634004450555025],[-79.468046391367878,43.634034736114209],[-79.467982080097897,43.634063747593473],[-79.467905581537082,43.634101612980324],[-79.467832568079956,43.634134402514206],[-79.467787398464367,43.634150799323571],[-79.467750908796674,43.634158368203472],[-79.467724833471536,43.63415836984607],[-79.467698773249168,43.634153312707532],[-79.46766836538842,43.634143825651186],[-79.467608399906794,43.63415708572164],[-79.467500636996562,43.634187335802103],[-79.467426833919191,43.634212959747977],[-79.467309585707852,43.63425111916392],[-79.467278668293517,43.634267132786981],[-79.46725416681646,43.634290043301824],[-79.467246620770723,43.634310213247559],[-79.467244741959462,43.63432389481693],[-79.467241907747422,43.63433963743001],[-79.467241912341933,43.634353994642929],[-79.467231557284535,43.63436630557203],[-79.46720988791715,43.634377254046051],[-79.467162795877471,43.634395702372615],[-79.467121346469582,43.634407320250382],[-79.467066721504139,43.634421679741052],[-79.467000792357993,43.634438763363157],[-79.466939575618909,43.634450375467168],[-79.466889649886298,43.634460613597057],[-79.466861403722874,43.634464043942145],[-79.46682561081343,43.634466085876987],[-79.466797365035347,43.634468805096859],[-79.466769106102547,43.634472901518016],[-79.466739905649078,43.634476322554292],[-79.466709775696373,43.634479743312447],[-79.466686228471275,43.634479727451499],[-79.466656101166549,43.63447835045735],[-79.466636310235884,43.634476292366998],[-79.466615764562363,43.634471983706227],[-79.466541399346681,43.634459630065869],[-79.466480332863114,43.63444598407763],[-79.466427494600907,43.63443402373273],[-79.466404000762864,43.634427193779814],[-79.466380520276843,43.63441865356257],[-79.466361733992912,43.634415227509358],[-79.466340590604375,43.634416076417658],[-79.466313569951183,43.63442203637787],[-79.466284204101484,43.634433117428884],[-79.466244266296584,43.634445059484271],[-79.466196132697036,43.634463822153378],[-79.46614561526269,43.634490235274626],[-79.466046942639267,43.634529470058126],[-79.465970578802711,43.634566974131552],[-79.46592946060025,43.634584019511266],[-79.465888343336857,43.634599363614448],[-79.465857797538007,43.634614719861936],[-79.465806114847595,43.634641150487198],[-79.465769688776177,43.634666721525221],[-79.465730905027002,43.634697422634844],[-79.465665670860375,43.63475517395625],[-79.465610049184562,43.634799300033762],[-79.465540504717481,43.634852126227955],[-79.465483897831504,43.634885000214197],[-79.465422446433976,43.634915505342583],[-79.465375551535416,43.634934277040642],[-79.465336735050357,43.63495659771516],[-79.465309238431715,43.634970685544253],[-79.465267193332537,43.634982401583031],[-79.465221897279889,43.635022317958203],[-79.465137763492862,43.635120938514845],[-79.465079514922124,43.635184335496106],[-79.465035839398368,43.635228969016985],[-79.46500997579767,43.635247746994523],[-79.464988951757917,43.635255958822299],[-79.464945299342148,43.635260635166617],[-79.464916183052949,43.635267674319202],[-79.464857966349925,43.635297009954698],[-79.46479327950901,43.635327540752144],[-79.464685281005544,43.635373171466718],[-79.464637069064224,43.635396632175016],[-79.464603075499213,43.635414813453359],[-79.46457178369117,43.635432995558851],[-79.464533181337288,43.635448411962734],[-79.464518119337257,43.635455077314958],[-79.464489492850106,43.635471955024222],[-79.464451025160201,43.63549011686446],[-79.464404499367319,43.63551219178526],[-79.464370508358115,43.635525818294191],[-79.464326738891472,43.635539396735091],[-79.464161398316008,43.635600122369631],[-79.464084195314641,43.635627345331613],[-79.464020203735998,43.635654572400142],[-79.463976068452752,43.63567858319594],[-79.46394077354816,43.635696196779108],[-79.463912089175253,43.635705792204817],[-79.463839284772675,43.635713780430876],[-79.46370252488326,43.635729777556598],[-79.463587820782863,43.635732936570491],[-79.463552523023566,43.635734527568552],[-79.463499587319987,43.635739317418285],[-79.463409132478432,43.635750504226252],[-79.463287798451262,43.635772914777846],[-79.463206156309354,43.635782502008489],[-79.463148810391672,43.635784085783435],[-79.46308485871603,43.635785658395321],[-79.463038546977472,43.635780836691914],[-79.463004261038236,43.635769411846084],[-79.462912083033729,43.635740820585639],[-79.46282181596257,43.635708593312941],[-79.462744671516944,43.635679952797098],[-79.462715130512223,43.635671598882709],[-79.462674086851081,43.635665626572418],[-79.462644540694228,43.635665616921486],[-79.46261334101456,43.635673969008373],[-79.462569009933844,43.635693028435355],[-79.462493462266067,43.635727586992822],[-79.462434366696911,43.635752591437452],[-79.462329254785445,43.635815755567819],[-79.462265189389441,43.635880139342525],[-79.46219948418576,43.635950454450501],[-79.462140324138957,43.636018395322274],[-79.462101578812806,43.63606251626927],[-79.462028409988577,43.636136438356957],[-79.461968237364701,43.636197915807656],[-79.461920357417029,43.636242456717568],[-79.461858966060106,43.636290566649144],[-79.461828268099595,43.636308379142243],[-79.461742329276589,43.636349351715758],[-79.461687081589886,43.636383214420192],[-79.461656422406662,43.636398362470388],[-79.461629410923692,43.6364072647767],[-79.461603642772275,43.63640992953561],[-79.461571740884978,43.636410809953098],[-79.4615398305816,43.636405452400247],[-79.461501801791911,43.636393854819516],[-79.461487083801345,43.636384938492554],[-79.461483399600567,43.63637067005871],[-79.461482195266996,43.63635462918775],[-79.461469921117839,43.636342149134116],[-79.461446590121213,43.63633233876164],[-79.46142205352686,43.636327874799328],[-79.461397512948665,43.636329639787718],[-79.461358258806101,43.636334973347516],[-79.461326342275214,43.636339418239423],[-79.461256378141982,43.636361672973109],[-79.461191318403422,43.636389285152021],[-79.46115401702869,43.636402963586868],[-79.461057207790191,43.636444805084459],[-79.460994028503137,43.636477377553369],[-79.460939155267752,43.636506334269541],[-79.460887606626642,43.636530458353995],[-79.460819430143502,43.636566647572074],[-79.460747922024751,43.636599217049401],[-79.46066146857568,43.636629368969217],[-79.460560049489757,43.636669183146573],[-79.460475245003749,43.636698129308797],[-79.460367177392328,43.63672705834383],[-79.460290710072812,43.636742730219382],[-79.460189292503486,43.63676081472962],[-79.46009287674508,43.63676803622706],[-79.460021400398944,43.63677042362368],[-79.459967005430471,43.636768604311492],[-79.45981773797331,43.636764276285248],[-79.459768386490964,43.636763628830948],[-79.459738960375091,43.636768650244228],[-79.459695663127803,43.636777438339699],[-79.459640287713214,43.636777625834725],[-79.45957646037003,43.636776901174926],[-79.459487708725575,43.636776869757306],[-79.45942854168338,43.636775777609678],[-79.459364932616111,43.636782200007097],[-79.459286520314095,43.636796142253957],[-79.459177035364903,43.636812233686975],[-79.459100097111431,43.636827247496775],[-79.459033522935101,43.636837953306994],[-79.458989145983097,43.636830421241157],[-79.45892111960805,43.636807830350577],[-79.458817528534155,43.636777440416928],[-79.458797443763729,43.63676938594358],[-79.458774767628682,43.636762905774177],[-79.458748841523061,43.636760538059519],[-79.458727781713577,43.636764671094284],[-79.458700236358183,43.636774076592566],[-79.458664579433943,43.636792300506528],[-79.458536543699338,43.636876372059746],[-79.45844566678818,43.636938691638832],[-79.458307406535539,43.637021336997776],[-79.458170571630689,43.637085484869424],[-79.458072495452356,43.637126756283642],[-79.457978045471194,43.637157506330738],[-79.457899356554591,43.637175948214519],[-79.457817387114886,43.637188825979521],[-79.457676591150644,43.637209288089544],[-79.457562781649784,43.637222423920917],[-79.457417519606182,43.637231182257217],[-79.457289206154698,43.637231125388048],[-79.457145138862373,43.637232844743856],[-79.45705799712745,43.637233685177463],[-79.456993836080187,43.637231023653257],[-79.456938141286514,43.637226610013009],[-79.456869002022643,43.637218221664455],[-79.456722369912811,43.637201711721225],[-79.456615849521128,43.637195226356312],[-79.456544820449267,43.637195199378382],[-79.456456015828735,43.637199027179804],[-79.456374361509759,43.637204144838776],[-79.456280232423111,43.637218295056762],[-79.456136368874141,43.637246612302945],[-79.455944592581645,43.637289106092744],[-79.455773633755214,43.637336999443797],[-79.45544706951452,43.63740167358592],[-79.455231371475691,43.637478308094323],[-79.454888104117217,43.637436604769782],[-79.45446120610481,43.637407640090913],[-79.454364384820835,43.637391624028382],[-79.454254359279602,43.637381975578968],[-79.454161964884335,43.637346788173154],[-79.454043151997595,43.637321149542515],[-79.453906727529173,43.637295521691357],[-79.453831918215784,43.637295491503536],[-79.453752713845333,43.637273091054873],[-79.453655895314569,43.637237892448134],[-79.453488709495915,43.637164301261016],[-79.453387508821507,43.637122709662023],[-79.453309003315837,43.63709460231393],[-79.453065114580113,43.637019070858841],[-79.452939081401141,43.636956315415212],[-79.45276030962809,43.636802894128557],[-79.4525925331628,43.636726816999584],[-79.452435449780921,43.63668612850892],[-79.452284828726533,43.636654803937795],[-79.452116979317992,43.636625038193728],[-79.451977075356552,43.636614033826525],[-79.451882389863641,43.63661087053174],[-79.451753278511376,43.636587367511908],[-79.451520832310834,43.636559139852189],[-79.451254012532857,43.636523074865828],[-79.45108615893389,43.636499554565674],[-79.451043120721707,43.63649328018132],[-79.45098499176774,43.636496387754001],[-79.450920427895682,43.636502670022885],[-79.450738544019515,43.636540820664692],[-79.450620161149345,43.636568898912138],[-79.450568495210888,43.636579822264963],[-79.450514688990353,43.636586054947422],[-79.45048670399467,43.636586042830004],[-79.450465196219994,43.636576654071504],[-79.450443680555935,43.636561792464661],[-79.450422163161051,43.636564123494516],[-79.450389877559999,43.636564109488212],[-79.450359761327221,43.636548470013913],[-79.450338236039926,43.636545337185062],[-79.450308105669691,43.636546881331171],[-79.4502887317323,43.636550005389317],[-79.450249994967876,43.636557801738483],[-79.450172517284003,43.636548388553614],[-79.450092892929263,43.636542097859],[-79.44999389075312,43.636543620835958],[-79.449879828931245,43.636546694364867],[-79.449810964933079,43.636537293712493],[-79.449755021706622,43.636520076496403],[-79.449721630338303,43.636493633754654],[-79.449604794403172,43.636435001307639],[-79.44951812457704,43.636376742121037],[-79.449422261631099,43.63630035901646],[-79.449356613388261,43.636240200711391],[-79.44932641694173,43.636217287810581],[-79.449285696730129,43.636196269525527],[-79.449237090981271,43.63617907331259],[-79.449180594875642,43.636171415038234],[-79.449109632206287,43.636167566883515],[-79.44902950178782,43.636174210210783],[-79.448939699011277,43.636187123126476],[-79.448736613333836,43.636278864352001],[-79.448575947746747,43.636359381577371],[-79.448473688569948,43.636401759051353],[-79.448377288151505,43.636433526448556],[-79.448301360492863,43.636452602073042],[-79.448190361955412,43.636482247384571],[-79.448041376637946,43.63651187532912],[-79.447942102739589,43.636526664444283],[-79.447831108012792,43.636537217474988],[-79.447723045511552,43.636539292436069],[-79.447641289803741,43.636532891042592],[-79.447492400371075,43.636494647887304],[-79.447314299801477,43.636441538796859],[-79.447188751805712,43.63639905734761],[-79.447107025477038,43.636373572653],[-79.447036959793436,43.636350208627832],[-79.446998991212041,43.636343827052833],[-79.446958098933678,43.636350172064709],[-79.446896767636161,43.63635862289447],[-79.446835453145653,43.636347990766552],[-79.446747870465046,43.636316130111851],[-79.446704083269026,43.636288538468996],[-79.446651553711433,43.636252454425225],[-79.446584406486707,43.636222727506002],[-79.446523112872285,43.636188772635307],[-79.446520214312059,43.63615907571495],[-79.446473501651369,43.636146334897411],[-79.446426767204485,43.636144188679104],[-79.446391731257037,43.636129319971708],[-79.446358704893527,43.636112426885191],[-79.446156293070075,43.636042219950646],[-79.446110331390656,43.636811924571553],[-79.446102864591722,43.636943161207746],[-79.446096531001487,43.637054487317421],[-79.446079293003166,43.637274247929774],[-79.446001864502179,43.637514098203411],[-79.446027457302193,43.63766709776651],[-79.446088523694073,43.637984290239601],[-79.446135596710334,43.638247233752438],[-79.446144340492808,43.638296052357191],[-79.446219421588182,43.638715344974798],[-79.443825280064161,43.63918150018241],[-79.44249601347903,43.639437198524824],[-79.442221911877141,43.639490672526897],[-79.441181315750228,43.639688415210678],[-79.440964079176112,43.639739845121532],[-79.439863273846882,43.63995118177629],[-79.439114944341753,43.640103314007987],[-79.437922908586216,43.640332838130959],[-79.437277194181405,43.6404510067971],[-79.436668943269623,43.640583495761419],[-79.435942847021437,43.640734764394708],[-79.435413744320229,43.640842123148936],[-79.434516994497443,43.641025961170506],[-79.434177260233582,43.641091845158833],[-79.433152773312045,43.641300262617676],[-79.432369419735622,43.64147459957077],[-79.431589199302323,43.641625502446701],[-79.430121895954102,43.641925386880864],[-79.429724593115537,43.641999449677272],[-79.428644198652663,43.642208422409716],[-79.428751590854404,43.642551954805917],[-79.428892922487307,43.643031536940754],[-79.429192521974358,43.643792230821369],[-79.42935071428191,43.644200612884894],[-79.429513751131893,43.644623174845464],[-79.429677006341706,43.645041145978226],[-79.429698732626306,43.645096814808205],[-79.429845775404843,43.645473567428077],[-79.43003728523037,43.6459659696296],[-79.43038086995891,43.646844064738055],[-79.430628703780968,43.647475967278645],[-79.430718811507347,43.647711893702805],[-79.431453746954929,43.649651014452999],[-79.431593258459756,43.650009325220516],[-79.431947526674548,43.650919016166412],[-79.432056589976185,43.651196169903123],[-79.432257652400367,43.651725524147913],[-79.432562178579943,43.652569194476591],[-79.432696923842116,43.652922397133146],[-79.432747095688171,43.653054908631546],[-79.43293260052485,43.653483050117522],[-79.432969224916548,43.653602870646004],[-79.433067937027218,43.653865813078752],[-79.433207997198139,43.654238686125119],[-79.433365487637602,43.654680852560936],[-79.433538918568544,43.655127582699166],[-79.434225299511638,43.656895548204069],[-79.434277224806365,43.657029266128703],[-79.434313436551037,43.657122612943581],[-79.434509657804156,43.657636765618946],[-79.434745735901274,43.658328690300742],[-79.434980134278959,43.65893922327232],[-79.435327202433911,43.659861221071317],[-79.435531312868648,43.66027246382874],[-79.436678362833689,43.662967080991884],[-79.436704027907112,43.663027179157559],[-79.437059398383298,43.663859495287973],[-79.437438263650193,43.664715361553249],[-79.437616520081335,43.665121284298316],[-79.437807590965264,43.665560140600128],[-79.437924220011155,43.665851145202261],[-79.438185038961478,43.666428272185442],[-79.438408248032857,43.666962522902203],[-79.438700002927533,43.667660805213323],[-79.438904801801868,43.668151082461328],[-79.439035926443196,43.668464830909649],[-79.43927908110804,43.668983698094095],[-79.43928957365091,43.669006495038815],[-79.443272259978073,43.668223435634602],[-79.44444481153802,43.668009374714991],[-79.445629558467402,43.667793129237936],[-79.446731029266346,43.667592071955866],[-79.446802988041568,43.667576848204583],[-79.447374999931199,43.667468088809926],[-79.447994700085957,43.667373966422872],[-79.44857996691465,43.667304812895431],[-79.449015381616292,43.667260901385667],[-79.449125812029266,43.667530144487372]]]},"properties":{"AREA_NAME":"11"}},{"type":"Feature","geometry":{"type":"Polygon","coordinates":[[[-79.46935213610459,43.708682837412979],[-79.469777229649068,43.710804396305697],[-79.469821284196684,43.710997044030023],[-79.470109237584708,43.712416853105978],[-79.470899206729641,43.716435642479794],[-79.471748687804691,43.720755458095049],[-79.472066478897816,43.722371746412691],[-79.47230338840933,43.723554963910274],[-79.472492135112873,43.724497646852306],[-79.472530412722108,43.724688779470242],[-79.472646650363501,43.724660300406548],[-79.474608420189668,43.724186882533076],[-79.477713725310906,43.723431173541591],[-79.481172050962385,43.722579152440083],[-79.481273509707705,43.722554307662584],[-79.486945719562385,43.721165150452336],[-79.487181184429161,43.721103158492902],[-79.487415755057953,43.721041895050526],[-79.487650684988267,43.720981324261139],[-79.487885899807765,43.720921212082168],[-79.488121349823345,43.72086182854423],[-79.48835704751319,43.72080286760464],[-79.488593104514393,43.720744680321786],[-79.488829434011251,43.720686978644949],[-79.489066122872828,43.720629834590824],[-79.489302935277792,43.720573347148829],[-79.48953999534983,43.720517480324595],[-79.489777414814412,43.720462117110316],[-79.490015106774266,43.72040741051746],[-79.490253034022473,43.720353243524897],[-79.490491196546301,43.720299733147428],[-79.490729644021712,43.720246717365164],[-79.490968190258712,43.72019440319032],[-79.491133521895804,43.720156619881791],[-79.491300938333552,43.72011901651755],[-79.491468490996382,43.72008201600184],[-79.491636279192576,43.720045501325103],[-79.491804327732851,43.72000958050306],[-79.491972611804769,43.719974217527863],[-79.492141156223752,43.719939493411417],[-79.492309836910152,43.719905219117983],[-79.492421090789037,43.719883065467847],[-79.492478877244011,43.719871547682907],[-79.492647917320326,43.71983843407525],[-79.49281730465097,43.719805851313069],[-79.492986853072935,43.719773835388395],[-79.493156649460516,43.719742440313269],[-79.493326557308364,43.719711585067344],[-79.493496713143927,43.719681233652913],[-79.49366711696635,43.719651431075114],[-79.493837508142633,43.719622276332558],[-79.494008308654841,43.719593679434944],[-79.494179208243992,43.719565568354604],[-79.494350219307975,43.71953812311677],[-79.494521503212312,43.71951112769861],[-79.494692774488527,43.719484852123244],[-79.495186246396926,43.719403106596054],[-79.496952611897171,43.719110482612372],[-79.497789260273734,43.718971864560757],[-79.499582779732194,43.718674645797975],[-79.499851842098863,43.718635572022507],[-79.501009984628936,43.718427854729029],[-79.502201020823833,43.71825723723525],[-79.503587006186436,43.718076276935726],[-79.505615679422419,43.717849264644457],[-79.506459132029264,43.717744229459058],[-79.507701185219787,43.717589600977256],[-79.507791655842482,43.717580539583437],[-79.510114271839512,43.71734771121929],[-79.512973175039278,43.717030020216924],[-79.516128169057538,43.716669253300445],[-79.518090642078135,43.716453964535987],[-79.518191980106479,43.716442849902869],[-79.518536213913421,43.716405088333268],[-79.518559581438367,43.716402519183241],[-79.518916559732006,43.716363899278505],[-79.520144920942215,43.716231001862432],[-79.520230659319026,43.716221724426141],[-79.520343612388046,43.716210497813613],[-79.524008135910933,43.7158459830449],[-79.524147617744319,43.715828581235918],[-79.524287607973619,43.715810351032928],[-79.524427461391966,43.715791589613467],[-79.524567029005652,43.715772125986142],[-79.524706534245851,43.715752095122568],[-79.524845865407372,43.715731470043465],[-79.524985109360117,43.71571025973175],[-79.525123968222388,43.715688374240649],[-79.525262814323924,43.715665894500532],[-79.525401424254127,43.715642757552338],[-79.525539760801692,43.715619017412742],[-79.525678010162508,43.715594791057299],[-79.525815998489293,43.71556983549155],[-79.5259537258395,43.71554429473661],[-79.526091341136876,43.715518186761884],[-79.52622868298927,43.715491376585994],[-79.526365813544615,43.715464098228246],[-79.526501342909242,43.71543640601918],[-79.526639291590001,43.715407587928212],[-79.526775663939858,43.715378463997091],[-79.528148262573126,43.71505414291844],[-79.529719341596262,43.714705378495431],[-79.530573176089092,43.71451576680392],[-79.535659068970617,43.71334332831573],[-79.536127324663042,43.713231430612275],[-79.537851448888858,43.712814564303933],[-79.537857216156979,43.712711056875364],[-79.537882347669992,43.712616517287692],[-79.537941934825909,43.712395957579211],[-79.538120112445725,43.712089846339175],[-79.538175150459082,43.712035820388806],[-79.538402635357642,43.71181970485258],[-79.538483488253121,43.711772331010842],[-79.538763867446804,43.711608053210007],[-79.538819289166,43.711573316524607],[-79.539127467825921,43.711378388076589],[-79.539395204919231,43.711072244102581],[-79.539598141230471,43.710712114357349],[-79.539572273869609,43.710343053401871],[-79.539459612430292,43.710001044215417],[-79.539325969063739,43.709659042117949],[-79.539129264236649,43.709313938008343],[-79.538901882889874,43.708999979371555],[-79.538527171295129,43.708735099930578],[-79.538127917828035,43.708488013945932],[-79.537645863710537,43.708316681537696],[-79.537412512408338,43.708261085299448],[-79.537179644695584,43.708264464746428],[-79.536758976743457,43.70833209232098],[-79.53629405834478,43.708336723518606],[-79.53590543081458,43.708201791203358],[-79.535836736273609,43.708116291695703],[-79.53565886597211,43.707894015950416],[-79.535556282418426,43.707552503695602],[-79.535467674360689,43.707152325706716],[-79.535447830136064,43.706851698388299],[-79.535442749986387,43.706779689787503],[-79.535496771860068,43.706374606765372],[-79.53550563748459,43.706280090647638],[-79.535541183900932,43.706086534228405],[-79.535600272263267,43.705690459807727],[-79.535723761255525,43.705323043280394],[-79.535950143552625,43.704992139457772],[-79.536020800840703,43.704776365651661],[-79.535961206289798,43.704589373918566],[-79.53578270844605,43.704505168994494],[-79.535437114790625,43.704480622163459],[-79.535015130284293,43.704546497525193],[-79.534579896565873,43.704682621290829],[-79.534129428697412,43.704826768081851],[-79.533657597138088,43.704934941290603],[-79.533170618901394,43.705007093844152],[-79.532706487862953,43.704998217312387],[-79.532190753318673,43.704966877256695],[-79.531938310101324,43.704930942970741],[-79.531710300469186,43.704899501988969],[-79.531157312084488,43.704782637481912],[-79.530741129284948,43.704584704104981],[-79.530382676164479,43.704301259756882],[-79.530096381084235,43.70402677856827],[-79.52971513206144,43.703824349590136],[-79.529406074298265,43.703549386495588],[-79.529170833520993,43.703253529775033],[-79.529031871372894,43.702896007389349],[-79.528779618298756,43.702561088599481],[-79.52856992775051,43.702415221470176],[-79.528255458429584,43.702320750201075],[-79.527735726864705,43.702230495647342],[-79.527213760476599,43.702078562494059],[-79.527176942926559,43.702066617554308],[-79.526649173627206,43.701888498475],[-79.526091989064,43.701650615171161],[-79.525972659256993,43.701597228750401],[-79.525901180603427,43.70156524541779],[-79.525577244276789,43.701420316733675],[-79.524971331741185,43.701237877729596],[-79.524442603526992,43.701047524905697],[-79.52385569166951,43.700861169355051],[-79.523328477057674,43.700685069079434],[-79.522820552294903,43.700460634633721],[-79.522352870007268,43.700278685114121],[-79.522136572333665,43.700185491922952],[-79.522098723181202,43.700162644990073],[-79.521806003476854,43.70004333519659],[-79.521433614037335,43.699869167796365],[-79.521179582043246,43.699716940440069],[-79.521042546551982,43.699529910077729],[-79.520940216962842,43.699282204538633],[-79.520796692947428,43.698982812023026],[-79.520690996492036,43.69875185824057],[-79.520315157748485,43.698249581928941],[-79.520040734432669,43.697970869550268],[-79.519753706057969,43.697721394856543],[-79.519486256715552,43.697470664916224],[-79.519146003834749,43.697278391914288],[-79.518815813292107,43.697121833345633],[-79.518003628755196,43.696949724514532],[-79.517606488230214,43.696923799657398],[-79.517194556611926,43.696842805767488],[-79.516781437036499,43.696813180916543],[-79.516339155768108,43.696800697196693],[-79.51587753420479,43.696884681255497],[-79.515696103303171,43.696918020078577],[-79.515477430726435,43.696958195639503],[-79.515049322419259,43.697019092507425],[-79.514655892050826,43.697043708141734],[-79.514574969334987,43.697054691058042],[-79.514456047536427,43.697069945339251],[-79.514298829124513,43.697090614067434],[-79.513903109470448,43.697197625181246],[-79.513535637063555,43.697248184509938],[-79.513103860698791,43.69723284262183],[-79.512653973404809,43.697108522523145],[-79.512245616738014,43.696949748281646],[-79.511964666085646,43.69669407844934],[-79.511922260408681,43.696497791787422],[-79.511899820959471,43.696387942400975],[-79.512028497831679,43.696085584643015],[-79.512235863770456,43.69578194914628],[-79.5124465784791,43.695484532784015],[-79.51264539066527,43.695171410083233],[-79.512742081057482,43.694818908799277],[-79.512765947170237,43.694514932529522],[-79.512816156096889,43.694239217344879],[-79.512927637252005,43.693971902418802],[-79.513289103698881,43.693383995532386],[-79.51329931572414,43.692384283617216],[-79.513313244788293,43.691982806226569],[-79.513273817854369,43.691573323860638],[-79.513201890129878,43.691162170968688],[-79.513112864256243,43.690783937709249],[-79.513009672380278,43.690516547951297],[-79.512961303832284,43.690391219373311],[-79.512873124097567,43.690012823756611],[-79.512742839760023,43.689613684753361],[-79.512735950721677,43.689592559471699],[-79.51263611481626,43.689221374958365],[-79.512552288392925,43.68882179847494],[-79.512383479018624,43.688474528699579],[-79.512150305136686,43.6881251142023],[-79.511855382574609,43.687823259508008],[-79.511619970018771,43.687478479791899],[-79.511441535504858,43.687150733348133],[-79.5114130946383,43.68709470307877],[-79.511264699206365,43.686802409469166],[-79.511111929029241,43.686456036241417],[-79.510974646916296,43.686075807394936],[-79.510879329624032,43.685700903144749],[-79.510865156163305,43.685654934825607],[-79.510764862721672,43.685329259068155],[-79.510647448228013,43.684974960645121],[-79.510474237845415,43.684658130646014],[-79.510364416874481,43.684445250737582],[-79.510284867264431,43.684267482097646],[-79.510233045799353,43.684124284941923],[-79.510193150992421,43.684020539429845],[-79.510117084448424,43.683822733436699],[-79.510011195052073,43.683516698264341],[-79.50977777738143,43.683219675266443],[-79.509537389961011,43.682913642046955],[-79.50924931820434,43.68263014245354],[-79.50889189241353,43.682441161298293],[-79.508447290788524,43.682364719882557],[-79.508420152731816,43.682364721884788],[-79.507944583534723,43.682396296519059],[-79.507448449977915,43.68243237117175],[-79.506917430398147,43.682400944958864],[-79.506405410102914,43.682342520284969],[-79.505969329284312,43.682225553851701],[-79.505702215669089,43.681960046811312],[-79.505632778725897,43.681645031350641],[-79.505542440272777,43.681294002594754],[-79.505466426113912,43.680920496783116],[-79.505528395246401,43.680564950928364],[-79.505762441149017,43.680236382412637],[-79.506115882703668,43.680011295186553],[-79.50655691418801,43.679835718100726],[-79.506936716725548,43.679597160838327],[-79.50716768500611,43.679349601416554],[-79.507242462415491,43.679268602865719],[-79.507440436173724,43.67890852851275],[-79.507459779491072,43.67887252198711],[-79.507684854693949,43.678453918851609],[-79.507893655027459,43.678035325368519],[-79.508076107868533,43.677598757705191],[-79.508275623301955,43.677162188483223],[-79.508520096811594,43.676752610495086],[-79.508834346651014,43.67638803318453],[-79.509244374075436,43.676036967265112],[-79.509697753905385,43.675766881070871],[-79.509860141883493,43.675685873290604],[-79.510216290595608,43.67551031624734],[-79.510727414255527,43.67522671878605],[-79.511220716189399,43.674965633083474],[-79.511656236948312,43.674650561211976],[-79.512047563972644,43.67432197234217],[-79.512300933899311,43.673934888436342],[-79.512417496655402,43.673583815182951],[-79.512439557069371,43.673516302849379],[-79.5124316742871,43.673057254129915],[-79.512354825290913,43.672580201193881],[-79.512249296699494,43.672116653233424],[-79.512090313852241,43.67167561412306],[-79.511965805881076,43.671225551822914],[-79.51186919083014,43.670784514791812],[-79.51184279232524,43.670608991610614],[-79.511803975657031,43.670343456404169],[-79.511738338064447,43.669893387656728],[-79.511632430803019,43.669474827599984],[-79.51151024380043,43.669123788043969],[-79.511486570949998,43.669056280437232],[-79.511343853792667,43.66865573541061],[-79.511273994085116,43.668277686347864],[-79.511457928364663,43.667895102392286],[-79.51178683303597,43.667593506265071],[-79.512163784852234,43.667354913414705],[-79.512529120505164,43.667143324589603],[-79.51279758224446,43.666859752796526],[-79.51298656381708,43.666544675739495],[-79.513075574860522,43.666166600477375],[-79.513080892235052,43.665757030049178],[-79.51304857568806,43.665342963224496],[-79.512955466567419,43.664937931608861],[-79.512868927525986,43.664519379138014],[-79.51280330838415,43.664105315898198],[-79.512693936851193,43.663709269139297],[-79.512583787486719,43.663322223674648],[-79.51240428840805,43.662921683611607],[-79.512211634335387,43.662633661419832],[-79.511718076942643,43.663016306103785],[-79.511536759734611,43.663187368031906],[-79.511350815739931,43.663353929456434],[-79.511145074105102,43.663547496527045],[-79.510925411792414,43.663700576523844],[-79.510681723262238,43.663880644359296],[-79.510377589472498,43.664078710850895],[-79.510123056909109,43.664236248114911],[-79.509981259879467,43.664326291979897],[-79.509681751700327,43.664479340504492],[-79.509378013777251,43.66463239758869],[-79.509073863770936,43.664776452555898],[-79.508781351544499,43.664893510803132],[-79.508555082635823,43.664965529665963],[-79.508408984384204,43.665006064531134],[-79.508143979554973,43.665087086759797],[-79.507786747591695,43.665181643703349],[-79.507710628832768,43.665200065600395],[-79.50761938297498,43.665222152000467],[-79.507392722636922,43.665258172234793],[-79.50716526898961,43.665298710740728],[-79.506854551531902,43.665339226812875],[-79.506539916838875,43.665393262273405],[-79.506229940592533,43.665415800933658],[-79.505964095352709,43.665447328795487],[-79.505623529081845,43.665474341067771],[-79.500217912756241,43.665807672679939],[-79.500145845558123,43.66580766379326],[-79.500073778365575,43.665812182533635],[-79.500001711162099,43.665812173556084],[-79.499929259567139,43.665812173534214],[-79.499857167564173,43.665812191469534],[-79.499785125144101,43.665816683023948],[-79.499713070313433,43.665821201536907],[-79.499641387463925,43.665825702002962],[-79.499569320212075,43.665830202422612],[-79.49949764974069,43.665834720801236],[-79.499425991615652,43.665843712799408],[-79.499354321117536,43.665848222086829],[-79.499283034946757,43.665857241001483],[-79.499233423551544,43.665861732346627],[-79.499265623085662,43.666073281972515],[-79.498970011352554,43.666131797379514],[-79.497314403401603,43.666415393574795],[-79.495551801536408,43.666757497348712],[-79.495111970535959,43.666829490070526],[-79.494723723455252,43.666887999491571],[-79.494419538694956,43.666905987717143],[-79.49389020504853,43.666950958325238],[-79.492787355179587,43.667033238273035],[-79.492643315087449,43.667049314479563],[-79.49262031270797,43.667052715501512],[-79.492443832910197,43.667078807843566],[-79.492329316991842,43.667094885602062],[-79.492188946332263,43.667116326277622],[-79.491941425036515,43.667153853663898],[-79.491767771170998,43.667184913897721],[-79.4909798551042,43.667315580823427],[-79.489728706667236,43.667590799063994],[-79.488380782056709,43.667899118709336],[-79.487020642037763,43.668206484918727],[-79.485678359910764,43.66850137032079],[-79.483670442020127,43.668968864356998],[-79.483564052451712,43.668993602772389],[-79.482000035415908,43.669347929648026],[-79.48079692008703,43.669615694495633],[-79.479950014219099,43.669804225981721],[-79.478040832256681,43.670229215031917],[-79.477642748588593,43.670325389087338],[-79.475194046128593,43.670854846206048],[-79.474579209766773,43.670987804779266],[-79.471124018559763,43.671781468410309],[-79.467623432041478,43.67253450867549],[-79.467079918017006,43.67264467369656],[-79.466582374791102,43.672751762124719],[-79.465675253505239,43.67295053965492],[-79.463539206709157,43.673426615484104],[-79.463050231020091,43.673536013597577],[-79.462490344833853,43.673661903801268],[-79.461523745821395,43.673877407290327],[-79.46120307458601,43.6739485173809],[-79.460526413331095,43.674086528053046],[-79.460017994347552,43.674195006334742],[-79.458969029687978,43.674432107544774],[-79.45871932380183,43.674488842995402],[-79.457647495071541,43.674722764342576],[-79.457125389201408,43.674844987696687],[-79.45662360366201,43.674955253618627],[-79.456305749387909,43.675025099842209],[-79.456088041248393,43.675072921454955],[-79.456001364727271,43.67509197092874],[-79.455966002138382,43.675099527424038],[-79.45599617135376,43.675138901823026],[-79.45604031570025,43.675197418399435],[-79.456084050864405,43.675255952803653],[-79.456126669982183,43.675314459758241],[-79.456168867518741,43.675372975536],[-79.456209915038627,43.675427008198902],[-79.456250571659226,43.675490015014489],[-79.456290437908009,43.675548538854649],[-79.456329547728203,43.675607062391329],[-79.456367873066171,43.675670068272545],[-79.456405423669949,43.675724099527642],[-79.456442595790065,43.67578711394404],[-79.456478593077293,43.675845618238583],[-79.456498162899379,43.675880235766563],[-79.45694924444426,43.676656185325804],[-79.457450057539447,43.677414805981492],[-79.457966488971181,43.678150404716966],[-79.458853903188938,43.679519071672445],[-79.45952592576306,43.680529475092676],[-79.460210051491657,43.681558457305066],[-79.460439925964309,43.681901469061707],[-79.460748086061926,43.682366934071538],[-79.46108170382405,43.682868493134315],[-79.461117722240431,43.682927013905328],[-79.461152959321495,43.682985534398874],[-79.461187417966471,43.683039553961876],[-79.461221489278358,43.683098065036006],[-79.461254416651045,43.683161085367665],[-79.461286543665878,43.683215104108768],[-79.461298534761156,43.683238916632241],[-79.461318292855282,43.683278124021712],[-79.461349238783981,43.683336642998974],[-79.461379080875233,43.683395161594319],[-79.46140848890127,43.68345368903605],[-79.461437140396313,43.683512189210468],[-79.461465007647519,43.68357519876843],[-79.461492096410495,43.683633725404924],[-79.461518438162273,43.683696725433286],[-79.461543989019532,43.683755233535877],[-79.461568758498871,43.683813759372114],[-79.461592743755418,43.683876758589086],[-79.461615550728098,43.683939766405985],[-79.461638410218782,43.683998291583826],[-79.46166007617073,43.684061290006255],[-79.461680960730675,43.684124315165889],[-79.461701091600844,43.684182812410647],[-79.461720028899109,43.684245827908057],[-79.461738618943798,43.68430883428406],[-79.461756802569482,43.684367339866661],[-79.461773817426959,43.684430363711215],[-79.461789663544963,43.684497860811632],[-79.461805118477614,43.684556383475055],[-79.461819838790902,43.684619379540052],[-79.461833752883265,43.684682402337188],[-79.461967366810796,43.685208969297584],[-79.462096454579509,43.685717576948299],[-79.462231075409036,43.686247978394469],[-79.462477321274278,43.687218274017511],[-79.462531951561147,43.687433495084889],[-79.462697317221668,43.68808505441546],[-79.462712378274958,43.688161570392609],[-79.46272822362684,43.688233585971773],[-79.462745257049122,43.688310102585675],[-79.462762653014565,43.688382136666156],[-79.46278119985773,43.688458653765707],[-79.462800171284741,43.688530661347635],[-79.462820293582254,43.688607178951578],[-79.462841150570881,43.68867919613939],[-79.462862838707338,43.688751213592553],[-79.462885280787106,43.688827740937015],[-79.462908494774993,43.688899767876336],[-79.462932499939825,43.68897628671543],[-79.462957277020536,43.689048296147242],[-79.462983220180135,43.689120314951687],[-79.463009523122309,43.689192351868385],[-79.463036632434381,43.689264371036238],[-79.463064892679839,43.689340882217174],[-79.463093540293329,43.689412901866731],[-79.463122944644795,43.689484939754905],[-79.463152001748441,43.68955695952009],[-79.463198470918798,43.689655979780277],[-79.463245706571215,43.689759518918358],[-79.463293739030036,43.689858557641543],[-79.463342540748954,43.689957578586892],[-79.463392099310568,43.690056608753395],[-79.463442454661006,43.690151156504946],[-79.463493573821154,43.690254678770991],[-79.463545477378588,43.690353709614712],[-79.463598128116601,43.690448240022164],[-79.463651570199303,43.690547289306913],[-79.463705409423483,43.690646320688458],[-79.463760414881406,43.690745352412669],[-79.46381580778268,43.690839874581414],[-79.463871967254519,43.690938906613873],[-79.463929295670724,43.691033438337421],[-79.463987006126999,43.691132470799452],[-79.464045500974123,43.69122700282901],[-79.464104737619351,43.691326035708251],[-79.464164795869053,43.691420568164496],[-79.464225226457856,43.691515100704152],[-79.464286823309848,43.691609633574657],[-79.464349177063681,43.691704166646502],[-79.464411925309136,43.691803209454733],[-79.464620644482338,43.692155620955347],[-79.464729205873823,43.69229711885788],[-79.464769633469501,43.692362210687264],[-79.464809056115186,43.692427671245291],[-79.464847846096319,43.692493275615149],[-79.464885767617162,43.692559185748308],[-79.464922944748878,43.692625365678552],[-79.464959377541931,43.69269172539363],[-79.464985863182278,43.692754994605913],[-79.465029749493027,43.692825155126073],[-79.465063837577929,43.692892108173616],[-79.465097044773358,43.692959384987823],[-79.465129520045153,43.693026805589007],[-79.465161226133347,43.693094441976804],[-79.465192076198221,43.693162294125379],[-79.465222057883835,43.693230272018731],[-79.465251295168528,43.693298501713343],[-79.465279788148806,43.693366812185218],[-79.46530740023816,43.693435419424503],[-79.465334156374482,43.693504098407075],[-79.465360168089902,43.693573047195727],[-79.465385435470253,43.693642112769048],[-79.465409846889727,43.693711250087304],[-79.465433389846936,43.693780621170461],[-79.465456051980141,43.693850145003736],[-79.465477957398392,43.693919722610893],[-79.46549914323829,43.693989489022947],[-79.465519324170103,43.694059444154242],[-79.465586925495074,43.694291931893211],[-79.465600507383499,43.694339246770895],[-79.465653770438678,43.69452469839549],[-79.465719908738862,43.694757527646296],[-79.465785166681783,43.694990464601311],[-79.465849519430677,43.695223536258489],[-79.46591331437439,43.695456679713871],[-79.465976216481792,43.695690011885468],[-79.46603837473107,43.695923325789316],[-79.46610250615872,43.696156379197589],[-79.46654531487745,43.697759053892185],[-79.466549079213337,43.697771971839721],[-79.467102403119029,43.699673482818802],[-79.467855707623158,43.702261646515289],[-79.467914435820759,43.702462112498822],[-79.467972270977199,43.702662776223043],[-79.468029275192663,43.702863502687457],[-79.468085622090939,43.703064426960985],[-79.468141113247086,43.703265359962437],[-79.468195847836242,43.703466445741086],[-79.46824985064255,43.703667729311256],[-79.46830297286327,43.70386903060718],[-79.46835536330515,43.704070493691702],[-79.468406997231014,43.704271956536004],[-79.468457775272654,43.704473608140489],[-79.468507920770534,43.704675430565224],[-79.468518704738187,43.704719701808081],[-79.468557098784117,43.704877279698529],[-79.468605619485004,43.705079182630648],[-79.468653271858102,43.705281283324936],[-79.4687002173102,43.705483365796063],[-79.468746393691561,43.705685628055953],[-79.468791813472862,43.705887935089827],[-79.468836364946398,43.70609034087574],[-79.468877193932045,43.706293456724154],[-79.46935213610459,43.708682837412979]]]},"properties":{"AREA_NAME":"12"}},{"type":"Feature","geometry":{"type":"Polygon","coordinates":[[[-79.391964935838288,43.637397958444069],[-79.391912148094704,43.637578962320674],[-79.39188927121694,43.637653724159044],[-79.392241592783577,43.638493318473927],[-79.392300465690454,43.638638530194882],[-79.392339224377139,43.638748347521592],[-79.392364502847116,43.638820922438924],[-79.392435122644599,43.639023636946597],[-79.393004607410418,43.640562821799428],[-79.393344174212189,43.641344035437861],[-79.393399834383146,43.641479711067312],[-79.393425825650183,43.641543077973971],[-79.393515511984006,43.641761732922504],[-79.393690486100496,43.642171107231128],[-79.393928844147084,43.642738991237103],[-79.394113574620036,43.64317192146973],[-79.394292271188334,43.643590776648558],[-79.394487419798764,43.644030259842381],[-79.394575667170542,43.644282208604764],[-79.394624903393421,43.644422828397325],[-79.394772005650225,43.64478811346239],[-79.394785384286578,43.644821331828275],[-79.394888475346391,43.645078136711817],[-79.395046838361438,43.645470507851016],[-79.39525172346508,43.645948902445632],[-79.395365611597796,43.646214853128974],[-79.395570791615782,43.646740585545345],[-79.39582974454018,43.647397813497413],[-79.395969644011373,43.647807836052067],[-79.39607454733212,43.64803315460923],[-79.396199716956502,43.64833169055634],[-79.396212309297965,43.648361721537952],[-79.396381603312065,43.648765532258516],[-79.396638515856864,43.649437266492725],[-79.396884568028781,43.650069474300018],[-79.397239100819377,43.650902284368037],[-79.397604260253971,43.651812307385882],[-79.397636135433416,43.651898190888346],[-79.397781488613461,43.652263668068436],[-79.398049982983423,43.652944320419479],[-79.39844581712623,43.653896044051898],[-79.398644857228092,43.65440353704961],[-79.398830593089855,43.654914060339713],[-79.398926211151064,43.655138026581504],[-79.399231373559928,43.655851410143526],[-79.399315618409474,43.656102109012508],[-79.399591455987334,43.656749089702508],[-79.399841088807165,43.657404318937289],[-79.399853803236141,43.657437716081972],[-79.400048422819026,43.657948523947333],[-79.400217484081395,43.658359889241126],[-79.400254430736467,43.658449736935196],[-79.400469246462336,43.658972506402037],[-79.40102921831047,43.660367769148053],[-79.401090160526948,43.660516947173093],[-79.401410681729487,43.661302465301709],[-79.401762447313629,43.66219255986708],[-79.401772497068791,43.662218942435082],[-79.402109263260797,43.663052341459448],[-79.402414685580865,43.66385220063119],[-79.402732093933949,43.664636676786486],[-79.403109381099256,43.665510504984468],[-79.403870737912101,43.666657287866272],[-79.404186507479054,43.66746418054386],[-79.404772708495216,43.668962078048509],[-79.4053051218484,43.670308714283593],[-79.406041888700159,43.672188151376226],[-79.407122763920384,43.674857324212866],[-79.407333814927981,43.675429016408323],[-79.407847979460314,43.675322181316574],[-79.411360894925096,43.674595915212201],[-79.412186097020182,43.67443152186172],[-79.413716168834625,43.674111510815116],[-79.414674868194979,43.673914318336003],[-79.414693178165024,43.673910425427152],[-79.41674933807947,43.673473207846691],[-79.417105195542916,43.673399601588365],[-79.419625597082685,43.672878325521651],[-79.42181894973092,43.672424991673026],[-79.421853085969261,43.672418480051995],[-79.42292942803472,43.672213170447364],[-79.42697310304041,43.671441954140469],[-79.429396413786193,43.670972716105339],[-79.432945862793161,43.670285288470055],[-79.433009032285938,43.670273596774706],[-79.43338035416069,43.670209031210412],[-79.433549347404622,43.670177615917432],[-79.433715624729231,43.670146207800961],[-79.433881517452136,43.670114808221307],[-79.434047422432513,43.670083381403821],[-79.434212910516123,43.670047471443119],[-79.434378447995201,43.670011570272301],[-79.434543576077814,43.669975650624437],[-79.434708307145584,43.669939730511047],[-79.434873050398224,43.669903828169609],[-79.435037781083295,43.669867898579405],[-79.435201747551162,43.669827494657206],[-79.43595294642931,43.669665858056092],[-79.436286648817415,43.669603044223656],[-79.436620781627113,43.669531201320261],[-79.436634333844935,43.669520857302942],[-79.43928957365091,43.669006495038815],[-79.43927908110804,43.668983698094095],[-79.439035926443196,43.668464830909649],[-79.438904801801868,43.668151082461328],[-79.438700002927533,43.667660805213323],[-79.438408248032857,43.666962522902203],[-79.438185038961478,43.666428272185442],[-79.437924220011155,43.665851145202261],[-79.437807590965264,43.665560140600128],[-79.437616520081335,43.665121284298316],[-79.437438263650193,43.664715361553249],[-79.437059398383298,43.663859495287973],[-79.436704027907112,43.663027179157559],[-79.436678362833689,43.662967080991884],[-79.435531312868648,43.66027246382874],[-79.435327202433911,43.659861221071317],[-79.434980134278959,43.65893922327232],[-79.434745735901274,43.658328690300742],[-79.434509657804156,43.657636765618946],[-79.434313436551037,43.657122612943581],[-79.434277224806365,43.657029266128703],[-79.434225299511638,43.656895548204069],[-79.433538918568544,43.655127582699166],[-79.433365487637602,43.654680852560936],[-79.433207997198139,43.654238686125119],[-79.433067937027218,43.653865813078752],[-79.432969224916548,43.653602870646004],[-79.43293260052485,43.653483050117522],[-79.432747095688171,43.653054908631546],[-79.432696923842116,43.652922397133146],[-79.432562178579943,43.652569194476591],[-79.432257652400367,43.651725524147913],[-79.432056589976185,43.651196169903123],[-79.431947526674548,43.650919016166412],[-79.431593258459756,43.650009325220516],[-79.431453746954929,43.649651014452999],[-79.430718811507347,43.647711893702805],[-79.430628703780968,43.647475967278645],[-79.43038086995891,43.646844064738055],[-79.43003728523037,43.6459659696296],[-79.429845775404843,43.645473567428077],[-79.429698732626306,43.645096814808205],[-79.429677006341706,43.645041145978226],[-79.429513751131893,43.644623174845464],[-79.42935071428191,43.644200612884894],[-79.429192521974358,43.643792230821369],[-79.428892922487307,43.643031536940754],[-79.428751590854404,43.642551954805917],[-79.428644198652663,43.642208422409716],[-79.429724593115537,43.641999449677272],[-79.430121895954102,43.641925386880864],[-79.431589199302323,43.641625502446701],[-79.432369419735622,43.64147459957077],[-79.433152773312045,43.641300262617676],[-79.434177260233582,43.641091845158833],[-79.434516994497443,43.641025961170506],[-79.435413744320229,43.640842123148936],[-79.435942847021437,43.640734764394708],[-79.436668943269623,43.640583495761419],[-79.437277194181405,43.6404510067971],[-79.437922908586216,43.640332838130959],[-79.439114944341753,43.640103314007987],[-79.439863273846882,43.63995118177629],[-79.440964079176112,43.639739845121532],[-79.441181315750228,43.639688415210678],[-79.442221911877141,43.639490672526897],[-79.44249601347903,43.639437198524824],[-79.443825280064161,43.63918150018241],[-79.446219421588182,43.638715344974798],[-79.446144340492808,43.638296052357191],[-79.446135596710334,43.638247233752438],[-79.446088523694073,43.637984290239601],[-79.446027457302193,43.63766709776651],[-79.446001864502179,43.637514098203411],[-79.446079293003166,43.637274247929774],[-79.446096531001487,43.637054487317421],[-79.446102864591722,43.636943161207746],[-79.446110331390656,43.636811924571553],[-79.446156293070075,43.636042219950646],[-79.446016953401113,43.636026590844224],[-79.445987487782602,43.636033327964071],[-79.445736931151643,43.635931601686288],[-79.445343648726563,43.635764177616373],[-79.444761009373892,43.635514118151107],[-79.444219131634426,43.635283131534258],[-79.443913245286126,43.635153866002099],[-79.443917416827588,43.635079327577564],[-79.443918246042045,43.635013923918478],[-79.443597270635109,43.634880329466398],[-79.443224856931067,43.634715077705408],[-79.443033442443863,43.63474080745678],[-79.443022789366893,43.634722196283192],[-79.442969426647252,43.634719064196169],[-79.442924594124179,43.634725243776373],[-79.442832754973878,43.634756207661262],[-79.442824199795979,43.634773261008789],[-79.442779382549205,43.634776344062935],[-79.442679035510295,43.634813514521355],[-79.442527413208509,43.634867698747698],[-79.44244629982235,43.634892456757093],[-79.442177318797604,43.634926454275615],[-79.442004385685095,43.634948060013471],[-79.441906179104819,43.634949576390433],[-79.441791600628903,43.63493850041106],[-79.441621228079924,43.634939349678078],[-79.441437683430792,43.634925312653976],[-79.441273346767375,43.634900420531807],[-79.441140999002485,43.63487399640956],[-79.441036441520595,43.634830537846746],[-79.441002320605875,43.634807260662001],[-79.440966052630202,43.634787087836358],[-79.440882833944443,43.6347591315347],[-79.440724927974301,43.634698578458078],[-79.44053501924482,43.63460391127019],[-79.440466758032343,43.634565115774016],[-79.44031742724377,43.634468912107138],[-79.440202226507381,43.634386678250344],[-79.440057175262567,43.63427497609144],[-79.439995317353933,43.634228424473697],[-79.440006052454819,43.634213388790918],[-79.440041741728223,43.634179229249874],[-79.44006653909581,43.634143290714526],[-79.440006246170626,43.633906540615598],[-79.439960906646434,43.633874552886894],[-79.439922789611828,43.633857781280241],[-79.439803503016464,43.633823036184921],[-79.439775964305255,43.633848999684098],[-79.43971823721057,43.63382399941019],[-79.439745776510577,43.633785055924619],[-79.439409028425416,43.633614094613719],[-79.439392521164919,43.633626075711589],[-79.439290805345095,43.633570087117782],[-79.43930594635448,43.633561102771196],[-79.43928745646356,43.633548193964515],[-79.439320524489119,43.633421778028932],[-79.439357834520408,43.633230032256286],[-79.439355097345711,43.63321603364566],[-79.439264800249362,43.633143731564694],[-79.43917492704891,43.633105994968467],[-79.439052097023037,43.63307219234499],[-79.439008652716623,43.633066732336175],[-79.438875360197002,43.632999195737384],[-79.438688149111769,43.632904409877938],[-79.438616254974534,43.632882605938839],[-79.438472461873502,43.632807439052975],[-79.438202875027031,43.632689699495437],[-79.438022918168969,43.632628788690091],[-79.437829910133829,43.632569652778962],[-79.43772667455994,43.632536372461878],[-79.437611569592406,43.632488341298675],[-79.437596342910382,43.632472346520338],[-79.437525264515656,43.632441567953599],[-79.437286597552216,43.632339334512807],[-79.437181655427153,43.63229130848984],[-79.437132571722955,43.632275295039676],[-79.437076692939925,43.632262959396812],[-79.437052982067613,43.63225434101485],[-79.436942579939043,43.632166075552718],[-79.436800828290274,43.632121386387347],[-79.43664506415432,43.632073322761215],[-79.436377605376563,43.632000623020083],[-79.436357302717013,43.631992006390199],[-79.436369165772462,43.631977250714087],[-79.436335296957878,43.63196492695706],[-79.436350556211494,43.631937877275156],[-79.43596969970578,43.63179992531613],[-79.435932383833233,43.631847872818575],[-79.435886667043079,43.631847847188382],[-79.435842228210802,43.631811456640072],[-79.43566545991456,43.631716977718774],[-79.435516537312736,43.631635251200649],[-79.435354546943373,43.631547828219517],[-79.435255278776381,43.631492728536834],[-79.435189960709437,43.631454705655443],[-79.435132491451327,43.631424320369966],[-79.435080233457825,43.631399599889889],[-79.434858123641263,43.631315940632199],[-79.434471397173425,43.631180941779647],[-79.433826736895597,43.630952376159613],[-79.433649830254453,43.630887427594281],[-79.433655548409334,43.630860174698391],[-79.433623715974818,43.630845285920749],[-79.433591878105005,43.630835347896607],[-79.433561138628946,43.630829542140852],[-79.433517919889695,43.630823729120166],[-79.433484929171001,43.630825366185782],[-79.433200740747594,43.630760876533877],[-79.433161279077027,43.630753211286823],[-79.431720280540958,43.630433017303716],[-79.430417612252199,43.630195675231661],[-79.429481356913087,43.630023606988622],[-79.427775476449938,43.629793483518377],[-79.427212293681677,43.629722843442487],[-79.425964023036371,43.629657339827695],[-79.425821335225734,43.629679921840996],[-79.424574408075955,43.629770794137066],[-79.424451278755257,43.629780128289916],[-79.424402224880325,43.629784191495759],[-79.424291117038265,43.62979274130246],[-79.424188559586469,43.629801512705185],[-79.423859273129594,43.629829180179271],[-79.423771545629563,43.629840751516099],[-79.423702681403441,43.629850598107701],[-79.420812300836943,43.630072317128352],[-79.420513280175399,43.630094955143811],[-79.420356052075235,43.630108869884182],[-79.420226948080114,43.630118357348948],[-79.420142020071921,43.630129981861685],[-79.418697671484352,43.629498245149456],[-79.418684497473009,43.629453057783451],[-79.418427585013745,43.629496198461091],[-79.418032372360585,43.628227772259905],[-79.418429985497156,43.628170159680828],[-79.41847568164944,43.628201724167191],[-79.418528585750806,43.628227253835533],[-79.418564245942861,43.628230195696013],[-79.418597059345359,43.628221460707849],[-79.418617199154582,43.628210187296503],[-79.418625283249625,43.628197654106678],[-79.418627025473398,43.628173837653151],[-79.418623605314465,43.628155445366609],[-79.418622005520504,43.628128800095617],[-79.418633850423006,43.628075034186587],[-79.418652179939031,43.62803694432111],[-79.418670507466175,43.628009503102788],[-79.41868150178162,43.627989149765575],[-79.418707130971995,43.627968797833667],[-79.418732770135819,43.627950228179529],[-79.41875838975119,43.627936960328114],[-79.418809619425133,43.627917499698732],[-79.418844986689408,43.627907776299054],[-79.418875469130285,43.627899831698556],[-79.418904735969519,43.627892768364497],[-79.418943765235014,43.627887494221717],[-79.418977892566602,43.627887518414042],[-79.418997374160355,43.627914095340429],[-79.419071725027351,43.627923869506716],[-79.419104658155334,43.627908842481034],[-79.419143656042166,43.627917727444348],[-79.419187529242819,43.627931926664658],[-79.419231400077678,43.6279479081429],[-79.419263072553846,43.627967409537298],[-79.419299607963595,43.627992234180979],[-79.419322753662726,43.62801260267458],[-79.419345267335117,43.628042278161153],[-79.419352164742861,43.628064489471576],[-79.4193598152101,43.628098106081538],[-79.41936098874109,43.628137956089716],[-79.419353615361842,43.628175144656709],[-79.419336511349755,43.628205242258858],[-79.41929497251347,43.628270734102166],[-79.419268085099858,43.628323868359608],[-79.419248520809361,43.628368132407154],[-79.419228951209618,43.628407085623834],[-79.419206998367272,43.628421229306461],[-79.419185037850113,43.628431844432342],[-79.41916694274542,43.628443128390487],[-79.419169919449899,43.628468919493393],[-79.419172734819185,43.62849489050997],[-79.419182825864624,43.628519714491439],[-79.41920810332752,43.62853995849386],[-79.41923655502886,43.6285588185183],[-79.419256779037326,43.6285772136535],[-79.419278898416849,43.628596078196004],[-79.419301011668395,43.628619533441437],[-79.419319954421496,43.628641600230075],[-79.41934079991637,43.628658627576733],[-79.419361672674086,43.628673809652739],[-79.419387267137168,43.628688761018253],[-79.419412886271644,43.628694530972332],[-79.419431854314084,43.628697712832988],[-79.419459823288435,43.628697696535561],[-79.419485427237717,43.628696283349328],[-79.419507094324146,43.62869200494184],[-79.419530758441553,43.628686296714122],[-79.419550448515437,43.628677723241267],[-79.419564268533335,43.628666301194059],[-79.419586946997498,43.628647000154395],[-79.419591902884264,43.628629117867938],[-79.419595869313525,43.628600505222124],[-79.419597885425333,43.628566166316901],[-79.419603819350343,43.628548977824998],[-79.419617659372349,43.628513216011925],[-79.419638386483513,43.628479610371997],[-79.419653187334191,43.628457441336884],[-79.419676871329571,43.628427420323241],[-79.419704477879733,43.62840167772265],[-79.41972221370672,43.62839024040332],[-79.419742924580746,43.628378076056805],[-79.419765599071795,43.628361637421747],[-79.419790238170279,43.628349493826327],[-79.41981387734252,43.628343785522162],[-79.419839973476243,43.628344883991062],[-79.419855716137903,43.628359927359483],[-79.419850271848105,43.628381733924307],[-79.419821667366975,43.628412471634853],[-79.419800946077814,43.628441792648218],[-79.41977432899661,43.628459659745211],[-79.419751648734817,43.628480410046123],[-79.419731929232753,43.628501855528789],[-79.4197181064132,43.628524745372417],[-79.419706244417156,43.628554774698053],[-79.419698330693109,43.628579090909717],[-79.419696326070564,43.62860484249358],[-79.419696287962111,43.628633466903786],[-79.419697246000993,43.628658500456901],[-79.419697374550339,43.628682948336547],[-79.419717361738023,43.628711820847492],[-79.419735064349695,43.628734723825865],[-79.419748819597658,43.628753339366391],[-79.419687686575358,43.628801957976648],[-79.419701474253415,43.628814830655458],[-79.419529954903368,43.62892634534979],[-79.419509265807775,43.628912729677168],[-79.419358469385642,43.62901207981416],[-79.419431116331452,43.629185263858844],[-79.419416471286226,43.629201924118846],[-79.419626366265717,43.629316551613307],[-79.420056288912932,43.629251574956996],[-79.420303385329916,43.629235977042406],[-79.420972219630642,43.62918691568629],[-79.421510582230823,43.62914224360604],[-79.422466407975747,43.629061838304629],[-79.422484238640436,43.629043847607115],[-79.422489706063118,43.629003345038257],[-79.422423925299412,43.628967294839981],[-79.422380604112917,43.628917775765807],[-79.422331124150304,43.628868225486457],[-79.422273116902574,43.628800675599194],[-79.422214329867117,43.628742126546229],[-79.422170264711966,43.628683605488995],[-79.422130479978861,43.628611558232741],[-79.422088353231786,43.628539518367035],[-79.42206171081267,43.628471989740305],[-79.422053289780351,43.628390971438492],[-79.422073591904635,43.628291969926217],[-79.42208762515169,43.628210966928265],[-79.422118716273914,43.628134485248999],[-79.422179970114499,43.628067016491514],[-79.422264903251573,43.627981543008964],[-79.422284692010692,43.627963220618923],[-79.422525678888107,43.627740698641453],[-79.422513779732114,43.627675457454565],[-79.42248693202643,43.627603671116802],[-79.422451086284994,43.627542779360134],[-79.422397250109725,43.627499248077044],[-79.422343397209147,43.627468768782734],[-79.422247630809352,43.627451294986969],[-79.42217581220126,43.627438221096547],[-79.422133908668727,43.627433844887761],[-79.421978225743516,43.627446772764976],[-79.421792563486434,43.627481445303019],[-79.421576963397783,43.62752481035826],[-79.421469174581176,43.627537779388696],[-79.421373373219097,43.627537731541359],[-79.421247673984141,43.627515888642236],[-79.420900529575022,43.627411277774939],[-79.42069108686745,43.627332856515757],[-79.42046371103649,43.62722831834386],[-79.420353018413977,43.627169552165448],[-79.420308153746234,43.627136899834298],[-79.420278290873881,43.627089036584501],[-79.420254406615499,43.627036829822003],[-79.420236507603562,43.626984627230243],[-79.42023740228737,43.626926523830988],[-79.420121720906096,43.626845772530629],[-79.420025384017791,43.626792497912447],[-79.419955980655644,43.626781233596695],[-79.41983642687687,43.62678955713119],[-79.419728400949523,43.626823110553275],[-79.419589504659939,43.626867821899936],[-79.419496898652511,43.626906993818814],[-79.418510107076898,43.626586961064184],[-79.418467681861813,43.626584131379637],[-79.418294153027759,43.626581217054273],[-79.418232510984723,43.626530747146695],[-79.418163123414786,43.626508311017687],[-79.416755841895423,43.626319624776741],[-79.416605452097613,43.626305526994578],[-79.416165796775445,43.626333226781576],[-79.41513219141747,43.626427743939445],[-79.414981771241614,43.626452863093057],[-79.414912342096073,43.626469608048161],[-79.414866019855594,43.626497585913732],[-79.414858255845104,43.626519993614004],[-79.414885209257179,43.626545217600757],[-79.414962303210388,43.626567688456021],[-79.415070296356006,43.626567777738103],[-79.41652046422189,43.626417514377913],[-79.418170676201285,43.626631572573807],[-79.418367345211664,43.626640102482511],[-79.418378872525594,43.626665314628717],[-79.41846905865539,43.626711511149971],[-79.41861918278974,43.626767453790841],[-79.418633953732908,43.626776609725468],[-79.418395505473498,43.627047579872446],[-79.418110372584195,43.627092220944348],[-79.417754941801491,43.626936142591617],[-79.41772844837476,43.626972417164616],[-79.417854268933468,43.627367479966694],[-79.417353847303829,43.627939320077232],[-79.416230847299644,43.62813069150809],[-79.416119229783845,43.628079373717931],[-79.416142784808144,43.628045230700522],[-79.416090133061275,43.627865857248381],[-79.415634847021167,43.62766696935828],[-79.41552366184483,43.627316759912546],[-79.415570754040687,43.627261265081479],[-79.41555551258763,43.627216678904105],[-79.415544712778086,43.627168261410411],[-79.41554878090345,43.627130269516663],[-79.415661683633928,43.626952071182195],[-79.415645635935746,43.626925775260176],[-79.415625528169954,43.626914049602561],[-79.415587316195257,43.626911113941986],[-79.415561145017605,43.626919861975963],[-79.415541004618333,43.62694030727549],[-79.415468444082762,43.62704253652813],[-79.415218924490929,43.627103732283643],[-79.414965372913628,43.627159082587802],[-79.414768191042711,43.627188172286431],[-79.414571025541775,43.627205568841759],[-79.414414104408834,43.627199618564049],[-79.414245175779669,43.627184873700429],[-79.41410438899932,43.627161400377034],[-79.413895241405726,43.627117424236353],[-79.413814823503856,43.627088136099772],[-79.413734389117579,43.627061764346863],[-79.413680078362475,43.627051488761879],[-79.413625780004736,43.627041222161822],[-79.413557389973604,43.627041188472006],[-79.413456801860775,43.627052796182319],[-79.413368258058867,43.627081965657375],[-79.413281690363618,43.627124269601772],[-79.413213183171322,43.627179765238473],[-79.413176927921995,43.627220658061958],[-79.413136645552967,43.627252762449977],[-79.413056118531742,43.627290714135697],[-79.412989704098408,43.627312582008322],[-79.412900432207408,43.627330651842712],[-79.41265570168828,43.627376642289107],[-79.41251484730104,43.627399902211337],[-79.412359926268778,43.627415878048097],[-79.412225134103664,43.627420167315456],[-79.412094365394779,43.627418608609652],[-79.411963638151079,43.627414115330758],[-79.411879167814064,43.627402375437676],[-79.411770579659276,43.627375989600722],[-79.411670029621249,43.627352517322798],[-79.411613688371347,43.627349557323647],[-79.411537289105183,43.627343647321695],[-79.411448770156596,43.62734652224654],[-79.411352187983354,43.62735520575319],[-79.411247580157934,43.627360984497848],[-79.411157017654944,43.627379916102761],[-79.411062431013548,43.627413444771328],[-79.410951734322225,43.627455746177262],[-79.410849066843397,43.627506803095301],[-79.410746294875025,43.627561361382462],[-79.410525519981775,43.62771277232234],[-79.41035524545434,43.627836210097747],[-79.410218326148964,43.627945136562616],[-79.410148131797442,43.62804927257374],[-79.410094593557005,43.628160694767992],[-79.410071077327828,43.628274543928285],[-79.410077590456211,43.628386004332192],[-79.410090657006592,43.628565313404259],[-79.410120502894642,43.628669537023889],[-79.410163676705182,43.628802809608146],[-79.410186803343109,43.628950630681516],[-79.410196663115286,43.629045126066032],[-79.410234086261724,43.629129192476007],[-79.410241456415562,43.629206286203754],[-79.410188003887185,43.629259568481785],[-79.410101175012031,43.629332168488375],[-79.409984369610939,43.629387822207683],[-79.4098709053508,43.629421641059743],[-79.40968407890206,43.629455428868091],[-79.40946724405903,43.629477058731446],[-79.40930045254845,43.62949632452608],[-79.409197006472411,43.629518043781914],[-79.409136930223994,43.629566450550158],[-79.40910010164167,43.629656075152234],[-79.409076614383963,43.629740849600367],[-79.409076534000491,43.62979417379055],[-79.409113129041401,43.629859616015217],[-79.409169720995209,43.62994444511525],[-79.40922630068863,43.630029292179096],[-79.409266196743502,43.630116565350725],[-79.40930934272717,43.630259532701395],[-79.409359398701071,43.630438943147254],[-79.409387239876949,43.630524532452789],[-79.409445795616875,43.630696982512049],[-79.409473459418621,43.630818343182902],[-79.409473376309521,43.630890228230598],[-79.409461792034662,43.630929672155766],[-79.409460852252678,43.630977837857202],[-79.409460819677832,43.631016048737905],[-79.40969638861533,43.630983875061027],[-79.409872626233224,43.630956991963068],[-79.409912202247767,43.63095258547142],[-79.409990652667034,43.630940567399179],[-79.409996460118052,43.63102673329027],[-79.409996394218467,43.631070894064244],[-79.409996136109058,43.631110986057678],[-79.409992108975246,43.631152200257283],[-79.409632081786299,43.631224953513453],[-79.408792532067253,43.631700163294155],[-79.408624412198009,43.633066412914538],[-79.407931545429207,43.63299301776815],[-79.406648410297606,43.632851294472566],[-79.405063431159988,43.633116268268971],[-79.403442385891282,43.633381747705577],[-79.401606074177678,43.634199443165997],[-79.400305906250495,43.632921902003325],[-79.401677379269884,43.632180799272618],[-79.402924405715368,43.631510847391283],[-79.402943312512249,43.631467386728424],[-79.403026181106071,43.631283108571985],[-79.402853700977317,43.631236694981929],[-79.402876357200057,43.631188952852092],[-79.402334266900695,43.631036277490438],[-79.402315806190444,43.631018366951608],[-79.402237675073863,43.631054107697068],[-79.402243790640711,43.631080973078092],[-79.402194466408673,43.63109734042542],[-79.402163590675485,43.631139116465818],[-79.402034065670478,43.631198684764762],[-79.402009448327362,43.631179265668564],[-79.401672023831324,43.631360921054181],[-79.398863044496451,43.632876959880363],[-79.398250511553954,43.633192203029466],[-79.397922936964974,43.633362028226287],[-79.397605230528214,43.633550746228941],[-79.397591090701042,43.633564937752027],[-79.397592837149517,43.633631198527205],[-79.397656429760588,43.633702114394893],[-79.397736575525784,43.633782829542653],[-79.39768276461561,43.633819300019738],[-79.39761496784476,43.633852193397033],[-79.397459280968732,43.633716123913089],[-79.397437100356299,43.63369973949397],[-79.397352740642617,43.633692309644736],[-79.396804011830994,43.633988501326932],[-79.39550060189795,43.634693386010227],[-79.396950238758478,43.636418241954154],[-79.396953300491603,43.636432457897278],[-79.396956913557815,43.636450409911028],[-79.395966715547473,43.636539247866395],[-79.395947403038818,43.63651232515744],[-79.394976095179942,43.63534605483585],[-79.394473162909961,43.635455570598481],[-79.392877529052186,43.63622888062072],[-79.391910268942155,43.636317938970919],[-79.391885605378448,43.63632495472968],[-79.39187296670201,43.636344097718585],[-79.391879098517961,43.636359621901939],[-79.391901907265265,43.636370994215561],[-79.391923667574446,43.636372653041519],[-79.392915006840454,43.636285039355606],[-79.394482927254373,43.635520299563225],[-79.394660267278454,43.635725181586807],[-79.395262321327351,43.636445386354843],[-79.395200027829191,43.636532597668349],[-79.395138593417059,43.636617451372409],[-79.394773650428533,43.636651546322263],[-79.393882441502328,43.636736541692947],[-79.393499126990633,43.636772082743299],[-79.393453410330935,43.636762867735229],[-79.393398235202923,43.636754814068816],[-79.393374579636429,43.636752496655049],[-79.393354080412507,43.636752477533349],[-79.393332003125039,43.63675475228797],[-79.3933020310633,43.63675700166727],[-79.39327837776149,43.636760409114665],[-79.39325313197277,43.63676725359813],[-79.393216849652717,43.636777535296751],[-79.393191597759397,43.636787818288816],[-79.393174228273537,43.636798108641401],[-79.393153722941605,43.636801528006011],[-79.392885842568504,43.63683039679033],[-79.391859620957121,43.636930291112272],[-79.391843245908035,43.636890426503591],[-79.391623377428161,43.636367949073218],[-79.391602776243445,43.636355777674204],[-79.391582987377319,43.636360547644095],[-79.391567592506561,43.636368517269254],[-79.391558779592316,43.636382866115063],[-79.391591573633846,43.636472271946175],[-79.391779737981267,43.636919287840456],[-79.391964935838288,43.637397958444069]]]},"properties":{"AREA_NAME":"14"}},{"type":"Feature","geometry":{"type":"Polygon","coordinates":[[[-79.578903179305215,43.762076520208979],[-79.579055570035166,43.762125480362194],[-79.579184246015856,43.76217933538554],[-79.579424749662152,43.762309172614216],[-79.579780092591349,43.7624155081525],[-79.579891733674231,43.762528079985593],[-79.579913865549997,43.762546741969551],[-79.580002602699196,43.762610849329363],[-79.580100132559963,43.762683789619928],[-79.580179274938615,43.76273324963833],[-79.580267764661528,43.762769795340702],[-79.580351722640529,43.762807352292818],[-79.580424641291216,43.762846195119323],[-79.58047818140966,43.762882198170409],[-79.58064388180388,43.763017918229622],[-79.590415315714125,43.760779833584564],[-79.592912735888973,43.76021427540266],[-79.59607162454688,43.759493774148829],[-79.597011102075683,43.759279103379363],[-79.599663713277309,43.758694048182349],[-79.602057408703658,43.758163160990293],[-79.603399514552606,43.757865131471462],[-79.604883681801184,43.757527476681503],[-79.608117608658063,43.756802846813876],[-79.608561613622584,43.756703358829668],[-79.611227560394113,43.756112162569352],[-79.613186657445837,43.755665328301838],[-79.614064096539266,43.755476745120212],[-79.614216437704158,43.755441155286675],[-79.617089239477949,43.75479610318294],[-79.619841996181066,43.7541878206167],[-79.624911522000033,43.753050744259788],[-79.625035606452428,43.753024082055198],[-79.629524731259139,43.752009004527402],[-79.630136872554885,43.751863659920005],[-79.630806363595937,43.751711018448788],[-79.631127347801197,43.751639685192629],[-79.631311522532712,43.75159398168627],[-79.63188516652805,43.751467952498324],[-79.632173913354123,43.751413872790032],[-79.632405678781566,43.75137779776724],[-79.63254710706795,43.75135837127695],[-79.632657854212994,43.751339970357172],[-79.632769954897782,43.751327238514158],[-79.633271111609332,43.751289993377284],[-79.633645446251222,43.751273696177002],[-79.633869293365805,43.75126788948085],[-79.634187505323339,43.751258956197681],[-79.634519102123662,43.751249592221335],[-79.634706567982462,43.751244564795627],[-79.634917684869478,43.751237762914272],[-79.635257799772702,43.75121738727244],[-79.635545645278711,43.751189475602906],[-79.635836791132633,43.751149524680628],[-79.636119360809289,43.75110063603659],[-79.636446565129418,43.751033096937284],[-79.636732883234586,43.750962149357996],[-79.637042918523022,43.750869812775854],[-79.637364766420063,43.750757838536337],[-79.6377103415318,43.750623808863246],[-79.63827744360897,43.750352071002609],[-79.63925685481999,43.749846508543875],[-79.638357527179139,43.748969029236406],[-79.637848202927543,43.748483678596266],[-79.637611952466685,43.748300959775655],[-79.63690857296919,43.747136895347047],[-79.636919967691767,43.747010018682445],[-79.636914683592693,43.746914297170981],[-79.636901278677783,43.746834706547538],[-79.63687145170806,43.746779033794361],[-79.636818382925426,43.746691380561018],[-79.636739738737162,43.746593784562734],[-79.636639562280536,43.746484152632547],[-79.636029928484035,43.745287637967266],[-79.635662593524515,43.744620544768416],[-79.634130613389118,43.742074820453929],[-79.633226390678217,43.740515940163483],[-79.631488067370185,43.737534615727014],[-79.631346766637961,43.737029728575621],[-79.630354710917516,43.735469547880598],[-79.630320677541221,43.735443717166198],[-79.630197016097796,43.735349840288528],[-79.629260438255344,43.734634729696474],[-79.629259682880956,43.734612515522279],[-79.629258467574203,43.734590013828857],[-79.629255710214636,43.734572014492727],[-79.629252943176766,43.734549514553819],[-79.629249031331398,43.734531516522893],[-79.629243942906243,43.734509019208559],[-79.629238479334276,43.734491022931721],[-79.629232233692946,43.73447302753879],[-79.629224811475808,43.73445053286202],[-79.62921662654658,43.734437040274287],[-79.629208037438815,43.734414546915382],[-79.629198303526664,43.73439655546354],[-79.628970498121035,43.733807223303522],[-79.628816550405617,43.733654376020695],[-79.628790158915677,43.733654405760632],[-79.628763410199568,43.733649935282614],[-79.628737415949345,43.733649964562865],[-79.628711036874932,43.733649994270564],[-79.628684660577065,43.733645523354731],[-79.628568647882958,43.733636652678719],[-79.62854613225548,43.733632177388266],[-79.628524013869011,43.733627701646704],[-79.628502280309817,43.733623225468236],[-79.628480546753849,43.733618749285604],[-79.628459198025027,43.733614272666365],[-79.628437861713053,43.733609796029171],[-79.62841728263831,43.733605318537236],[-79.628396706364754,43.733596340424079],[-79.628353231933531,43.733589755345903],[-79.62830300460962,43.733571611252529],[-79.62824861875832,43.733553480804325],[-79.628181669810118,43.733529306592565],[-79.628149405068484,43.733511106281277],[-79.628098548018158,43.733488660216423],[-79.628082626968975,43.733479685830531],[-79.628067090728365,43.73347070201001],[-79.628051939315355,43.733461717756249],[-79.628037557552645,43.73345273263832],[-79.628023948265991,43.733439246038877],[-79.628010758222018,43.73343025958274],[-79.627998303414444,43.733416771687253],[-79.627981196329984,43.73339878838501],[-79.627901511742053,43.733322349128962],[-79.627884789554557,43.733304374382527],[-79.627868849415179,43.733286389757474],[-79.627853691323239,43.733268395254136],[-79.627839300043647,43.733254900505734],[-79.627825671701061,43.733232412674226],[-79.627812834996632,43.733214424570477],[-79.62780076796156,43.733196444605859],[-79.627789482970428,43.733178454764364],[-79.627778970434306,43.733155945440977],[-79.627769621975304,43.733137953432504],[-79.627762016206063,43.733122209782671],[-79.627738838948062,43.733074988233348],[-79.627716634708577,43.733029988895431],[-79.627694805816944,43.732980515522371],[-79.627673756104244,43.73293551488554],[-79.627653876205798,43.732886039326814],[-79.627634763103629,43.732841054521664],[-79.627616025253843,43.732791550676545],[-79.627598463916314,43.732746573133277],[-79.627584807078023,43.732710565455193],[-79.626945487101381,43.731424011218152],[-79.62663961928088,43.730060627668976],[-79.62632242100986,43.729034279782667],[-79.626125683888688,43.728545729906607],[-79.625940120693215,43.72818723521906],[-79.625430905688049,43.72734796164179],[-79.624409364000456,43.725554617861448],[-79.623652325394303,43.724225415732924],[-79.623614506725758,43.724159009458127],[-79.622961916462856,43.723003521479299],[-79.622680241168965,43.722506739340048],[-79.620339987342192,43.718379300802937],[-79.61914767130942,43.716251627137886],[-79.618442380290375,43.715054958895777],[-79.617874651599806,43.71409169096038],[-79.617376391143665,43.713246247244847],[-79.615564295889797,43.710166754147593],[-79.614527683923001,43.708439662168544],[-79.613878109431099,43.707357431430083],[-79.613223426065844,43.706271079270252],[-79.612650855331523,43.705362930485506],[-79.612055117838324,43.704417977182899],[-79.612027989259104,43.704375103696854],[-79.610981690626389,43.702722157806555],[-79.610177231978454,43.701452675574046],[-79.610097061794121,43.701326194824695],[-79.609744592885448,43.700769930592948],[-79.608683916301388,43.699123700373747],[-79.60795289391956,43.698002635034889],[-79.607477370769814,43.697273357891845],[-79.607377624871305,43.697120402759076],[-79.60728477126456,43.696977981573447],[-79.607249739826088,43.696924267762974],[-79.607208019880701,43.696855690088285],[-79.605884577187155,43.694679853954312],[-79.605392181219472,43.693814222765035],[-79.604930248570682,43.693002119056672],[-79.604846393879015,43.692848507918725],[-79.604392381712302,43.692017032847538],[-79.602993747828037,43.689266101041255],[-79.602924395318396,43.689129064718848],[-79.602846600950613,43.688980604296226],[-79.602767248773318,43.688827671571289],[-79.60268753249953,43.688679212760313],[-79.602606270834528,43.688526272629481],[-79.602524223370438,43.688377833791819],[-79.602441394808622,43.688229377588762],[-79.602358803118136,43.688081380176023],[-79.602269070313682,43.687935351372566],[-79.602190540376725,43.687797449656806],[-79.602089606088811,43.687643338548298],[-79.601999887011431,43.687497318511227],[-79.601898927598,43.687335106076603],[-79.601798062114824,43.68721344433196],[-79.601719547890823,43.687083643433319],[-79.601671339374477,43.687013899222599],[-79.601618642103489,43.686937642037925],[-79.601528912849233,43.686791639624566],[-79.601510966327638,43.686763481484491],[-79.601461654043263,43.686686195069463],[-79.601394373163672,43.686596961839761],[-79.60131590036589,43.686483407965923],[-79.601241684115536,43.686407736753353],[-79.601225521127475,43.686385238806928],[-79.601170579529068,43.686308785365931],[-79.601098701274026,43.686214326267475],[-79.60102646839772,43.686115375784901],[-79.601008990802498,43.686092905972437],[-79.600953052565814,43.686020944954443],[-79.600879239996019,43.685926487421447],[-79.600804658635724,43.685832039518466],[-79.600729308503574,43.685737610245312],[-79.600653164720271,43.685643154615825],[-79.600576653962293,43.685544207605695],[-79.60049897264355,43.685449780226953],[-79.600454727784836,43.685404812591536],[-79.600408118761337,43.685355337361337],[-79.600360760705783,43.685310372423345],[-79.600312998302542,43.685260907167468],[-79.60026484657044,43.685215951886796],[-79.600215553770511,43.685170997585857],[-79.600165472108543,43.685121534300379],[-79.600149683561867,43.68510744308815],[-79.600072030225007,43.684559025504555],[-79.599954027165538,43.683725130625248],[-79.598220810336215,43.680827896087607],[-79.594747362406508,43.675017669220033],[-79.594751796785445,43.674746248682588],[-79.594702701779056,43.674582411292199],[-79.594655374557505,43.674438492339334],[-79.594551651422563,43.67421134878564],[-79.593875394108593,43.673117534185003],[-79.593301527726567,43.672189274253853],[-79.591892479466523,43.669910082193418],[-79.59158107930088,43.669406338611992],[-79.591432044135232,43.669165231248222],[-79.591375789532123,43.669071149309644],[-79.591290108839573,43.668927862563962],[-79.591193227492184,43.668765843913796],[-79.591086799046224,43.668587828416378],[-79.590871221621981,43.668227307605179],[-79.590765018908357,43.668049705673063],[-79.590662583518878,43.66787838357935],[-79.590650135971629,43.667846888785007],[-79.590637297261452,43.667810893632698],[-79.590623671730526,43.66777939976911],[-79.590609283037196,43.667743405841996],[-79.590594119923736,43.667711913193273],[-79.590580196903261,43.667680464566381],[-79.590561468161539,43.667644429064893],[-79.590543595115392,43.667608437888973],[-79.590525728867945,43.667576956372791],[-79.590506697005893,43.667545457773869],[-79.59048686483959,43.667509486142244],[-79.59046628302616,43.667477997764443],[-79.590445316832827,43.667446509686869],[-79.590423557058898,43.667415022233023],[-79.590400644104633,43.667383535686824],[-79.590377346773508,43.667352049439764],[-79.590353665066132,43.667320563491572],[-79.590328792982206,43.667289078478937],[-79.5903035804712,43.667262094396705],[-79.590277183223904,43.667230601575987],[-79.590250389217857,43.667199118063593],[-79.590234207928191,43.66718304545347],[-79.590223229981262,43.667172135500131],[-79.59019527043101,43.66714065289441],[-79.589961229885702,43.666823144217418],[-79.589693107280354,43.666324239874619],[-79.589117112131859,43.665252559187188],[-79.588928479543569,43.664901581912261],[-79.588875822933687,43.664803589292589],[-79.588778405628702,43.664622351036961],[-79.58855474761782,43.664861122985563],[-79.588383146084752,43.66506092346517],[-79.588234384776641,43.665210802638846],[-79.588139070006847,43.665330107882852],[-79.588028482094131,43.665468849692424],[-79.587898912018645,43.665668626050625],[-79.587740762045698,43.665946636805842],[-79.587675974755584,43.666100960413978],[-79.587267947474132,43.666956894561146],[-79.587023837514806,43.667468878517873],[-79.586855636071689,43.667799445396788],[-79.586759701775208,43.667941037208358],[-79.586662361081025,43.668079344515689],[-79.58656527180672,43.668211710666881],[-79.586467712843898,43.668336795009886],[-79.586390327603723,43.668417874511839],[-79.586229945119484,43.668566868639815],[-79.586098145137228,43.668690223224168],[-79.585958146798774,43.668821432980259],[-79.585778542342709,43.66894483212905],[-79.585604852882838,43.669051304060787],[-79.585397037128544,43.669166703542345],[-79.584901424393991,43.669391646922207],[-79.58477475795469,43.669438736877048],[-79.58456090050737,43.669510167811517],[-79.584382661036997,43.669566926893467],[-79.584124814501081,43.669635815093365],[-79.583162546502052,43.669859851202389],[-79.581406242123236,43.670272017132135],[-79.580930252639021,43.67033423025098],[-79.580833415370662,43.670352301427187],[-79.580756313846564,43.670365857915961],[-79.580678449843305,43.670374932228832],[-79.580600957812067,43.670383988223733],[-79.580523093725716,43.670393035426841],[-79.580444820394192,43.670402082864889],[-79.580366937878836,43.670406647312632],[-79.580288689343334,43.67041572163032],[-79.580210019137667,43.67042477818763],[-79.580131770518875,43.670433825393957],[-79.580053100702656,43.670433880513798],[-79.579974461675519,43.670438445223901],[-79.579895803805215,43.670447510557651],[-79.57981753078009,43.670447556236731],[-79.579738482483037,43.670452112068922],[-79.579659830995368,43.670456667569916],[-79.579583119970891,43.670465740333121],[-79.579505200271413,43.670470430238183],[-79.579429691857698,43.670479340038035],[-79.579352596336633,43.670488403912351],[-79.579275494868469,43.670492967074203],[-79.57919838689412,43.670502021851803],[-79.579121297773725,43.670506566898446],[-79.579043787042096,43.670511130187293],[-79.578966692021098,43.670511192471871],[-79.578889187131253,43.670520229312402],[-79.578811670475062,43.670520291783404],[-79.57873416618402,43.670520327189344],[-79.578656655404998,43.670524890215709],[-79.57857876668659,43.670524925780803],[-79.578501262424439,43.670524988032817],[-79.578475493779948,43.670524987723304],[-79.578443115594382,43.670525009946452],[-79.578384609179565,43.670525059081065],[-79.578326090328815,43.670525081190284],[-79.578267583902047,43.670525121263701],[-79.578209033728243,43.670529671002939],[-79.578150539674184,43.670529693005328],[-79.578092026689077,43.670534242659208],[-79.578033910482077,43.670538765008317],[-79.577975366851206,43.670538813958878],[-79.577917250654238,43.670543354251329],[-79.577859134425211,43.670547876511563],[-79.577801005821584,43.670552425754686],[-79.57774326740504,43.670561448363372],[-79.57768554140668,43.670570497938456],[-79.577627809555409,43.670575019819864],[-79.57757046793661,43.670584060074454],[-79.577513126300559,43.67059310030028],[-79.577455772246552,43.670602140505743],[-79.577398827398454,43.670611180405331],[-79.577341870144068,43.6706202292863],[-79.577312684860928,43.670624902715964],[-79.577285297294424,43.670629277878938],[-79.577228730187088,43.670642818102849],[-79.577165218655978,43.670656362986669],[-79.577034252956395,43.670674444975234],[-79.576906771193762,43.670692065402072],[-79.576772748728004,43.670715144884909],[-79.576641788509221,43.670737727084351],[-79.576511591354446,43.670755834962584],[-79.576381064974655,43.670778416572823],[-79.576331671288656,43.670787009829652],[-79.576251245350448,43.670801006563821],[-79.576121103209289,43.670823596622064],[-79.575991698293095,43.670850686706274],[-79.575862287602803,43.670873284984744],[-79.575732894863833,43.670900374767676],[-79.575649455994878,43.670914967161927],[-79.575603868359167,43.670922945494922],[-79.575529145283539,43.670936028814623],[-79.575474841780164,43.670945534079117],[-79.575381827318168,43.670968386817961],[-79.57533959002329,43.67097812709644],[-79.575105655805842,43.671013296203576],[-79.575030931960015,43.671025938132843],[-79.574865416113866,43.671053941769088],[-79.574721398633116,43.671078330583619],[-79.574625213310554,43.6710945958067],[-79.574384985369591,43.671135240354332],[-79.574145141551284,43.671175902150367],[-79.573905706613729,43.671216545175895],[-79.573666264445336,43.671261679366935],[-79.57342680404065,43.6713023214052],[-79.573305327530676,43.671324560638844],[-79.573085496742465,43.671364820317592],[-79.572958354039514,43.671388097957532],[-79.572885887344881,43.671401655178634],[-79.572820085754998,43.67140980731147],[-79.572741003428405,43.671428742447496],[-79.572668915610819,43.671437780623386],[-79.572596857987364,43.671451310397117],[-79.572571332262171,43.671457699545087],[-79.572524793382698,43.671469367797641],[-79.572453492142841,43.671482897001063],[-79.572382208691494,43.671500935813803],[-79.572311304243001,43.671514491681194],[-79.572240405128454,43.671532521160991],[-79.572170274859388,43.67155057711534],[-79.57210013912804,43.671564105362329],[-79.572030026542024,43.671586643880453],[-79.571960292965016,43.671604690454494],[-79.571891328213425,43.671622745503782],[-79.571821984326959,43.6716452744093],[-79.571753416316795,43.671663329125991],[-79.571684841189253,43.671685857465597],[-79.571617047301018,43.671708412278548],[-79.571560880079915,43.671726450108352],[-79.571505077774333,43.671748970343216],[-79.571449307322595,43.671767016871208],[-79.57139431100984,43.671789545549402],[-79.571339686684453,43.671812073968866],[-79.571291434182413,43.67183271711113],[-79.57123121385915,43.67185263858363],[-79.571177772836649,43.671879675852942],[-79.571124698490848,43.671902221206878],[-79.57107162407344,43.671924739532137],[-79.571019708246382,43.671951784780283],[-79.570967824240498,43.671974302317558],[-79.570916317556723,43.672001347264498],[-79.57086557965664,43.67202836470755],[-79.570814829331184,43.672055400138312],[-79.57076525177817,43.672077943158371],[-79.570715697126332,43.672109460465371],[-79.570666496803014,43.672136503872345],[-79.5706180776683,43.672163519771424],[-79.570570067745209,43.672190553399929],[-79.570522435090652,43.672222096439945],[-79.569333344394607,43.672854050827461],[-79.569089760224855,43.672983511349209],[-79.568599170397732,43.673224520243735],[-79.56819936743446,43.673422491569809],[-79.567957553314756,43.673542200175994],[-79.567929670677913,43.673560219397423],[-79.567902167400803,43.673573746725822],[-79.567875450456668,43.673591765241497],[-79.567848733496561,43.673609783750884],[-79.567822802862423,43.673632293448236],[-79.567797618566829,43.673645810374083],[-79.567772836157303,43.673663818716854],[-79.567748443247538,43.673686336486746],[-79.567724826542829,43.673704353129423],[-79.567701594265699,43.673722369539483],[-79.567679135916165,43.673744886148611],[-79.56765708679454,43.673767402511025],[-79.567636173526822,43.673785417535022],[-79.567615265299679,43.673807933214157],[-79.567604248295879,43.673825942378116],[-79.567591271868977,43.673843952699563],[-79.567581613951958,43.673857460395666],[-79.567566120032041,43.673875472202475],[-79.567543091111247,43.673897989121514],[-79.567524305756024,43.673911502205385],[-79.567511145576702,43.673920511302235],[-79.567497593593345,43.673934021290769],[-79.567482883231278,43.673943031299643],[-79.567467776020223,43.673952041540851],[-79.567452668814752,43.67396106078133],[-79.567428659911727,43.673972326600605],[-79.567403869711598,43.673983592875508],[-79.567386822823934,43.673988103587817],[-79.567364260210127,43.673995209929394],[-79.567295737207118,43.674001641229609],[-79.567146558377331,43.674010739279687],[-79.566997359676321,43.674024310804548],[-79.566848180744827,43.674033408465277],[-79.566698952132455,43.674042478956324],[-79.566550162527761,43.674056076662708],[-79.56640136042445,43.674069647178698],[-79.566252558273661,43.674083235503652],[-79.566104140499576,43.674096823412576],[-79.565235724699818,43.674160322565932],[-79.565151635431278,43.674164871185184],[-79.565093215647565,43.674168036927114],[-79.565067546149947,43.674169419742583],[-79.564983052464825,43.674178469129721],[-79.564898950750205,43.674183017570158],[-79.564815275535111,43.674192084371242],[-79.564731583036291,43.6741966324565],[-79.564647486108456,43.674205681370886],[-79.564564182847917,43.674214729775137],[-79.564480470304815,43.67422376934821],[-79.564397166994027,43.674232817630738],[-79.56406548086062,43.674282529285342],[-79.563982951068752,43.674296068492744],[-79.563900433650716,43.674309616634886],[-79.563818288239588,43.674323164509779],[-79.563654398929671,43.674354778522996],[-79.563573009891627,43.674368325800316],[-79.563491675158375,43.67438636464972],[-79.563410315582843,43.674404412456333],[-79.563329712449388,43.674422459785873],[-79.56324912166906,43.67444050705172],[-79.563176723578877,43.6744777585563],[-79.561308967652366,43.674792660679906],[-79.561258975457235,43.674803426059178],[-79.561217179191559,43.674812719812124],[-79.560102933849365,43.675060478402109],[-79.557670607622626,43.675622846788187],[-79.550891231259598,43.677178739685971],[-79.549875650954974,43.677433321538985],[-79.549210759062348,43.677582689541588],[-79.54829943116728,43.677792160849663],[-79.544889804750426,43.678536168335178],[-79.542011125758592,43.679182575904335],[-79.539014638586096,43.679835189088834],[-79.535916617077064,43.680462812959384],[-79.53282656765353,43.681089729420961],[-79.530700420641708,43.68150867421091],[-79.529621578831936,43.681744991265511],[-79.528981830269615,43.681819164039759],[-79.528642660281818,43.681851618245013],[-79.528365594897309,43.681890383971542],[-79.528071343159297,43.68193906369185],[-79.527673406935449,43.682026779485419],[-79.527049947292141,43.682203957504413],[-79.526607834495834,43.682334616282212],[-79.523750735814602,43.682960845685827],[-79.522884520238406,43.683132056266231],[-79.522138819525892,43.683226725871549],[-79.521210173688999,43.683339427320966],[-79.520714451182783,43.683380042121136],[-79.520350484463464,43.683371106188154],[-79.519836540595577,43.683411720423422],[-79.517856327808815,43.683434586182102],[-79.517028567354913,43.683442372603444],[-79.516817500004237,43.683444366136371],[-79.51542182809871,43.683457488830101],[-79.515119112860887,43.683462038925178],[-79.514710935099728,43.683480094801759],[-79.514383431824882,43.683511668065414],[-79.514055913694989,43.683534212079628],[-79.513579165988972,43.683592805219355],[-79.513401273231878,43.68363333210273],[-79.513214834290352,43.683673859697286],[-79.513071415692352,43.683682877495961],[-79.511457500500967,43.68396209121682],[-79.51123054754089,43.683992142103612],[-79.510233045799353,43.684124284941923],[-79.510284867264431,43.684267482097646],[-79.510364416874481,43.684445250737582],[-79.510474237845415,43.684658130646014],[-79.510647448228013,43.684974960645121],[-79.510764862721672,43.685329259068155],[-79.510865156163305,43.685654934825607],[-79.510879329624032,43.685700903144749],[-79.510974646916296,43.686075807394936],[-79.511111929029241,43.686456036241417],[-79.511264699206365,43.686802409469166],[-79.5114130946383,43.68709470307877],[-79.511441535504858,43.687150733348133],[-79.511619970018771,43.687478479791899],[-79.511855382574609,43.687823259508008],[-79.512150305136686,43.6881251142023],[-79.512383479018624,43.688474528699579],[-79.512552288392925,43.68882179847494],[-79.51263611481626,43.689221374958365],[-79.512735950721677,43.689592559471699],[-79.512742839760023,43.689613684753361],[-79.512873124097567,43.690012823756611],[-79.512961303832284,43.690391219373311],[-79.513009672380278,43.690516547951297],[-79.513112864256243,43.690783937709249],[-79.513201890129878,43.691162170968688],[-79.513273817854369,43.691573323860638],[-79.513313244788293,43.691982806226569],[-79.51329931572414,43.692384283617216],[-79.513289103698881,43.693383995532386],[-79.512927637252005,43.693971902418802],[-79.512816156096889,43.694239217344879],[-79.512765947170237,43.694514932529522],[-79.512742081057482,43.694818908799277],[-79.51264539066527,43.695171410083233],[-79.5124465784791,43.695484532784015],[-79.512235863770456,43.69578194914628],[-79.512028497831679,43.696085584643015],[-79.511899820959471,43.696387942400975],[-79.511922260408681,43.696497791787422],[-79.511964666085646,43.69669407844934],[-79.512245616738014,43.696949748281646],[-79.512653973404809,43.697108522523145],[-79.513103860698791,43.69723284262183],[-79.513535637063555,43.697248184509938],[-79.513903109470448,43.697197625181246],[-79.514298829124513,43.697090614067434],[-79.514456047536427,43.697069945339251],[-79.514574969334987,43.697054691058042],[-79.514655892050826,43.697043708141734],[-79.515049322419259,43.697019092507425],[-79.515477430726435,43.696958195639503],[-79.515696103303171,43.696918020078577],[-79.51587753420479,43.696884681255497],[-79.516339155768108,43.696800697196693],[-79.516781437036499,43.696813180916543],[-79.517194556611926,43.696842805767488],[-79.517606488230214,43.696923799657398],[-79.518003628755196,43.696949724514532],[-79.518815813292107,43.697121833345633],[-79.519146003834749,43.697278391914288],[-79.519486256715552,43.697470664916224],[-79.519753706057969,43.697721394856543],[-79.520040734432669,43.697970869550268],[-79.520315157748485,43.698249581928941],[-79.520690996492036,43.69875185824057],[-79.520796692947428,43.698982812023026],[-79.520940216962842,43.699282204538633],[-79.521042546551982,43.699529910077729],[-79.521179582043246,43.699716940440069],[-79.521433614037335,43.699869167796365],[-79.521806003476854,43.70004333519659],[-79.522098723181202,43.700162644990073],[-79.522136572333665,43.700185491922952],[-79.522352870007268,43.700278685114121],[-79.522820552294903,43.700460634633721],[-79.523328477057674,43.700685069079434],[-79.52385569166951,43.700861169355051],[-79.524442603526992,43.701047524905697],[-79.524971331741185,43.701237877729596],[-79.525577244276789,43.701420316733675],[-79.525901180603427,43.70156524541779],[-79.525972659256993,43.701597228750401],[-79.526091989064,43.701650615171161],[-79.526649173627206,43.701888498475],[-79.527176942926559,43.702066617554308],[-79.527213760476599,43.702078562494059],[-79.527735726864705,43.702230495647342],[-79.528255458429584,43.702320750201075],[-79.52856992775051,43.702415221470176],[-79.528779618298756,43.702561088599481],[-79.529031871372894,43.702896007389349],[-79.529170833520993,43.703253529775033],[-79.529406074298265,43.703549386495588],[-79.52971513206144,43.703824349590136],[-79.530096381084235,43.70402677856827],[-79.530382676164479,43.704301259756882],[-79.530741129284948,43.704584704104981],[-79.531157312084488,43.704782637481912],[-79.531710300469186,43.704899501988969],[-79.531938310101324,43.704930942970741],[-79.532190753318673,43.704966877256695],[-79.532706487862953,43.704998217312387],[-79.533170618901394,43.705007093844152],[-79.533657597138088,43.704934941290603],[-79.534129428697412,43.704826768081851],[-79.534579896565873,43.704682621290829],[-79.535015130284293,43.704546497525193],[-79.535437114790625,43.704480622163459],[-79.53578270844605,43.704505168994494],[-79.535961206289798,43.704589373918566],[-79.536020800840703,43.704776365651661],[-79.535950143552625,43.704992139457772],[-79.535723761255525,43.705323043280394],[-79.535600272263267,43.705690459807727],[-79.535541183900932,43.706086534228405],[-79.53550563748459,43.706280090647638],[-79.535496771860068,43.706374606765372],[-79.535442749986387,43.706779689787503],[-79.535447830136064,43.706851698388299],[-79.535467674360689,43.707152325706716],[-79.535556282418426,43.707552503695602],[-79.53565886597211,43.707894015950416],[-79.535836736273609,43.708116291695703],[-79.53590543081458,43.708201791203358],[-79.53629405834478,43.708336723518606],[-79.536758976743457,43.70833209232098],[-79.537179644695584,43.708264464746428],[-79.537412512408338,43.708261085299448],[-79.537645863710537,43.708316681537696],[-79.538127917828035,43.708488013945932],[-79.538527171295129,43.708735099930578],[-79.538901882889874,43.708999979371555],[-79.539129264236649,43.709313938008343],[-79.539325969063739,43.709659042117949],[-79.539459612430292,43.710001044215417],[-79.539572273869609,43.710343053401871],[-79.539598141230471,43.710712114357349],[-79.539395204919231,43.711072244102581],[-79.539127467825921,43.711378388076589],[-79.538819289166,43.711573316524607],[-79.538763867446804,43.711608053210007],[-79.538483488253121,43.711772331010842],[-79.538402635357642,43.71181970485258],[-79.538175150459082,43.712035820388806],[-79.538120112445725,43.712089846339175],[-79.537941934825909,43.712395957579211],[-79.537882347669992,43.712616517287692],[-79.537857216156979,43.712711056875364],[-79.537851448888858,43.712814564303933],[-79.537841867589904,43.712990101093972],[-79.537838028750784,43.713062130464799],[-79.537824976632166,43.713224166501902],[-79.537826085874542,43.713508011919579],[-79.537846614451851,43.713710245462373],[-79.537934810669086,43.714007266836184],[-79.538010231445313,43.714313302636832],[-79.538206635036602,43.714578792327742],[-79.538596459292322,43.71472719114788],[-79.539029714775523,43.714848570035294],[-79.53943927039829,43.714933959422382],[-79.539846495073462,43.714983316113305],[-79.540257235080929,43.715055200266178],[-79.54047520996869,43.715140626247361],[-79.540737527630768,43.715356572268647],[-79.540771841097353,43.715631116414016],[-79.540696803644451,43.715914709780229],[-79.540660006662563,43.716004735450774],[-79.540621734577897,43.716189292835871],[-79.540687903963047,43.716535835694216],[-79.540915709540712,43.716742810279449],[-79.54129817359231,43.716859698066614],[-79.541486226001879,43.716841627456226],[-79.541684802165818,43.71682353469653],[-79.54203497514635,43.716778391175744],[-79.542416558449787,43.71676925795785],[-79.542439815210813,43.71676924932526],[-79.542559673491766,43.716787207272887],[-79.543172900461769,43.716908476255846],[-79.543262881815906,43.716935446002296],[-79.543650846819034,43.717151337643841],[-79.543854217464443,43.717342563481722],[-79.543928733765085,43.717416786223019],[-79.544077894044705,43.717704795964401],[-79.544035467661061,43.718033394111046],[-79.543976205551644,43.718132439723327],[-79.54384954598649,43.718339526224241],[-79.543703540147575,43.718618648005368],[-79.54347927168368,43.719001295787521],[-79.543454492610365,43.719059831355182],[-79.543409940546539,43.719131849302933],[-79.543308466975617,43.719316440472276],[-79.543231000639693,43.719474000709951],[-79.543172915322231,43.719591038938056],[-79.54307411629037,43.719717093735589],[-79.543035758576124,43.719757613815794],[-79.542947524210618,43.720027675540088],[-79.542803484634717,43.720360784851415],[-79.54255356457756,43.720675903924743],[-79.542429549550164,43.720810968775872],[-79.542265610907648,43.720968551382725],[-79.541915564027946,43.721193720519324],[-79.541699254023328,43.72134232024716],[-79.54155427623941,43.721445887407619],[-79.54122710399146,43.721680038346193],[-79.540963558499456,43.721945660921236],[-79.540787721101424,43.722265286101795],[-79.540719705753062,43.722611858372602],[-79.540730406419783,43.722962903182811],[-79.540738732001444,43.723178948129217],[-79.540752737698483,43.723241942857818],[-79.54074500771469,43.723300453712362],[-79.5407102831484,43.723561520213536],[-79.54072309845715,43.723644417119068],[-79.540764449704696,43.723912549472864],[-79.540966379333582,43.724227529845336],[-79.541127199835898,43.724574037997421],[-79.541272510399068,43.724925052125158],[-79.541339096548555,43.72528057716422],[-79.541303675051353,43.725627164810028],[-79.541144855139677,43.725924272077407],[-79.540865720244881,43.726126909152725],[-79.540470177271288,43.726230573160777],[-79.540040048220945,43.726253218745661],[-79.53960794048929,43.726230875193686],[-79.539196907842424,43.726321038298479],[-79.538813402667643,43.726447177541196],[-79.538479970004929,43.726636325335953],[-79.538278877149835,43.726906457074229],[-79.538229463562217,43.727257539972648],[-79.53831465300452,43.72761306040487],[-79.538436678122252,43.727959585134371],[-79.53853466230575,43.72828812434512],[-79.538664858425662,43.728616625557422],[-79.538798522046534,43.728949653047678],[-79.538863902134864,43.729260173504642],[-79.538741130281608,43.729534779893143],[-79.53861874992549,43.729840872326534],[-79.53856271862189,43.730151433863462],[-79.538533887783487,43.730507019365938],[-79.538532165732747,43.730822063146753],[-79.538504041703874,43.731119140343608],[-79.538471915869749,43.731331679283102],[-79.538461186626762,43.731402693622456],[-79.538422545757001,43.731618745210298],[-79.538462602074944,43.731771761694894],[-79.538631837753584,43.731933744807641],[-79.538922112213953,43.732068655813158],[-79.539240211060047,43.732077557284484],[-79.539491099125215,43.731946944010737],[-79.539414083933494,43.731658904150066],[-79.539309918155027,43.731384393415794],[-79.539240295627337,43.731123372570082],[-79.539282791439021,43.730884825278707],[-79.539436246907997,43.730664215197187],[-79.539595898891918,43.730430118905254],[-79.539784245508827,43.730191520780529],[-79.539954346572785,43.729957402328701],[-79.540145835590153,43.729781802138859],[-79.540467670220337,43.729660171966117],[-79.540818229584033,43.729579027191313],[-79.541149501062492,43.729592392262944],[-79.541554483523115,43.72964624416349],[-79.541990918008665,43.729713593933383],[-79.542377711353282,43.729794471306079],[-79.542789690747725,43.729839305997018],[-79.543219124415103,43.729920155548683],[-79.543597431567193,43.730037036940445],[-79.543906309974517,43.730198931940805],[-79.544241599193469,43.730369826118334],[-79.544557524469596,43.730572240179015],[-79.544828449650339,43.730801683720252],[-79.544855001163626,43.731017693915575],[-79.544570031481754,43.731184346213382],[-79.544269919381236,43.73135549527705],[-79.544006264116945,43.731544631983326],[-79.543842396698977,43.731783236622391],[-79.543883687822472,43.732044265514716],[-79.544076685567148,43.732273713666686],[-79.54441043838716,43.732381770281556],[-79.544593143574275,43.732403905185919],[-79.544798903995542,43.732363859258164],[-79.544981907126171,43.732269805526528],[-79.545124767681756,43.732146630367531],[-79.545333942066549,43.73184528535792],[-79.545499794313656,43.731530581370933],[-79.545588860236379,43.731482371283384],[-79.545856813872589,43.731450993813517],[-79.546324278816101,43.731443235278],[-79.546769122668309,43.73155792786045],[-79.547182520500243,43.731761356843712],[-79.547555816664683,43.731953036405528],[-79.547700336109003,43.732144594414095],[-79.547806182209129,43.732390535853561],[-79.548216219039759,43.732570784303441],[-79.548560917588304,43.732709977435995],[-79.548866013252862,43.732827430488541],[-79.548947059417358,43.732870871755765],[-79.549037862941248,43.73297539113053],[-79.54918890090714,43.733099183163588],[-79.549609084694765,43.733229510405749],[-79.550014686262841,43.733302576656499],[-79.550360140769783,43.733533963610604],[-79.550457405892232,43.733730777605054],[-79.550490701451366,43.733866060379334],[-79.550499074477287,43.733947247766885],[-79.550445160501951,43.734108789625253],[-79.55043712880871,43.73424195734669],[-79.55047874992357,43.734416355776538],[-79.550557715047219,43.734608758132467],[-79.550557806124573,43.734717015860191],[-79.550479112995546,43.734804254535177],[-79.550332055072786,43.734890497139304],[-79.550039737932764,43.735048002946449],[-79.549636820439545,43.735278006961003],[-79.549369089149309,43.7354775090879],[-79.549119270038872,43.73570783208465],[-79.549082408422706,43.73579407966642],[-79.549107382329481,43.735896286862513],[-79.549161290134975,43.735933294732789],[-79.54942673431853,43.735938256947449],[-79.549576027287671,43.735938219295463],[-79.549837258742826,43.735893000549325],[-79.550011387145631,43.73585685658108],[-79.550285107217292,43.735871759535797],[-79.550459389103921,43.736004009751909],[-79.550530058717698,43.736205434962962],[-79.550559262579796,43.736403863062002],[-79.550513783956475,43.73656023444849],[-79.550451400861689,43.736691922916037],[-79.550248856943952,43.7369099047798],[-79.550053181054381,43.737192683080302],[-79.550089711290056,43.737498861703109],[-79.549992385947675,43.737802587580106],[-79.549938474731576,43.737913488210026],[-79.549880449210647,43.737973659717149],[-79.549760211312318,43.73798571075514],[-79.549664807541902,43.737958694573479],[-79.549494759885377,43.73792268243249],[-79.549274308336919,43.737915891744947],[-79.54887467130763,43.738024186014236],[-79.548579871777164,43.738236641525624],[-79.548364533562207,43.738491485432419],[-79.548357794205174,43.73877142627704],[-79.548217181828107,43.738984679605693],[-79.547836218322374,43.739059531810739],[-79.547574507343001,43.739192634078819],[-79.547480291603094,43.739240550747802],[-79.547124850092843,43.739441443065409],[-79.546945456685421,43.739523500001198],[-79.546776118167244,43.739604625414145],[-79.546426631533592,43.739789697967502],[-79.546182744285034,43.740054720665427],[-79.546101276475568,43.740361704127999],[-79.546138196245948,43.74051981364164],[-79.546169137255063,43.740652317087616],[-79.54617692237268,43.740685681459482],[-79.546392952166229,43.740934486664798],[-79.546403725743957,43.74094689497106],[-79.54670384602656,43.741163720085851],[-79.547025843766207,43.741379923322668],[-79.547325576306847,43.741555989437259],[-79.547614237548345,43.741733904622336],[-79.547996327287677,43.741803972308311],[-79.548199474383551,43.741780942722016],[-79.548410342967017,43.741757009382823],[-79.548781526453311,43.741696615427585],[-79.549128476346709,43.741760060424411],[-79.549348496473044,43.741949990325992],[-79.549310166143499,43.742202391969343],[-79.549201960169796,43.742332650188352],[-79.549229539476741,43.742459312421524],[-79.549337879164455,43.742537027208677],[-79.549489438831984,43.742525665161637],[-79.549834842565147,43.742364897396023],[-79.549985164677921,43.742284360887432],[-79.550218402122411,43.742284258651104],[-79.550392486951623,43.742337181192021],[-79.550423843632629,43.74240531556741],[-79.550406674854401,43.74254074642829],[-79.550228154616505,43.742722487544299],[-79.54993641088879,43.74294383823721],[-79.549829488717748,43.743274679535347],[-79.549838773851306,43.74358678358297],[-79.550008315436145,43.743860418433748],[-79.550370640552586,43.744075568354965],[-79.550795730537175,43.744202423351126],[-79.551209582803935,43.744238243533665],[-79.551559955465052,43.744190109555269],[-79.551938452960087,43.744059771650136],[-79.552252829769799,43.743868127552503],[-79.552523323914713,43.74374374182284],[-79.552558930518174,43.743727370250234],[-79.552951197197913,43.743588822542968],[-79.553337543688059,43.743496650503296],[-79.553646314118268,43.743430716126824],[-79.553979000472694,43.74331387675862],[-79.554372147948072,43.743222292085683],[-79.554752603379725,43.743210219866612],[-79.555197605040348,43.743208646649556],[-79.555629961192025,43.743227069552375],[-79.556033480044292,43.743209950163653],[-79.556459633589498,43.743101554858612],[-79.55673666241951,43.742862876490456],[-79.556896055531993,43.74257596453787],[-79.556980530298461,43.742261068936443],[-79.556927337508597,43.74192841049404],[-79.556793662269342,43.741483582855039],[-79.55679360788217,43.741412914326311],[-79.556821424404035,43.741380100065882],[-79.556964076112962,43.74131441018708],[-79.557176316769684,43.741198215513776],[-79.557460809813406,43.741013412867332],[-79.557639049600311,43.740955670323515],[-79.557834088840139,43.740964510012532],[-79.558172603718347,43.741171087198047],[-79.558376260107707,43.741461218618234],[-79.558392949007086,43.741757800189404],[-79.558336140211253,43.741838660122241],[-79.558111181905701,43.741950479810235],[-79.557960315893425,43.741982717758205],[-79.55786641157917,43.742053433886106],[-79.557849068029284,43.742131663233259],[-79.557890942112209,43.742218449759363],[-79.558070132440378,43.742498611712577],[-79.558388829884549,43.742731553826026],[-79.558758499084831,43.7429168794269],[-79.559148567631922,43.742999417403333],[-79.559280662251652,43.742966305510777],[-79.55939156578188,43.742785053482635],[-79.559426511803835,43.742617945762355],[-79.559562165949586,43.742519446863128],[-79.559764044857076,43.742496631418355],[-79.56002451517773,43.742538602615134],[-79.560355872341532,43.742598961296032],[-79.560486222406496,43.742622709606195],[-79.560979376181734,43.742630053597807],[-79.560998508864046,43.74263034042896],[-79.561459039594425,43.74265465804578],[-79.56189799115657,43.74270184858139],[-79.562292864870344,43.74285373659027],[-79.562459300149285,43.743144159965304],[-79.56244869124184,43.743449009882418],[-79.562395646776693,43.743528420556508],[-79.562335499286704,43.7436187715535],[-79.562259631731607,43.743731643116277],[-79.56223943761394,43.743761772174565],[-79.562166010916968,43.744074073220737],[-79.562352633517733,43.744313034776496],[-79.562722215256699,43.744488689252229],[-79.563045236686946,43.744650119299969],[-79.563404324766239,43.744796352385826],[-79.563678767017635,43.745041032773038],[-79.56398158831108,43.745256352660398],[-79.564390799510704,43.745407874278364],[-79.56479662527471,43.745549846061962],[-79.56522093938257,43.745679186155826],[-79.565679482584557,43.74577055590543],[-79.566118391784443,43.745845805004734],[-79.566446353076685,43.74587849623996],[-79.566514041471208,43.745885243782602],[-79.566872564857874,43.745944982643984],[-79.567268379121003,43.74600839793672],[-79.567637839552319,43.746065310580377],[-79.568621069509518,43.746247710104718],[-79.569127431098792,43.746365860897534],[-79.569395648074348,43.746386653182171],[-79.569743636465375,43.746457631938185],[-79.570158344767179,43.746565563668597],[-79.570575621305949,43.746638855655014],[-79.570928714388032,43.746729756323653],[-79.571272098157991,43.746799113061478],[-79.571659490762556,43.746809510272094],[-79.572061882732015,43.746799355956149],[-79.572466422298163,43.746840406737313],[-79.57284823850641,43.746961869364291],[-79.573114658461407,43.747165801646126],[-79.573304640514849,43.747417785787952],[-79.573378970633115,43.747685821051448],[-79.573342468430511,43.74800322703463],[-79.573219966208228,43.748339968696015],[-79.573126964252538,43.748645520161176],[-79.573014803764281,43.748921784851696],[-79.572892085143735,43.749185580482788],[-79.572761660441159,43.749454277530994],[-79.572694794499512,43.749710341327329],[-79.572780278396621,43.749970691751216],[-79.572970659946137,43.750197841749696],[-79.573268969232643,43.75036077971626],[-79.573619972193271,43.750336034896783],[-79.574010984067158,43.750241665797724],[-79.574410194236762,43.75016072881904],[-79.574812935816453,43.750104568446289],[-79.575140650220845,43.750046574750378],[-79.575521698147426,43.750030274466361],[-79.575929142477406,43.750071221035732],[-79.576306686575506,43.750121646382517],[-79.57670990980084,43.750162250940178],[-79.577106551460687,43.750192381114708],[-79.577423338212483,43.750260504103331],[-79.577495551525459,43.75027602724608],[-79.577895629918345,43.750360546620676],[-79.57827029140924,43.75048313908659],[-79.578570156128876,43.750655495403315],[-79.57890932610286,43.750792251048367],[-79.579200486967238,43.750962550435226],[-79.579463287653368,43.751179278990882],[-79.579719248648573,43.751396299742986],[-79.580002956170063,43.75156982469538],[-79.580372075802217,43.751699372052023],[-79.580754615782624,43.751807080821258],[-79.580791250944927,43.751819017527275],[-79.581110458181513,43.75192298034672],[-79.581485372537941,43.752046030122081],[-79.581855066356852,43.752164158747348],[-79.582231734943534,43.752278374635793],[-79.582554259110168,43.752397858097254],[-79.582652624716644,43.752447257601176],[-79.582854973059426,43.752548869657417],[-79.58310259721874,43.752749497639059],[-79.583151134280641,43.752989074252426],[-79.583126906618105,43.753239757250114],[-79.583110757587718,43.753495682055998],[-79.583116216126001,43.753581576517291],[-79.583125103172506,43.753722141757521],[-79.583336115508743,43.753906908699136],[-79.583648618289246,43.75404519084325],[-79.583939532283296,43.754195648602973],[-79.584134546251263,43.754401182561843],[-79.584243901143566,43.754623890621751],[-79.584286623166662,43.754812497188091],[-79.584202222892898,43.755011233785702],[-79.58416268705345,43.755235230645447],[-79.584276656135216,43.755461787754918],[-79.584424934382298,43.755641783229564],[-79.584593697737745,43.755817541786485],[-79.584792815771124,43.755942861886616],[-79.584985030712986,43.756103759487694],[-79.585121293552646,43.756293844308345],[-79.585211714593186,43.756497041879108],[-79.585198903700643,43.756728085047712],[-79.585118015920585,43.756951491904715],[-79.584992941338015,43.75710406517684],[-79.584784516372679,43.757153816542434],[-79.584507871310194,43.757191556390332],[-79.584258347065827,43.757228564484443],[-79.584024346635317,43.757292825232689],[-79.583861514578032,43.757435541700083],[-79.583818917763566,43.757612815407519],[-79.583898936127923,43.757820747223427],[-79.583985870859863,43.758009897409956],[-79.58406713377245,43.758201202980381],[-79.584086772009826,43.758390384552683],[-79.584002081117347,43.758562981636572],[-79.583818976440654,43.758695730589913],[-79.583546573884902,43.758744518450925],[-79.583259763515201,43.758702710184522],[-79.582981726855181,43.758628994612174],[-79.582711707250283,43.758523723390631],[-79.582411154117935,43.75851143783909],[-79.582078977475987,43.758540741706113],[-79.581800108967144,43.758584075328258],[-79.581505624262363,43.758650975520275],[-79.5812138941141,43.758725740035338],[-79.580986251474826,43.75881464428776],[-79.580766588004821,43.758927134564551],[-79.580618618675601,43.759076847794638],[-79.580574633166449,43.759236019831448],[-79.580641455100206,43.759417445670053],[-79.580700539841558,43.759580010436395],[-79.580778799468987,43.759788332658246],[-79.580781721812755,43.759994268767983],[-79.580738665228679,43.760197924053465],[-79.580622756142347,43.760363888750277],[-79.580401882993783,43.760486649503427],[-79.580192346609451,43.760562064632929],[-79.579944748918464,43.760603436514167],[-79.579742871329302,43.760648592472947],[-79.579528990969365,43.760727159830203],[-79.579328681862634,43.760841425073835],[-79.579184804320391,43.760983005486935],[-79.579059113345068,43.761166302634628],[-79.578927293188656,43.761316974573425],[-79.578760311518423,43.761457148205338],[-79.578576906809445,43.761585010259161],[-79.578385053961043,43.761692247094068],[-79.578206841401681,43.761793272456181],[-79.578034531661658,43.761868811155011],[-79.577853299418251,43.7619310519202],[-79.577676169825452,43.762006422337443],[-79.5775796701232,43.762025948438719],[-79.577488369010652,43.762079972473892],[-79.577444464296022,43.762146232945035],[-79.577471615200324,43.762214884579251],[-79.577502175241463,43.762278637250461],[-79.577556413262556,43.762337477204383],[-79.577627551093812,43.762384046042882],[-79.577732538606938,43.762425650170833],[-79.57786115681067,43.762435373916283],[-79.577962620584884,43.762383799978331],[-79.578030240002462,43.762312608476947],[-79.578135007782848,43.762194801416499],[-79.578226276151767,43.762106428369137],[-79.578419118672628,43.762042522831294],[-79.578639083184527,43.762005583861018],[-79.578903179305215,43.762076520208979]]]},"properties":{"AREA_NAME":"23"}},{"type":"Feature","geometry":{"type":"Polygon","coordinates":[[[-79.484460624541782,43.783894480082004],[-79.487270077330109,43.783239921801623],[-79.490102964465663,43.782572136733044],[-79.49449883421174,43.781541935833779],[-79.497354867855208,43.780858399932633],[-79.49875739823355,43.780529629586042],[-79.501686284673497,43.779848749451482],[-79.504357168495886,43.779239993591389],[-79.508960282427807,43.778188660148253],[-79.510995397313678,43.777735346107129],[-79.51701076362518,43.77636244512707],[-79.51717527662818,43.776366732080426],[-79.518435083927756,43.776122676334509],[-79.519215803294031,43.775976062822089],[-79.519595522028965,43.77590371001277],[-79.519970867761685,43.775833192942429],[-79.520386854798005,43.775750965884612],[-79.520702845370295,43.775683274344487],[-79.52104241056567,43.775608844722001],[-79.521455332298203,43.775508783031675],[-79.521735455375364,43.775470763196296],[-79.522323076699408,43.775287512261798],[-79.523014880806954,43.775105992596146],[-79.523455536079126,43.775009437538131],[-79.52685255525914,43.774318804647528],[-79.528879746071453,43.773905255909476],[-79.529783119383353,43.773741121843997],[-79.530473949256773,43.773604203021215],[-79.531763235700865,43.773340828902462],[-79.533347807508264,43.773017739723322],[-79.534406099719746,43.772779363167466],[-79.534881453991758,43.772688145267956],[-79.535082913192426,43.772650242697701],[-79.535405028303842,43.772576189774362],[-79.536569640931617,43.772368886223724],[-79.537808621289187,43.772113858030558],[-79.538744383851636,43.771923250939651],[-79.540646151254805,43.771525494859283],[-79.543388531827361,43.770943569185278],[-79.546520738838979,43.770313227378175],[-79.549578205990343,43.769685262428347],[-79.552182909168991,43.769139567942837],[-79.554988113590497,43.768566912265058],[-79.557800543151401,43.767981429364013],[-79.560557759650422,43.767410326352163],[-79.561806386371472,43.767156337864883],[-79.564794292536405,43.766555159690121],[-79.569027708768388,43.765622085573462],[-79.571001152504152,43.765194499846132],[-79.571116692680917,43.765169089693579],[-79.571150454489072,43.765161669711958],[-79.574871950076755,43.764343488501368],[-79.575186499552998,43.764263423540633],[-79.575656962321432,43.764148348034659],[-79.575939817839938,43.76408122766933],[-79.576215832081871,43.764016289451277],[-79.576561950959459,43.763937270785775],[-79.576750329692658,43.763892597597284],[-79.576990724292898,43.763839310945592],[-79.577301834175657,43.763764058105679],[-79.577432111392454,43.763729018332846],[-79.577535826053335,43.763696930818966],[-79.58064388180388,43.763017918229622],[-79.58047818140966,43.762882198170409],[-79.580424641291216,43.762846195119323],[-79.580351722640529,43.762807352292818],[-79.580267764661528,43.762769795340702],[-79.580179274938615,43.76273324963833],[-79.580100132559963,43.762683789619928],[-79.580002602699196,43.762610849329363],[-79.579913865549997,43.762546741969551],[-79.579891733674231,43.762528079985593],[-79.579780092591349,43.7624155081525],[-79.579424749662152,43.762309172614216],[-79.579184246015856,43.76217933538554],[-79.579055570035166,43.762125480362194],[-79.578903179305215,43.762076520208979],[-79.578639083184527,43.762005583861018],[-79.578419118672628,43.762042522831294],[-79.578226276151767,43.762106428369137],[-79.578135007782848,43.762194801416499],[-79.578030240002462,43.762312608476947],[-79.577962620584884,43.762383799978331],[-79.57786115681067,43.762435373916283],[-79.577732538606938,43.762425650170833],[-79.577627551093812,43.762384046042882],[-79.577556413262556,43.762337477204383],[-79.577502175241463,43.762278637250461],[-79.577471615200324,43.762214884579251],[-79.577444464296022,43.762146232945035],[-79.577488369010652,43.762079972473892],[-79.5775796701232,43.762025948438719],[-79.577676169825452,43.762006422337443],[-79.577853299418251,43.7619310519202],[-79.578034531661658,43.761868811155011],[-79.578206841401681,43.761793272456181],[-79.578385053961043,43.761692247094068],[-79.578576906809445,43.761585010259161],[-79.578760311518423,43.761457148205338],[-79.578927293188656,43.761316974573425],[-79.579059113345068,43.761166302634628],[-79.579184804320391,43.760983005486935],[-79.579328681862634,43.760841425073835],[-79.579528990969365,43.760727159830203],[-79.579742871329302,43.760648592472947],[-79.579944748918464,43.760603436514167],[-79.580192346609451,43.760562064632929],[-79.580401882993783,43.760486649503427],[-79.580622756142347,43.760363888750277],[-79.580738665228679,43.760197924053465],[-79.580781721812755,43.759994268767983],[-79.580778799468987,43.759788332658246],[-79.580700539841558,43.759580010436395],[-79.580641455100206,43.759417445670053],[-79.580574633166449,43.759236019831448],[-79.580618618675601,43.759076847794638],[-79.580766588004821,43.758927134564551],[-79.580986251474826,43.75881464428776],[-79.5812138941141,43.758725740035338],[-79.581505624262363,43.758650975520275],[-79.581800108967144,43.758584075328258],[-79.582078977475987,43.758540741706113],[-79.582411154117935,43.75851143783909],[-79.582711707250283,43.758523723390631],[-79.582981726855181,43.758628994612174],[-79.583259763515201,43.758702710184522],[-79.583546573884902,43.758744518450925],[-79.583818976440654,43.758695730589913],[-79.584002081117347,43.758562981636572],[-79.584086772009826,43.758390384552683],[-79.58406713377245,43.758201202980381],[-79.583985870859863,43.758009897409956],[-79.583898936127923,43.757820747223427],[-79.583818917763566,43.757612815407519],[-79.583861514578032,43.757435541700083],[-79.584024346635317,43.757292825232689],[-79.584258347065827,43.757228564484443],[-79.584507871310194,43.757191556390332],[-79.584784516372679,43.757153816542434],[-79.584992941338015,43.75710406517684],[-79.585118015920585,43.756951491904715],[-79.585198903700643,43.756728085047712],[-79.585211714593186,43.756497041879108],[-79.585121293552646,43.756293844308345],[-79.584985030712986,43.756103759487694],[-79.584792815771124,43.755942861886616],[-79.584593697737745,43.755817541786485],[-79.584424934382298,43.755641783229564],[-79.584276656135216,43.755461787754918],[-79.58416268705345,43.755235230645447],[-79.584202222892898,43.755011233785702],[-79.584286623166662,43.754812497188091],[-79.584243901143566,43.754623890621751],[-79.584134546251263,43.754401182561843],[-79.583939532283296,43.754195648602973],[-79.583648618289246,43.75404519084325],[-79.583336115508743,43.753906908699136],[-79.583125103172506,43.753722141757521],[-79.583116216126001,43.753581576517291],[-79.583110757587718,43.753495682055998],[-79.583126906618105,43.753239757250114],[-79.583151134280641,43.752989074252426],[-79.58310259721874,43.752749497639059],[-79.582854973059426,43.752548869657417],[-79.582652624716644,43.752447257601176],[-79.582554259110168,43.752397858097254],[-79.582231734943534,43.752278374635793],[-79.581855066356852,43.752164158747348],[-79.581485372537941,43.752046030122081],[-79.581110458181513,43.75192298034672],[-79.580791250944927,43.751819017527275],[-79.580754615782624,43.751807080821258],[-79.580372075802217,43.751699372052023],[-79.580002956170063,43.75156982469538],[-79.579719248648573,43.751396299742986],[-79.579463287653368,43.751179278990882],[-79.579200486967238,43.750962550435226],[-79.57890932610286,43.750792251048367],[-79.578570156128876,43.750655495403315],[-79.57827029140924,43.75048313908659],[-79.577895629918345,43.750360546620676],[-79.577495551525459,43.75027602724608],[-79.577423338212483,43.750260504103331],[-79.577106551460687,43.750192381114708],[-79.57670990980084,43.750162250940178],[-79.576306686575506,43.750121646382517],[-79.575929142477406,43.750071221035732],[-79.575521698147426,43.750030274466361],[-79.575140650220845,43.750046574750378],[-79.574812935816453,43.750104568446289],[-79.574410194236762,43.75016072881904],[-79.574010984067158,43.750241665797724],[-79.573619972193271,43.750336034896783],[-79.573268969232643,43.75036077971626],[-79.572970659946137,43.750197841749696],[-79.572780278396621,43.749970691751216],[-79.572694794499512,43.749710341327329],[-79.572761660441159,43.749454277530994],[-79.572892085143735,43.749185580482788],[-79.573014803764281,43.748921784851696],[-79.573126964252538,43.748645520161176],[-79.573219966208228,43.748339968696015],[-79.573342468430511,43.74800322703463],[-79.573378970633115,43.747685821051448],[-79.573304640514849,43.747417785787952],[-79.573114658461407,43.747165801646126],[-79.57284823850641,43.746961869364291],[-79.572466422298163,43.746840406737313],[-79.572061882732015,43.746799355956149],[-79.571659490762556,43.746809510272094],[-79.571272098157991,43.746799113061478],[-79.570928714388032,43.746729756323653],[-79.570575621305949,43.746638855655014],[-79.570158344767179,43.746565563668597],[-79.569743636465375,43.746457631938185],[-79.569395648074348,43.746386653182171],[-79.569127431098792,43.746365860897534],[-79.568621069509518,43.746247710104718],[-79.567637839552319,43.746065310580377],[-79.567268379121003,43.74600839793672],[-79.566872564857874,43.745944982643984],[-79.566514041471208,43.745885243782602],[-79.566446353076685,43.74587849623996],[-79.566118391784443,43.745845805004734],[-79.565679482584557,43.74577055590543],[-79.56522093938257,43.745679186155826],[-79.56479662527471,43.745549846061962],[-79.564390799510704,43.745407874278364],[-79.56398158831108,43.745256352660398],[-79.563678767017635,43.745041032773038],[-79.563404324766239,43.744796352385826],[-79.563045236686946,43.744650119299969],[-79.562722215256699,43.744488689252229],[-79.562352633517733,43.744313034776496],[-79.562166010916968,43.744074073220737],[-79.56223943761394,43.743761772174565],[-79.562259631731607,43.743731643116277],[-79.562335499286704,43.7436187715535],[-79.562395646776693,43.743528420556508],[-79.56244869124184,43.743449009882418],[-79.562459300149285,43.743144159965304],[-79.562292864870344,43.74285373659027],[-79.56189799115657,43.74270184858139],[-79.561459039594425,43.74265465804578],[-79.560998508864046,43.74263034042896],[-79.560979376181734,43.742630053597807],[-79.560486222406496,43.742622709606195],[-79.560355872341532,43.742598961296032],[-79.56002451517773,43.742538602615134],[-79.559764044857076,43.742496631418355],[-79.559562165949586,43.742519446863128],[-79.559426511803835,43.742617945762355],[-79.55939156578188,43.742785053482635],[-79.559280662251652,43.742966305510777],[-79.559148567631922,43.742999417403333],[-79.558758499084831,43.7429168794269],[-79.558388829884549,43.742731553826026],[-79.558070132440378,43.742498611712577],[-79.557890942112209,43.742218449759363],[-79.557849068029284,43.742131663233259],[-79.55786641157917,43.742053433886106],[-79.557960315893425,43.741982717758205],[-79.558111181905701,43.741950479810235],[-79.558336140211253,43.741838660122241],[-79.558392949007086,43.741757800189404],[-79.558376260107707,43.741461218618234],[-79.558172603718347,43.741171087198047],[-79.557834088840139,43.740964510012532],[-79.557639049600311,43.740955670323515],[-79.557460809813406,43.741013412867332],[-79.557176316769684,43.741198215513776],[-79.556964076112962,43.74131441018708],[-79.556821424404035,43.741380100065882],[-79.55679360788217,43.741412914326311],[-79.556793662269342,43.741483582855039],[-79.556927337508597,43.74192841049404],[-79.556980530298461,43.742261068936443],[-79.556896055531993,43.74257596453787],[-79.55673666241951,43.742862876490456],[-79.556459633589498,43.743101554858612],[-79.556033480044292,43.743209950163653],[-79.555629961192025,43.743227069552375],[-79.555197605040348,43.743208646649556],[-79.554752603379725,43.743210219866612],[-79.554372147948072,43.743222292085683],[-79.553979000472694,43.74331387675862],[-79.553646314118268,43.743430716126824],[-79.553337543688059,43.743496650503296],[-79.552951197197913,43.743588822542968],[-79.552558930518174,43.743727370250234],[-79.552523323914713,43.74374374182284],[-79.552252829769799,43.743868127552503],[-79.551938452960087,43.744059771650136],[-79.551559955465052,43.744190109555269],[-79.551209582803935,43.744238243533665],[-79.550795730537175,43.744202423351126],[-79.550370640552586,43.744075568354965],[-79.550008315436145,43.743860418433748],[-79.549838773851306,43.74358678358297],[-79.549829488717748,43.743274679535347],[-79.54993641088879,43.74294383823721],[-79.550228154616505,43.742722487544299],[-79.550406674854401,43.74254074642829],[-79.550423843632629,43.74240531556741],[-79.550392486951623,43.742337181192021],[-79.550218402122411,43.742284258651104],[-79.549985164677921,43.742284360887432],[-79.549834842565147,43.742364897396023],[-79.549489438831984,43.742525665161637],[-79.549337879164455,43.742537027208677],[-79.549229539476741,43.742459312421524],[-79.549201960169796,43.742332650188352],[-79.549310166143499,43.742202391969343],[-79.549348496473044,43.741949990325992],[-79.549128476346709,43.741760060424411],[-79.548781526453311,43.741696615427585],[-79.548410342967017,43.741757009382823],[-79.548199474383551,43.741780942722016],[-79.547996327287677,43.741803972308311],[-79.547614237548345,43.741733904622336],[-79.547325576306847,43.741555989437259],[-79.547025843766207,43.741379923322668],[-79.54670384602656,43.741163720085851],[-79.546403725743957,43.74094689497106],[-79.546392952166229,43.740934486664798],[-79.54617692237268,43.740685681459482],[-79.546169137255063,43.740652317087616],[-79.546138196245948,43.74051981364164],[-79.546101276475568,43.740361704127999],[-79.546182744285034,43.740054720665427],[-79.546426631533592,43.739789697967502],[-79.546776118167244,43.739604625414145],[-79.546945456685421,43.739523500001198],[-79.547124850092843,43.739441443065409],[-79.547480291603094,43.739240550747802],[-79.547574507343001,43.739192634078819],[-79.547836218322374,43.739059531810739],[-79.548217181828107,43.738984679605693],[-79.548357794205174,43.73877142627704],[-79.548364533562207,43.738491485432419],[-79.548579871777164,43.738236641525624],[-79.54887467130763,43.738024186014236],[-79.549274308336919,43.737915891744947],[-79.549494759885377,43.73792268243249],[-79.549664807541902,43.737958694573479],[-79.549760211312318,43.73798571075514],[-79.549880449210647,43.737973659717149],[-79.549938474731576,43.737913488210026],[-79.549992385947675,43.737802587580106],[-79.550089711290056,43.737498861703109],[-79.550053181054381,43.737192683080302],[-79.550248856943952,43.7369099047798],[-79.550451400861689,43.736691922916037],[-79.550513783956475,43.73656023444849],[-79.550559262579796,43.736403863062002],[-79.550530058717698,43.736205434962962],[-79.550459389103921,43.736004009751909],[-79.550285107217292,43.735871759535797],[-79.550011387145631,43.73585685658108],[-79.549837258742826,43.735893000549325],[-79.549576027287671,43.735938219295463],[-79.54942673431853,43.735938256947449],[-79.549161290134975,43.735933294732789],[-79.549107382329481,43.735896286862513],[-79.549082408422706,43.73579407966642],[-79.549119270038872,43.73570783208465],[-79.549369089149309,43.7354775090879],[-79.549636820439545,43.735278006961003],[-79.550039737932764,43.735048002946449],[-79.550332055072786,43.734890497139304],[-79.550479112995546,43.734804254535177],[-79.550557806124573,43.734717015860191],[-79.550557715047219,43.734608758132467],[-79.55047874992357,43.734416355776538],[-79.55043712880871,43.73424195734669],[-79.550445160501951,43.734108789625253],[-79.550499074477287,43.733947247766885],[-79.550490701451366,43.733866060379334],[-79.550457405892232,43.733730777605054],[-79.550360140769783,43.733533963610604],[-79.550014686262841,43.733302576656499],[-79.549609084694765,43.733229510405749],[-79.54918890090714,43.733099183163588],[-79.549037862941248,43.73297539113053],[-79.548947059417358,43.732870871755765],[-79.548866013252862,43.732827430488541],[-79.548560917588304,43.732709977435995],[-79.548216219039759,43.732570784303441],[-79.547806182209129,43.732390535853561],[-79.547700336109003,43.732144594414095],[-79.547555816664683,43.731953036405528],[-79.547182520500243,43.731761356843712],[-79.546769122668309,43.73155792786045],[-79.546324278816101,43.731443235278],[-79.545856813872589,43.731450993813517],[-79.545588860236379,43.731482371283384],[-79.545499794313656,43.731530581370933],[-79.545333942066549,43.73184528535792],[-79.545124767681756,43.732146630367531],[-79.544981907126171,43.732269805526528],[-79.544798903995542,43.732363859258164],[-79.544593143574275,43.732403905185919],[-79.54441043838716,43.732381770281556],[-79.544076685567148,43.732273713666686],[-79.543883687822472,43.732044265514716],[-79.543842396698977,43.731783236622391],[-79.544006264116945,43.731544631983326],[-79.544269919381236,43.73135549527705],[-79.544570031481754,43.731184346213382],[-79.544855001163626,43.731017693915575],[-79.544828449650339,43.730801683720252],[-79.544557524469596,43.730572240179015],[-79.544241599193469,43.730369826118334],[-79.543906309974517,43.730198931940805],[-79.543597431567193,43.730037036940445],[-79.543219124415103,43.729920155548683],[-79.542789690747725,43.729839305997018],[-79.542377711353282,43.729794471306079],[-79.541990918008665,43.729713593933383],[-79.541554483523115,43.72964624416349],[-79.541149501062492,43.729592392262944],[-79.540818229584033,43.729579027191313],[-79.540467670220337,43.729660171966117],[-79.540145835590153,43.729781802138859],[-79.539954346572785,43.729957402328701],[-79.539784245508827,43.730191520780529],[-79.539595898891918,43.730430118905254],[-79.539436246907997,43.730664215197187],[-79.539282791439021,43.730884825278707],[-79.539240295627337,43.731123372570082],[-79.539309918155027,43.731384393415794],[-79.539414083933494,43.731658904150066],[-79.539491099125215,43.731946944010737],[-79.539240211060047,43.732077557284484],[-79.538922112213953,43.732068655813158],[-79.538631837753584,43.731933744807641],[-79.538462602074944,43.731771761694894],[-79.538422545757001,43.731618745210298],[-79.538461186626762,43.731402693622456],[-79.538471915869749,43.731331679283102],[-79.538504041703874,43.731119140343608],[-79.538532165732747,43.730822063146753],[-79.538533887783487,43.730507019365938],[-79.53856271862189,43.730151433863462],[-79.53861874992549,43.729840872326534],[-79.538741130281608,43.729534779893143],[-79.538863902134864,43.729260173504642],[-79.538798522046534,43.728949653047678],[-79.538664858425662,43.728616625557422],[-79.53853466230575,43.72828812434512],[-79.538436678122252,43.727959585134371],[-79.53831465300452,43.72761306040487],[-79.538229463562217,43.727257539972648],[-79.538278877149835,43.726906457074229],[-79.538479970004929,43.726636325335953],[-79.538813402667643,43.726447177541196],[-79.539196907842424,43.726321038298479],[-79.53960794048929,43.726230875193686],[-79.540040048220945,43.726253218745661],[-79.540470177271288,43.726230573160777],[-79.540865720244881,43.726126909152725],[-79.541144855139677,43.725924272077407],[-79.541303675051353,43.725627164810028],[-79.541339096548555,43.72528057716422],[-79.541272510399068,43.724925052125158],[-79.541127199835898,43.724574037997421],[-79.540966379333582,43.724227529845336],[-79.540764449704696,43.723912549472864],[-79.54072309845715,43.723644417119068],[-79.5407102831484,43.723561520213536],[-79.54074500771469,43.723300453712362],[-79.540752737698483,43.723241942857818],[-79.540738732001444,43.723178948129217],[-79.540730406419783,43.722962903182811],[-79.540719705753062,43.722611858372602],[-79.540787721101424,43.722265286101795],[-79.540963558499456,43.721945660921236],[-79.54122710399146,43.721680038346193],[-79.54155427623941,43.721445887407619],[-79.541699254023328,43.72134232024716],[-79.541915564027946,43.721193720519324],[-79.542265610907648,43.720968551382725],[-79.542429549550164,43.720810968775872],[-79.54255356457756,43.720675903924743],[-79.542803484634717,43.720360784851415],[-79.542947524210618,43.720027675540088],[-79.543035758576124,43.719757613815794],[-79.54307411629037,43.719717093735589],[-79.543172915322231,43.719591038938056],[-79.543231000639693,43.719474000709951],[-79.543308466975617,43.719316440472276],[-79.543409940546539,43.719131849302933],[-79.543454492610365,43.719059831355182],[-79.54347927168368,43.719001295787521],[-79.543703540147575,43.718618648005368],[-79.54384954598649,43.718339526224241],[-79.543976205551644,43.718132439723327],[-79.544035467661061,43.718033394111046],[-79.544077894044705,43.717704795964401],[-79.543928733765085,43.717416786223019],[-79.543854217464443,43.717342563481722],[-79.543650846819034,43.717151337643841],[-79.543262881815906,43.716935446002296],[-79.543172900461769,43.716908476255846],[-79.542559673491766,43.716787207272887],[-79.542439815210813,43.71676924932526],[-79.542416558449787,43.71676925795785],[-79.54203497514635,43.716778391175744],[-79.541684802165818,43.71682353469653],[-79.541486226001879,43.716841627456226],[-79.54129817359231,43.716859698066614],[-79.540915709540712,43.716742810279449],[-79.540687903963047,43.716535835694216],[-79.540621734577897,43.716189292835871],[-79.540660006662563,43.716004735450774],[-79.540696803644451,43.715914709780229],[-79.540771841097353,43.715631116414016],[-79.540737527630768,43.715356572268647],[-79.54047520996869,43.715140626247361],[-79.540257235080929,43.715055200266178],[-79.539846495073462,43.714983316113305],[-79.53943927039829,43.714933959422382],[-79.539029714775523,43.714848570035294],[-79.538596459292322,43.71472719114788],[-79.538206635036602,43.714578792327742],[-79.538010231445313,43.714313302636832],[-79.537934810669086,43.714007266836184],[-79.537846614451851,43.713710245462373],[-79.537826085874542,43.713508011919579],[-79.537824976632166,43.713224166501902],[-79.537838028750784,43.713062130464799],[-79.537841867589904,43.712990101093972],[-79.537851448888858,43.712814564303933],[-79.536127324663042,43.713231430612275],[-79.535659068970617,43.71334332831573],[-79.530573176089092,43.71451576680392],[-79.529719341596262,43.714705378495431],[-79.528148262573126,43.71505414291844],[-79.526775663939858,43.715378463997091],[-79.526639291590001,43.715407587928212],[-79.526501342909242,43.71543640601918],[-79.526365813544615,43.715464098228246],[-79.52622868298927,43.715491376585994],[-79.526091341136876,43.715518186761884],[-79.5259537258395,43.71554429473661],[-79.525815998489293,43.71556983549155],[-79.525678010162508,43.715594791057299],[-79.525539760801692,43.715619017412742],[-79.525401424254127,43.715642757552338],[-79.525262814323924,43.715665894500532],[-79.525123968222388,43.715688374240649],[-79.524985109360117,43.71571025973175],[-79.524845865407372,43.715731470043465],[-79.524706534245851,43.715752095122568],[-79.524567029005652,43.715772125986142],[-79.524427461391966,43.715791589613467],[-79.524287607973619,43.715810351032928],[-79.524147617744319,43.715828581235918],[-79.524008135910933,43.7158459830449],[-79.520343612388046,43.716210497813613],[-79.520230659319026,43.716221724426141],[-79.520144920942215,43.716231001862432],[-79.518916559732006,43.716363899278505],[-79.518559581438367,43.716402519183241],[-79.518536213913421,43.716405088333268],[-79.518191980106479,43.716442849902869],[-79.518090642078135,43.716453964535987],[-79.516128169057538,43.716669253300445],[-79.512973175039278,43.717030020216924],[-79.510114271839512,43.71734771121929],[-79.507791655842482,43.717580539583437],[-79.507701185219787,43.717589600977256],[-79.506459132029264,43.717744229459058],[-79.505615679422419,43.717849264644457],[-79.503587006186436,43.718076276935726],[-79.502201020823833,43.71825723723525],[-79.501009984628936,43.718427854729029],[-79.499851842098863,43.718635572022507],[-79.499582779732194,43.718674645797975],[-79.497789260273734,43.718971864560757],[-79.496952611897171,43.719110482612372],[-79.495186246396926,43.719403106596054],[-79.494692774488527,43.719484852123244],[-79.494521503212312,43.71951112769861],[-79.494350219307975,43.71953812311677],[-79.494179208243992,43.719565568354604],[-79.494008308654841,43.719593679434944],[-79.493837508142633,43.719622276332558],[-79.49366711696635,43.719651431075114],[-79.493496713143927,43.719681233652913],[-79.493326557308364,43.719711585067344],[-79.493156649460516,43.719742440313269],[-79.492986853072935,43.719773835388395],[-79.49281730465097,43.719805851313069],[-79.492647917320326,43.71983843407525],[-79.492478877244011,43.719871547682907],[-79.492421090789037,43.719883065467847],[-79.492309836910152,43.719905219117983],[-79.492141156223752,43.719939493411417],[-79.491972611804769,43.719974217527863],[-79.491804327732851,43.72000958050306],[-79.491636279192576,43.720045501325103],[-79.491468490996382,43.72008201600184],[-79.491300938333552,43.72011901651755],[-79.491133521895804,43.720156619881791],[-79.490968190258712,43.72019440319032],[-79.490729644021712,43.720246717365164],[-79.490491196546301,43.720299733147428],[-79.490253034022473,43.720353243524897],[-79.490015106774266,43.72040741051746],[-79.489777414814412,43.720462117110316],[-79.48953999534983,43.720517480324595],[-79.489302935277792,43.720573347148829],[-79.489066122872828,43.720629834590824],[-79.488829434011251,43.720686978644949],[-79.488593104514393,43.720744680321786],[-79.48835704751319,43.72080286760464],[-79.488121349823345,43.72086182854423],[-79.487885899807765,43.720921212082168],[-79.487650684988267,43.720981324261139],[-79.487415755057953,43.721041895050526],[-79.487181184429161,43.721103158492902],[-79.486945719562385,43.721165150452336],[-79.481273509707705,43.722554307662584],[-79.481172050962385,43.722579152440083],[-79.477713725310906,43.723431173541591],[-79.474608420189668,43.724186882533076],[-79.472646650363501,43.724660300406548],[-79.472530412722108,43.724688779470242],[-79.472566684410126,43.724869911206028],[-79.472602820010792,43.72505054782355],[-79.473432522135639,43.729147748072577],[-79.473615319559954,43.730122012186129],[-79.474174185187934,43.732876103073998],[-79.474500500590523,43.734484453029985],[-79.475643102429018,43.740112483410357],[-79.477127547004486,43.747477105998982],[-79.478579796032832,43.754699591874427],[-79.478582795849462,43.754714606432096],[-79.479271603578965,43.758125339703014],[-79.480814467641125,43.765764545678621],[-79.481382801860079,43.768475740088192],[-79.481418367937067,43.768660197942459],[-79.481477744405922,43.768968209753751],[-79.481497474672793,43.769070619302916],[-79.481514278305809,43.769157870397372],[-79.481525129401007,43.769214165490681],[-79.481547154130297,43.769328285924118],[-79.484460624541782,43.783894480082004]]]},"properties":{"AREA_NAME":"31"}},{"type":"Feature","geometry":{"type":"Polygon","coordinates":[[[-79.381454436120478,43.730241106376148],[-79.381349309479859,43.730650265398488],[-79.381142458015432,43.731641860319591],[-79.381111674683723,43.731760257512661],[-79.381103599893251,43.731870028135077],[-79.381106356548784,43.732001349968655],[-79.381137345521552,43.732199571307547],[-79.381213444023203,43.732668443513454],[-79.381553225482165,43.734514444096241],[-79.381784572170631,43.735643311389104],[-79.381845750631115,43.73603391981095],[-79.38190798128376,43.736407516946272],[-79.382296893122827,43.738525743790035],[-79.382584734973861,43.740053465841818],[-79.382653164429314,43.740359721562058],[-79.382752001678526,43.74083653648804],[-79.382899178185312,43.741546496325448],[-79.383049337251478,43.742256773979477],[-79.38328470074714,43.74341832422293],[-79.383409868902106,43.743991433177477],[-79.383625297904146,43.745105813689904],[-79.383792455586416,43.746094235599806],[-79.384024177394863,43.747240666811095],[-79.384061369715553,43.747424716221666],[-79.384153559904732,43.747876814292482],[-79.384155778076163,43.748059370003475],[-79.38426573838214,43.748563008841664],[-79.384303345455507,43.748738822448338],[-79.384407689475097,43.749226379254353],[-79.384504917195855,43.749689679490828],[-79.384535405905424,43.749842145673462],[-79.384620034534578,43.750265440690931],[-79.384714809433632,43.750753320470778],[-79.384865923889578,43.751649011287789],[-79.38497144373892,43.752150052312366],[-79.385117092402851,43.752855856798689],[-79.3852553192541,43.753476835278271],[-79.385307014208962,43.753730621914272],[-79.385529404710525,43.754819098484084],[-79.385697119276713,43.755571541183848],[-79.385828198011851,43.756229029367773],[-79.385936393831614,43.756826861593815],[-79.386046455814068,43.757515661553725],[-79.386165677751166,43.758221581710075],[-79.386324693420292,43.759123938176238],[-79.386635673211998,43.760586192901577],[-79.386690368935589,43.760842195864221],[-79.386844966763164,43.76184276773688],[-79.386926157376763,43.762368139176992],[-79.387057555596684,43.762956586415449],[-79.387098033006666,43.763134165727898],[-79.387152097973072,43.763311740434304],[-79.387192625411714,43.763469580160091],[-79.387258417321206,43.76373208352458],[-79.387294252140535,43.763862626992804],[-79.387331254574676,43.763993180598987],[-79.387369449420603,43.764123771369945],[-79.387408381242849,43.764258836437882],[-79.387448149787971,43.764384928136572],[-79.387521781485901,43.76462060651005],[-79.387530320066944,43.764650570839187],[-79.387588643481365,43.764817177044421],[-79.387605196768746,43.76487836533984],[-79.387839795891423,43.765745454322861],[-79.388056199404446,43.766589274833613],[-79.388104257291644,43.766894227747727],[-79.388218981620199,43.767370268183051],[-79.388263785277232,43.767555889226159],[-79.388415576958366,43.76819169148034],[-79.388577605716932,43.769055539161926],[-79.388662545764092,43.769380942317795],[-79.388830571453909,43.770095555884588],[-79.388975669874227,43.77074375421477],[-79.389186856438982,43.771652942269085],[-79.389362918887144,43.772441795190524],[-79.389386080387851,43.772545619072041],[-79.389583253422614,43.773475963286664],[-79.38959774779758,43.773537842301579],[-79.389783945032079,43.774333526986311],[-79.38998177861707,43.775242124049221],[-79.390185595270083,43.7760953872314],[-79.39039501380816,43.777054229905204],[-79.390465147810644,43.777410572055238],[-79.390615602428284,43.778042939568913],[-79.390917181833018,43.779374760052733],[-79.390993003546868,43.77970810920857],[-79.391137969453766,43.780324817536723],[-79.391243424670449,43.780794580185621],[-79.391257279101495,43.780855018117208],[-79.391374430680415,43.781404956002476],[-79.391494817916239,43.781932429909723],[-79.391709601418526,43.782915244354136],[-79.391918716204202,43.783869312195037],[-79.392108960017922,43.78476403511457],[-79.392147426152292,43.785005599222607],[-79.392199105933429,43.785229875566053],[-79.39225761614162,43.785587474303952],[-79.392389738687186,43.786238021611631],[-79.392535243085035,43.786973147030388],[-79.392676263816668,43.787709294089488],[-79.392745840394312,43.788023571311037],[-79.392921137955568,43.788890086625855],[-79.392957102108241,43.789067856854388],[-79.392993718918035,43.789228147461138],[-79.393127407284467,43.789929344382493],[-79.393155792649964,43.790079509934721],[-79.393353791720045,43.791127400427399],[-79.393596387888749,43.792297765369227],[-79.394008222664027,43.794151076640965],[-79.394221915768412,43.795102559312824],[-79.394447897814743,43.796072559100566],[-79.394881202482622,43.797929459276318],[-79.395178404577891,43.799153471379903],[-79.395301354740866,43.799633281035078],[-79.395379835346759,43.799952748801346],[-79.395595582847065,43.800919162682035],[-79.395812180753978,43.801872201101254],[-79.395908886688943,43.802241542198999],[-79.395991161662337,43.802576944837895],[-79.396083821125572,43.802801247019922],[-79.396187209388103,43.80300964488481],[-79.396318777518985,43.803258483240427],[-79.396856658188312,43.803133242295139],[-79.397305755621815,43.803034040323212],[-79.397797247162131,43.802925486335376],[-79.398499644846083,43.802770329910061],[-79.399117632184513,43.802634861146409],[-79.39947789044578,43.802555860703166],[-79.400893228520005,43.802245558998038],[-79.401695981585533,43.802065320756199],[-79.402481031377789,43.801893468813034],[-79.403719791013032,43.801620839980934],[-79.406250775971245,43.801068664000923],[-79.409259400984993,43.800403803026853],[-79.41186671813999,43.799830626517483],[-79.41446044454797,43.799262762968119],[-79.417092695764794,43.798685912328246],[-79.418937268187676,43.798275794001128],[-79.419434437016278,43.79816595374551],[-79.419734539912611,43.798099637566594],[-79.420060868407987,43.79802940545224],[-79.423167968182966,43.797355623721892],[-79.426394943597458,43.79665961091343],[-79.429268508373397,43.796035333785042],[-79.431933335307761,43.795421958607932],[-79.436564885274478,43.794414425990112],[-79.438384215251475,43.794017589182808],[-79.439398565482691,43.793796901651739],[-79.441028159156303,43.793440382051941],[-79.443817963746554,43.79284359001749],[-79.445726737588402,43.792461982080347],[-79.447573860552453,43.79205999840908],[-79.453029833068797,43.790864976453115],[-79.455155875195601,43.790391893412796],[-79.455824239050713,43.790241645638808],[-79.457587473908958,43.789864697713895],[-79.458391326331125,43.789692909376662],[-79.459087667633099,43.789543840832195],[-79.459842237065857,43.789384473206908],[-79.460143616684121,43.789320310551844],[-79.463195512948545,43.78867391792533],[-79.465149211796643,43.788264681316349],[-79.465907821791788,43.78810994643424],[-79.46690203108821,43.787907676934196],[-79.467142854003328,43.78785721399862],[-79.468470608922757,43.787592531301719],[-79.470114643463603,43.787267518624532],[-79.474715528817157,43.786193919268193],[-79.474736070955359,43.786183698508275],[-79.481010105642994,43.78470897695059],[-79.484460624541782,43.783894480082004],[-79.481547154130297,43.769328285924118],[-79.481525129401007,43.769214165490681],[-79.481514278305809,43.769157870397372],[-79.481497474672793,43.769070619302916],[-79.481477744405922,43.768968209753751],[-79.481418367937067,43.768660197942459],[-79.481382801860079,43.768475740088192],[-79.480814467641125,43.765764545678621],[-79.479271603578965,43.758125339703014],[-79.478582795849462,43.754714606432096],[-79.478579796032832,43.754699591874427],[-79.477127547004486,43.747477105998982],[-79.475643102429018,43.740112483410357],[-79.474500500590523,43.734484453029985],[-79.474174185187934,43.732876103073998],[-79.473615319559954,43.730122012186129],[-79.473432522135639,43.729147748072577],[-79.472602820010792,43.72505054782355],[-79.472566684410126,43.724869911206028],[-79.472530412722108,43.724688779470242],[-79.472492135112873,43.724497646852306],[-79.47230338840933,43.723554963910274],[-79.472066478897816,43.722371746412691],[-79.471748687804691,43.720755458095049],[-79.470899206729641,43.716435642479794],[-79.470109237584708,43.712416853105978],[-79.469821284196684,43.710997044030023],[-79.469777229649068,43.710804396305697],[-79.468756853324066,43.711013419386347],[-79.466603512697418,43.711482487535747],[-79.46323320974993,43.712243608175761],[-79.462085243747907,43.712490965928311],[-79.460874602959393,43.712754159931009],[-79.458591122616482,43.713279650308401],[-79.456821458495156,43.71366862412097],[-79.455538773026959,43.713944804146934],[-79.454751125209967,43.714086913005659],[-79.453567089495607,43.714172283178577],[-79.452392024813733,43.714348962605719],[-79.45216268751922,43.714387095207684],[-79.449470637226185,43.714970487656672],[-79.448408058502665,43.715213082988562],[-79.446520823847081,43.715615624988885],[-79.446071625833738,43.715705372513249],[-79.444981081114321,43.715939056518963],[-79.444465875158699,43.716049225794372],[-79.444247526157881,43.716095926039877],[-79.44402118312648,43.716144332192052],[-79.443338030305043,43.716291013117591],[-79.443218831659294,43.716316616550621],[-79.441339494372912,43.716694350394576],[-79.438372573565644,43.71732299419363],[-79.437686408759433,43.717499730881208],[-79.435291209668733,43.718003478422048],[-79.435101025512353,43.71804346218412],[-79.432973987150334,43.718492720457192],[-79.42981612576753,43.719258992021693],[-79.428298536071424,43.719595570068563],[-79.426637399106511,43.719941046156293],[-79.426414712308585,43.719990391891763],[-79.425554662226418,43.720160840743496],[-79.424383479081712,43.720398587091942],[-79.422476286566905,43.720820350236913],[-79.421444335548557,43.72103568466791],[-79.419981360959767,43.721336202707207],[-79.418500549912025,43.721663675030896],[-79.417657537693501,43.721838568178896],[-79.416759805336312,43.72201792489254],[-79.415609514129585,43.722255596470575],[-79.414204427714438,43.722566146620224],[-79.413203247656583,43.722798352014486],[-79.412108748610308,43.723031548059801],[-79.411345568603579,43.723188507484522],[-79.410027983292636,43.723462006945766],[-79.408794978241062,43.723731058102402],[-79.407120430149092,43.724062746721508],[-79.405610309052776,43.724385563446042],[-79.404554155885464,43.72460969949654],[-79.403571733457042,43.724841845102191],[-79.403177858750723,43.724916222458759],[-79.402195290771203,43.725101792669676],[-79.400731610800733,43.725410623677732],[-79.400013568033472,43.725572101189975],[-79.399307611286275,43.725725861768865],[-79.399204255419377,43.725748372790534],[-79.398857119869234,43.725833613946691],[-79.397569374306499,43.726090190742624],[-79.397246807531559,43.726148157254876],[-79.396400534015314,43.726342504250816],[-79.396095574282839,43.726395262748987],[-79.395153197285168,43.726597074141104],[-79.393970120997423,43.72685863899212],[-79.391994158508922,43.727257767167877],[-79.390076511848562,43.727682165724708],[-79.389531454136872,43.727790717252908],[-79.386711151778997,43.728381138310404],[-79.386542409906312,43.728396759109849],[-79.386398597423224,43.728416346981291],[-79.386247453938651,43.728426755115578],[-79.386056154374756,43.728424674315924],[-79.385899513487416,43.728414688707765],[-79.385704588924611,43.728373736359039],[-79.385536728977584,43.728330236429755],[-79.385378141381054,43.728273774769313],[-79.384970739243627,43.72817424387523],[-79.384474733014116,43.728038347021808],[-79.383984695066218,43.727904722382817],[-79.383592447652632,43.72782098112129],[-79.383325480703633,43.727762767955845],[-79.382887013010276,43.727690768704782],[-79.382188526133376,43.727576419275231],[-79.381889519126602,43.727527567018406],[-79.38190150296802,43.727714130064989],[-79.381899404551135,43.7279356033577],[-79.381880796731238,43.728062663604106],[-79.381454436120478,43.730241106376148]]]},"properties":{"AREA_NAME":"32"}},{"type":"Feature","geometry":{"type":"Polygon","coordinates":[[[-79.304999579201223,43.730384244990375],[-79.305112887575731,43.730659200853601],[-79.305610211976273,43.731866212684487],[-79.305892302874611,43.732551055566461],[-79.306226107711083,43.733361462469318],[-79.306760391414556,43.734658561642185],[-79.307427934527666,43.736271006448746],[-79.307651207622555,43.7368247325672],[-79.307736648064406,43.737036639069807],[-79.308333351252102,43.738486918788077],[-79.3084647211126,43.738799301293966],[-79.308897849816219,43.739829144579524],[-79.30922963729455,43.740666866008823],[-79.309348345211845,43.740919107126579],[-79.309793761367686,43.742144041446267],[-79.310029396735032,43.742720510990004],[-79.310307695456146,43.743549111741409],[-79.310577447373333,43.744377670528444],[-79.310790560343619,43.744963129165306],[-79.310938946222294,43.745404442957003],[-79.311051570609948,43.745728897732064],[-79.311129644219477,43.745953831943226],[-79.31117448173427,43.74604390910293],[-79.311414350685467,43.746728432882549],[-79.311711089339582,43.747620068501291],[-79.311814816762151,43.74795324791269],[-79.312111582980094,43.748835917148682],[-79.312433967644239,43.749736593921348],[-79.312643099250025,43.750356318599621],[-79.312753067693322,43.750682261264728],[-79.313024712501502,43.751498178666544],[-79.313262827744339,43.752213308124638],[-79.313535875130427,43.753005868280084],[-79.313804496188212,43.753726437901442],[-79.314018812386337,43.754341109407328],[-79.314495290609543,43.755707886882021],[-79.314615395489113,43.756063367813489],[-79.314836029663127,43.75671660888748],[-79.31524542190364,43.757869423720038],[-79.315623087755952,43.758767182034582],[-79.315893264628528,43.75937352347534],[-79.316083292666733,43.759753166417163],[-79.316176534919123,43.759960172675399],[-79.316325099823686,43.760339478448415],[-79.316618410476948,43.760992238286768],[-79.316897446531343,43.761603794017773],[-79.317043237678519,43.761926161824128],[-79.317086551836212,43.762021643687696],[-79.317240060342399,43.762379830272657],[-79.317326876721978,43.762570677102808],[-79.317531724744725,43.763020937375735],[-79.317955201752852,43.76396715965236],[-79.31803965097825,43.764219300149627],[-79.318118012022595,43.764406856427605],[-79.318164259039321,43.764515223195716],[-79.318596185901427,43.765421653088744],[-79.318828216429367,43.766007727702657],[-79.319054477026867,43.766585196528816],[-79.319116588948532,43.766755219033563],[-79.319179658116639,43.766925071991594],[-79.319243721800461,43.767094755460327],[-79.319308792645288,43.767264197448661],[-79.319375388235656,43.767434757950191],[-79.319457550014974,43.767620960034257],[-79.319540420580694,43.767807064159442],[-79.319596178647288,43.767930639281559],[-79.319624236528369,43.767992872671776],[-79.319630714714691,43.768007095747905],[-79.319711513160186,43.768184564341588],[-79.319794134133389,43.768363304911603],[-79.319880310792598,43.768549386975451],[-79.319885983201246,43.768563122702581],[-79.319915812647295,43.768635377110961],[-79.319928774590878,43.768666199544825],[-79.319951948177419,43.768721332227685],[-79.319988954246938,43.768806964660584],[-79.320026830103288,43.768892526440453],[-79.320065365079515,43.768977855213706],[-79.320104720380868,43.769063041245069],[-79.320144958412214,43.769147985619107],[-79.320185942356957,43.76923275112776],[-79.320227647537607,43.769317283724476],[-79.32027029729295,43.769401664770129],[-79.32031350687015,43.769485794646009],[-79.320335281234108,43.76952724326371],[-79.320357599003529,43.769569745868033],[-79.320402549042797,43.769653455388301],[-79.320448152186785,43.769734798607793],[-79.320504752950328,43.769835322571694],[-79.320560483830135,43.769936043165892],[-79.32057318303093,43.769959394135903],[-79.320615443922776,43.770037050558855],[-79.320669683125075,43.770138272820645],[-79.320723164089628,43.770239736897167],[-79.320775899530176,43.770341343796574],[-79.32082791412455,43.77044314756558],[-79.320879008967921,43.770545201900433],[-79.320929407854535,43.770647435143658],[-79.32097799181507,43.770750196589077],[-79.321023568204467,43.770853547379623],[-79.321069181826559,43.770956961216605],[-79.321114807973046,43.771060393055471],[-79.321140273639557,43.771118175405391],[-79.321518083425403,43.771941454750355],[-79.322071802360981,43.773169069032875],[-79.322210340302135,43.773501436606949],[-79.322549535158487,43.774211048443931],[-79.323017110536114,43.775244629860062],[-79.324170592710217,43.77774308895011],[-79.324231537693237,43.777875040654386],[-79.325042667128884,43.779586432912275],[-79.325395308224003,43.780352016312499],[-79.326285159965764,43.78223460413404],[-79.326407471130096,43.782492483916506],[-79.326955914802198,43.783648748178109],[-79.327057987217799,43.783874102411389],[-79.327225196112337,43.784243231352967],[-79.327933596147687,43.785729516243499],[-79.327997940547348,43.785864540265031],[-79.329005285243028,43.787999322849835],[-79.329586508492,43.789251367549063],[-79.330787882485595,43.791764380024794],[-79.331412429460713,43.793106472092845],[-79.331828485942324,43.794016172499354],[-79.332288477301901,43.795060952691145],[-79.332693587332201,43.795966385043442],[-79.332945361019682,43.796529044856243],[-79.333406969414455,43.797564803325116],[-79.333633206873913,43.798051166701022],[-79.334201376244621,43.799321114987876],[-79.33469482549539,43.800430516118411],[-79.334858340775227,43.80079821431417],[-79.335120121397551,43.801374637036041],[-79.335384070270891,43.802005086945982],[-79.335535583795377,43.80232925537387],[-79.335869799087064,43.803067890579406],[-79.336316817206296,43.804085648937466],[-79.336716020981456,43.804977339455114],[-79.337190921201795,43.806022218239313],[-79.337357709646611,43.806399521352603],[-79.337644881822754,43.807049098897025],[-79.338311829184278,43.808528134810729],[-79.338412488036113,43.808751405675714],[-79.338859469069945,43.809796183358557],[-79.339209860741136,43.810660774127555],[-79.339761018747069,43.812096414394986],[-79.340251191992991,43.81321624376249],[-79.340883344282886,43.81461490662975],[-79.341317880482194,43.815650754220066],[-79.342563967967436,43.815348600447393],[-79.344998627116567,43.814782545789747],[-79.346767619780408,43.814366434102688],[-79.348555793265575,43.81396978980149],[-79.348984754549051,43.8138749637424],[-79.35196589221664,43.813215959829073],[-79.35246288999457,43.813099075094989],[-79.352718014477361,43.813040203901494],[-79.353614397342923,43.812833430060628],[-79.355118961258597,43.812483971186545],[-79.357555672481681,43.811917939352298],[-79.358599122666348,43.811687663670973],[-79.360776960384484,43.811184151222406],[-79.362787511313513,43.810728084370886],[-79.364879623100492,43.810248297640136],[-79.365912880732708,43.810014828676614],[-79.367752906991228,43.809593326473625],[-79.37039718473666,43.808988123704268],[-79.371767187370594,43.808676745477896],[-79.372549737678924,43.808510551214596],[-79.374477413656095,43.808068650820331],[-79.376101360835321,43.80771559903198],[-79.376844190589154,43.807548306139793],[-79.379689475246153,43.806923212105325],[-79.380472875472663,43.806750834672428],[-79.381916755332355,43.80643079782196],[-79.383401398899593,43.806104096477313],[-79.384710512393511,43.805814427506874],[-79.385787795892028,43.805576601541922],[-79.387177462561723,43.805266048160199],[-79.388255817581694,43.805029586136854],[-79.389406383787644,43.804773966443207],[-79.391587285163439,43.804294235214961],[-79.392514257553501,43.804090272328807],[-79.392739757988551,43.804040780009707],[-79.394436274709662,43.803662782437179],[-79.396318777518985,43.803258483240427],[-79.396187209388103,43.80300964488481],[-79.396083821125572,43.802801247019922],[-79.395991161662337,43.802576944837895],[-79.395908886688943,43.802241542198999],[-79.395812180753978,43.801872201101254],[-79.395595582847065,43.800919162682035],[-79.395379835346759,43.799952748801346],[-79.395301354740866,43.799633281035078],[-79.395178404577891,43.799153471379903],[-79.394881202482622,43.797929459276318],[-79.394447897814743,43.796072559100566],[-79.394221915768412,43.795102559312824],[-79.394008222664027,43.794151076640965],[-79.393596387888749,43.792297765369227],[-79.393353791720045,43.791127400427399],[-79.393155792649964,43.790079509934721],[-79.393127407284467,43.789929344382493],[-79.392993718918035,43.789228147461138],[-79.392957102108241,43.789067856854388],[-79.392921137955568,43.788890086625855],[-79.392745840394312,43.788023571311037],[-79.392676263816668,43.787709294089488],[-79.392535243085035,43.786973147030388],[-79.392389738687186,43.786238021611631],[-79.39225761614162,43.785587474303952],[-79.392199105933429,43.785229875566053],[-79.392147426152292,43.785005599222607],[-79.392108960017922,43.78476403511457],[-79.391918716204202,43.783869312195037],[-79.391709601418526,43.782915244354136],[-79.391494817916239,43.781932429909723],[-79.391374430680415,43.781404956002476],[-79.391257279101495,43.780855018117208],[-79.391243424670449,43.780794580185621],[-79.391137969453766,43.780324817536723],[-79.390993003546868,43.77970810920857],[-79.390917181833018,43.779374760052733],[-79.390615602428284,43.778042939568913],[-79.390465147810644,43.777410572055238],[-79.39039501380816,43.777054229905204],[-79.390185595270083,43.7760953872314],[-79.38998177861707,43.775242124049221],[-79.389783945032079,43.774333526986311],[-79.38959774779758,43.773537842301579],[-79.389583253422614,43.773475963286664],[-79.389386080387851,43.772545619072041],[-79.389362918887144,43.772441795190524],[-79.389186856438982,43.771652942269085],[-79.388975669874227,43.77074375421477],[-79.388830571453909,43.770095555884588],[-79.388662545764092,43.769380942317795],[-79.388577605716932,43.769055539161926],[-79.388415576958366,43.76819169148034],[-79.388263785277232,43.767555889226159],[-79.388218981620199,43.767370268183051],[-79.388104257291644,43.766894227747727],[-79.388056199404446,43.766589274833613],[-79.387839795891423,43.765745454322861],[-79.387605196768746,43.76487836533984],[-79.387588643481365,43.764817177044421],[-79.387530320066944,43.764650570839187],[-79.387521781485901,43.76462060651005],[-79.387448149787971,43.764384928136572],[-79.387408381242849,43.764258836437882],[-79.387369449420603,43.764123771369945],[-79.387331254574676,43.763993180598987],[-79.387294252140535,43.763862626992804],[-79.387258417321206,43.76373208352458],[-79.387192625411714,43.763469580160091],[-79.387152097973072,43.763311740434304],[-79.387098033006666,43.763134165727898],[-79.387057555596684,43.762956586415449],[-79.386926157376763,43.762368139176992],[-79.386844966763164,43.76184276773688],[-79.386690368935589,43.760842195864221],[-79.386635673211998,43.760586192901577],[-79.386324693420292,43.759123938176238],[-79.386165677751166,43.758221581710075],[-79.386046455814068,43.757515661553725],[-79.385936393831614,43.756826861593815],[-79.385828198011851,43.756229029367773],[-79.385697119276713,43.755571541183848],[-79.385529404710525,43.754819098484084],[-79.385307014208962,43.753730621914272],[-79.3852553192541,43.753476835278271],[-79.385117092402851,43.752855856798689],[-79.38497144373892,43.752150052312366],[-79.384865923889578,43.751649011287789],[-79.384714809433632,43.750753320470778],[-79.384620034534578,43.750265440690931],[-79.384535405905424,43.749842145673462],[-79.384504917195855,43.749689679490828],[-79.384407689475097,43.749226379254353],[-79.384303345455507,43.748738822448338],[-79.38426573838214,43.748563008841664],[-79.384155778076163,43.748059370003475],[-79.384153559904732,43.747876814292482],[-79.384061369715553,43.747424716221666],[-79.384024177394863,43.747240666811095],[-79.383792455586416,43.746094235599806],[-79.383625297904146,43.745105813689904],[-79.383409868902106,43.743991433177477],[-79.38328470074714,43.74341832422293],[-79.383049337251478,43.742256773979477],[-79.382899178185312,43.741546496325448],[-79.382752001678526,43.74083653648804],[-79.382653164429314,43.740359721562058],[-79.382584734973861,43.740053465841818],[-79.382296893122827,43.738525743790035],[-79.38190798128376,43.736407516946272],[-79.381845750631115,43.73603391981095],[-79.381784572170631,43.735643311389104],[-79.381553225482165,43.734514444096241],[-79.381213444023203,43.732668443513454],[-79.381137345521552,43.732199571307547],[-79.381106356548784,43.732001349968655],[-79.381103599893251,43.731870028135077],[-79.381111674683723,43.731760257512661],[-79.381142458015432,43.731641860319591],[-79.381349309479859,43.730650265398488],[-79.381454436120478,43.730241106376148],[-79.381268021996036,43.7301508915453],[-79.38108932200231,43.730083187520563],[-79.380957201144284,43.730006539503002],[-79.380911488160237,43.729979488181158],[-79.380778732046991,43.72983533903475],[-79.380665746846546,43.72968668275238],[-79.380525980187215,43.729560519454957],[-79.380387807059577,43.729407344943866],[-79.380225235237234,43.7292271589927],[-79.38010608552058,43.729064993827684],[-79.379958620888928,43.728916318657603],[-79.379764518172024,43.728794606954487],[-79.379561074088471,43.728695379166986],[-79.379352130704305,43.728627649539732],[-79.37916856320814,43.728681454052172],[-79.379052265690675,43.728843362309824],[-79.379106644865729,43.728991949236679],[-79.379147134761595,43.729307044310602],[-79.379053730952378,43.729459957517491],[-79.378879733768983,43.729567806099297],[-79.378617951821909,43.729540515694858],[-79.378523234168327,43.729378401835675],[-79.378437948296948,43.729162263506289],[-79.378190742169664,43.729017980556122],[-79.377902295777773,43.728950163530108],[-79.377658357246929,43.728927408604861],[-79.377425078120282,43.729003669186646],[-79.377259139390532,43.729152029512704],[-79.37703235801149,43.729273293444258],[-79.376807918494393,43.729390085833153],[-79.376603608875939,43.729520374361343],[-79.376422932624337,43.729668717548563],[-79.376246128358886,43.729817037634753],[-79.376104569855471,43.729992426360177],[-79.376017332741824,43.730154344984861],[-79.375942930139189,43.730316304472623],[-79.375710875439083,43.730361049545635],[-79.375469393147029,43.730270774368663],[-79.375245451359518,43.730144512889289],[-79.375030113060504,43.729982255437456],[-79.374823288109965,43.729815515282922],[-79.374617715352628,43.729626246031714],[-79.374397050252,43.729418975352928],[-79.37423420575152,43.729193774404884],[-79.374072501034576,43.728982049322127],[-79.373929754025625,43.728792866007353],[-79.373809079978344,43.728626218971876],[-79.373819117382482,43.728468690407659],[-79.373961025933937,43.728311334330016],[-79.37419833459866,43.727983041594804],[-79.374256841608116,43.72782556630991],[-79.374136234556119,43.727627415331774],[-79.373951967585995,43.7274516881306],[-79.373800340887016,43.727248974950641],[-79.373674706568565,43.727046308294305],[-79.373525690008321,43.726884130201405],[-79.373319506483114,43.726802890720876],[-79.37308749482871,43.726838629305064],[-79.37282639222839,43.726860842197141],[-79.372589083677212,43.726824572961974],[-79.372398430336347,43.726725346650326],[-79.372187713934593,43.726774636042563],[-79.372039915971897,43.726963478704],[-79.371980218052727,43.727129961783774],[-79.372100181478231,43.727265114663638],[-79.372342477394525,43.727314892339372],[-79.372582466958633,43.727387170026532],[-79.372535488184752,43.72758513589087],[-79.372402117360437,43.727742517752127],[-79.37209804464544,43.727715183192316],[-79.371839542919702,43.727615880022597],[-79.371584876263242,43.727534583051849],[-79.371295960571985,43.727507245382434],[-79.370997862782374,43.727403395094619],[-79.370821760601714,43.727227672055875],[-79.370906329675762,43.726867709036767],[-79.370800013688736,43.726696574364816],[-79.370551090713988,43.726642276288274],[-79.370325571800521,43.72672304982175],[-79.370037788418585,43.726713712732433],[-79.369774941239868,43.726641421657526],[-79.369501207372181,43.72658710202559],[-79.3692597552118,43.726676847503157],[-79.369023194651732,43.726834089367578],[-79.368749819987229,43.726973303995486],[-79.368544287703912,43.727130607488704],[-79.368365150394823,43.72727891276606],[-79.368163873734332,43.727260678313634],[-79.368144895183605,43.727062629168088],[-79.367964105673721,43.726900398168773],[-79.367724222795644,43.726805607804557],[-79.367481361895116,43.726823346978236],[-79.367447531284938,43.727034827870554],[-79.367350878952905,43.727241762241242],[-79.367071483977512,43.727299936708498],[-79.366790151408097,43.72717360084448],[-79.366659524170359,43.726943916941075],[-79.366541804578048,43.726687235230948],[-79.366089677763497,43.726268148784357],[-79.365864307113569,43.726096860964191],[-79.365789197852393,43.725853739299836],[-79.365746310797917,43.725610655426841],[-79.365206267138277,43.724966449062855],[-79.365059845272953,43.724871763253731],[-79.36494247909296,43.724799614697105],[-79.364761413672241,43.724601373272307],[-79.364708144881263,43.724484294076547],[-79.364707871531451,43.724434786916312],[-79.36472849642746,43.724232265351418],[-79.364831447523514,43.72398034332052],[-79.364894838375491,43.723801734572298],[-79.364919270276417,43.723732903930397],[-79.364972022668908,43.723576920688529],[-79.364992421413007,43.723513260979367],[-79.365008736250431,43.723278446774763],[-79.364907257215776,43.723030801644356],[-79.364844207130844,43.722787693480946],[-79.364811411888738,43.722535637815902],[-79.364741782433413,43.72228801216874],[-79.364719374191054,43.722080956977713],[-79.364812122234341,43.721883039276797],[-79.365010235855451,43.72174826370977],[-79.365147962860391,43.721554899458837],[-79.365286525995671,43.721348016146308],[-79.365417688785683,43.721136641323483],[-79.365535317894441,43.720916258174789],[-79.365586194435338,43.720709280289917],[-79.365544659551077,43.72055170958059],[-79.365453696939895,43.720475109928429],[-79.365174543521562,43.720438775999057],[-79.364852798236299,43.720528426530315],[-79.364567267133893,43.720568585194655],[-79.364325923209989,43.720617823855399],[-79.364181661974357,43.720775174388351],[-79.364029790035687,43.720878508189848],[-79.363826427111633,43.720761249863237],[-79.363712522249315,43.7205405835062],[-79.36349494684616,43.720364808516116],[-79.3632515255578,43.720301508808085],[-79.363126618534139,43.720139345812079],[-79.362440499214088,43.720147532405775],[-79.36218048430726,43.720052715070203],[-79.362125915539266,43.720003142386794],[-79.361970320262046,43.719867944849327],[-79.361697112535253,43.719768618853742],[-79.361366676711128,43.719772728187699],[-79.361025005042947,43.719767821655545],[-79.360687671781321,43.719722413762902],[-79.360340256906753,43.719694986056567],[-79.359975708819789,43.719681047183933],[-79.359685337337936,43.719631193226917],[-79.359377796269925,43.719626323663284],[-79.359049253084891,43.719643939503513],[-79.35875800918248,43.719643597994178],[-79.358438795029983,43.719652213355161],[-79.358159724736865,43.719741888900579],[-79.357872384491628,43.719885542978972],[-79.357614606580555,43.719992112005514],[-79.357579275440742,43.720006704021209],[-79.357412421759946,43.720049251938761],[-79.357147370873449,43.720118689681556],[-79.356862892643463,43.720194862420925],[-79.356541621104697,43.720252967777483],[-79.356186026304854,43.720225517180452],[-79.355849351903544,43.720076581469797],[-79.355810358081087,43.719837999162358],[-79.356024780462462,43.719703259694192],[-79.356242367509793,43.719537010422187],[-79.356252641364804,43.719293980568629],[-79.356105234887039,43.719145274452018],[-79.355768124138748,43.719180845575757],[-79.355388431581602,43.71918037483816],[-79.355020657609728,43.719265627870449],[-79.354836042771851,43.719391096030897],[-79.354723055072768,43.719468174212835],[-79.354565689772329,43.719728434282565],[-79.354399832667269,43.719989268388254],[-79.354131716684492,43.720200455915503],[-79.353822304514125,43.720326087134154],[-79.353768324328797,43.720348521211818],[-79.353449165695025,43.720505652320703],[-79.353339273369912,43.720721541346293],[-79.353136506923477,43.720932828343884],[-79.352896878798333,43.720986536695861],[-79.352759256679747,43.720959346753318],[-79.352616980499619,43.720932168646577],[-79.352402890503583,43.72076988792687],[-79.352299414011085,43.720585219661906],[-79.352415876540249,43.720373849740582],[-79.352663437259878,43.720171631999975],[-79.352940800414856,43.719987436559848],[-79.352984701569568,43.719960489283515],[-79.353257484131888,43.71974030017779],[-79.353323662358875,43.71947934885376],[-79.35328282932231,43.719200248668983],[-79.35327849342768,43.718912212060943],[-79.353222271483901,43.718592577436844],[-79.353062054356926,43.718286329009644],[-79.352852914282437,43.718011521757504],[-79.352711127372615,43.717777297558172],[-79.352665559076954,43.717705237804751],[-79.352635623824526,43.717417132092358],[-79.352696419047945,43.717286692271742],[-79.352766625079056,43.717129251773677],[-79.35295529839091,43.716890925393884],[-79.353072687287366,43.716616520066871],[-79.352964604646886,43.716409352211635],[-79.352627641543876,43.716233204749074],[-79.352372419692699,43.716307162769951],[-79.351791682462135,43.716475418826747],[-79.351127986419556,43.716686112843192],[-79.350450654169393,43.716923806924072],[-79.349979794494288,43.717098741372929],[-79.34883881636901,43.717419834127263],[-79.34812907908416,43.717631592955783],[-79.347746863161049,43.717729738219184],[-79.347258368874947,43.717879290411382],[-79.345037878210064,43.718562962198689],[-79.341198909047051,43.719793925021335],[-79.338871467562143,43.720501568495933],[-79.338162399250976,43.720719495121564],[-79.336669159620584,43.721178280053046],[-79.336255721466571,43.72130529021814],[-79.335504934834304,43.721535985333638],[-79.335212006997793,43.721625989929606],[-79.335125092344384,43.721652715313368],[-79.334712795994633,43.721777363206471],[-79.333449104494548,43.722158864947083],[-79.332024757100186,43.722588831448093],[-79.330357969486144,43.723092905904082],[-79.330070353333625,43.723164488633664],[-79.328495321289225,43.723567174221685],[-79.326908575226284,43.723978857584719],[-79.326195524974793,43.724166819673599],[-79.325299266405466,43.724399494648281],[-79.323652297362059,43.724830249329436],[-79.322654595624115,43.725111065646409],[-79.32234091874362,43.725191589702092],[-79.322296308539222,43.725200530598485],[-79.321936508001116,43.725280981826103],[-79.321899642713078,43.725289934632492],[-79.320414479223388,43.72567469122253],[-79.319979734483525,43.725786531851767],[-79.319513135451601,43.725911840392811],[-79.319071071008068,43.725996662283535],[-79.318494020306176,43.726094779052261],[-79.318294522428985,43.726134976664973],[-79.318098126160479,43.726179661482362],[-79.318025959712998,43.726188556853707],[-79.31779740816134,43.726215196479458],[-79.31762748252541,43.726228445345953],[-79.317359826358881,43.726232518599105],[-79.317147996035928,43.726250182403923],[-79.316879928790939,43.726258772497758],[-79.316642492019426,43.726276394339465],[-79.31629802665158,43.726289343106323],[-79.316028104106721,43.726275425122608],[-79.315792686095065,43.726266035729395],[-79.315554536066799,43.726261151063625],[-79.315299003722913,43.726233752719359],[-79.315072896513087,43.726219876268949],[-79.31480883744932,43.7261924630332],[-79.314614530325116,43.726178637193719],[-79.314359025078403,43.726146736172026],[-79.314233023438788,43.726128528981612],[-79.314036808216599,43.726105697819428],[-79.313841443184728,43.726064892229843],[-79.313692941879907,43.726037637556793],[-79.313523112098466,43.726023858757173],[-79.312986104367567,43.725950980486374],[-79.311231061023889,43.725664592476406],[-79.309991337957399,43.725497761663142],[-79.3098436480402,43.72547789335394],[-79.309695322345647,43.725455008379832],[-79.309282440063384,43.725391311534018],[-79.308959723763309,43.725349663949636],[-79.308802474048889,43.725323018384849],[-79.308309122224372,43.725245177459115],[-79.308110469295741,43.725213843862647],[-79.307495574070046,43.725122797522268],[-79.307014034026736,43.725058958825223],[-79.306741875733849,43.72502476234343],[-79.306423618175174,43.72496796604657],[-79.306212333525309,43.724936103687384],[-79.306188836696762,43.724932589369523],[-79.305999100442463,43.724904237630518],[-79.305773070991009,43.724872349432374],[-79.305630436816941,43.724840602629953],[-79.305418780685599,43.724808738171639],[-79.305226056549387,43.724794899064669],[-79.305056234387635,43.724776625077602],[-79.304939135574273,43.724762914441435],[-79.304807274748583,43.724758188719875],[-79.304217528822889,43.72471114774909],[-79.303722614205341,43.7246933496276],[-79.303264537003272,43.724694902433328],[-79.302973734004553,43.724704158883696],[-79.302645018326999,43.724723034475971],[-79.303470938314859,43.726686718798561],[-79.303950068998006,43.727819420195679],[-79.303985929999911,43.727902770138897],[-79.304135588179335,43.728272149373936],[-79.304219838105396,43.728480024225846],[-79.30424075894426,43.728531682142759],[-79.304250585185429,43.728555957300451],[-79.304386824483402,43.728892224644305],[-79.304507832894629,43.729190912608203],[-79.304999579201223,43.730384244990375]]]},"properties":{"AREA_NAME":"33"}},{"type":"Feature","geometry":{"type":"Polygon","coordinates":[[[-79.260782484102734,43.768327263380208],[-79.260903823921609,43.76865148742683],[-79.260989066612694,43.768876640974874],[-79.261091813004697,43.769191833738709],[-79.261170726790738,43.769443977409651],[-79.261204359846985,43.769579056224728],[-79.261242710141786,43.7696961425426],[-79.261266316760484,43.769813198050329],[-79.261282303514392,43.769894223959604],[-79.261295172503495,43.769975270357577],[-79.261331270623074,43.770065339427092],[-79.26122203082565,43.770089063371742],[-79.261384780082437,43.77054055081333],[-79.261430139954328,43.770669389205175],[-79.261479874181376,43.770800892049436],[-79.261507743877374,43.770939415163959],[-79.261560425094132,43.771110880296533],[-79.261619980252803,43.771274942775285],[-79.26183138879918,43.771811501971015],[-79.261906059226845,43.771945081825756],[-79.262274900144419,43.772978535225114],[-79.262302162808652,43.773048359948405],[-79.262430122130681,43.773374252090129],[-79.263183624324355,43.775281649835875],[-79.263717387450257,43.77664745631639],[-79.263927348404266,43.777198364990447],[-79.263938476174317,43.777227542722983],[-79.264283587640861,43.778133024256761],[-79.264480286592075,43.778628124263157],[-79.264551305103282,43.77880322603626],[-79.264609638500417,43.778947058627502],[-79.264685461612174,43.779132656547532],[-79.264766540960409,43.779333900234199],[-79.264873946106434,43.779313103545185],[-79.266033963329704,43.779088708979543],[-79.267991730930348,43.778706919390224],[-79.269055903470232,43.778502633136817],[-79.271786406449408,43.777936121370495],[-79.274686555682365,43.777302631216038],[-79.274776447857107,43.777282438770264],[-79.277199758524077,43.776738198741036],[-79.277395279613842,43.776694267011578],[-79.279680085328877,43.776159164703635],[-79.28115648521981,43.775812216092973],[-79.284613621692188,43.775005924497734],[-79.284634909926794,43.775003444288011],[-79.287239585087733,43.77439018580985],[-79.289841737749029,43.773783245084218],[-79.289886132949164,43.773772903359657],[-79.292022328650404,43.773283078637554],[-79.293591446472902,43.772923302213108],[-79.294425040405898,43.772726850965149],[-79.29916518193123,43.771609871659223],[-79.299450810943313,43.771544376641195],[-79.302472333798548,43.770851633895667],[-79.30392854231529,43.770517686590701],[-79.304113486971644,43.770474771095884],[-79.307886049323059,43.769599293887524],[-79.308037987678873,43.769559538969908],[-79.308192634056567,43.769519653377031],[-79.308347663500001,43.769480326289518],[-79.308502765371799,43.769441593190031],[-79.308658325158987,43.769403319706107],[-79.308722529579441,43.769387810141161],[-79.308814068970847,43.769365703403444],[-79.308970084274989,43.769328582406473],[-79.309126184759563,43.769291956402895],[-79.309282680610224,43.769255933924072],[-79.309457545396839,43.769216512408924],[-79.309596423948193,43.769185617799842],[-79.30975355991157,43.769151242956198],[-79.309911029152119,43.769117471529071],[-79.310068633451166,43.769084141166594],[-79.310226471553591,43.769051450057937],[-79.310384580925984,43.769019335256125],[-79.310542800043279,43.768987814494615],[-79.310701390204073,43.768956744187001],[-79.310859978159158,43.768926321739841],[-79.31101894938773,43.768896412772982],[-79.311178005621144,43.768867070799061],[-79.311337345739986,43.768838251140167],[-79.311496795487713,43.768810070523003],[-79.311656491725259,43.768782457163255],[-79.311816447075216,43.768755348072446],[-79.311976375522249,43.768728850793096],[-79.312110324015194,43.76870874642244],[-79.312244295064502,43.768689344023215],[-79.31237848825316,43.768670373887772],[-79.312512828327542,43.768652069922396],[-79.31264727816982,43.768634387059862],[-79.312781962357832,43.768617208488607],[-79.312916669459369,43.768600623873468],[-79.313051598212354,43.768584633539383],[-79.31318654980268,43.768569264164221],[-79.313321723108331,43.768554471066786],[-79.313457043859657,43.768540173114573],[-79.313592350057576,43.768526541065107],[-79.313727915412414,43.768513431345809],[-79.313863466277951,43.768500969526471],[-79.313999139343764,43.768489137827281],[-79.314162453983727,43.768475658693475],[-79.314270840646969,43.768467049727988],[-79.31440673181676,43.768456937123247],[-79.314542919206005,43.768447418914946],[-79.314678930937774,43.768438458332213],[-79.314815226309321,43.768430146131614],[-79.314951383432714,43.768422346611466],[-79.315087787163293,43.768415123403109],[-79.315224188811115,43.76840856611539],[-79.315360601355351,43.768402494745764],[-79.315496986872745,43.76839712526116],[-79.315633619151725,43.768392287081049],[-79.315770137881231,43.768388015628446],[-79.315906667135422,43.768384356109436],[-79.316043281360706,43.768381335647376],[-79.31617991878808,43.76837884612852],[-79.316316678374619,43.768377022729403],[-79.316453312231246,43.768375694029245],[-79.3165899565779,43.768374995264665],[-79.316726698502123,43.768374881569414],[-79.316863326771411,43.768375379608187],[-79.316999953232312,43.768376471558142],[-79.319492422027707,43.768366213254865],[-79.319596226414646,43.768365206994218],[-79.319794134133389,43.768363304911603],[-79.319711513160186,43.768184564341588],[-79.319630714714691,43.768007095747905],[-79.319624236528369,43.767992872671776],[-79.319596178647288,43.767930639281559],[-79.319540420580694,43.767807064159442],[-79.319457550014974,43.767620960034257],[-79.319375388235656,43.767434757950191],[-79.319308792645288,43.767264197448661],[-79.319243721800461,43.767094755460327],[-79.319179658116639,43.766925071991594],[-79.319116588948532,43.766755219033563],[-79.319054477026867,43.766585196528816],[-79.318828216429367,43.766007727702657],[-79.318596185901427,43.765421653088744],[-79.318164259039321,43.764515223195716],[-79.318118012022595,43.764406856427605],[-79.31803965097825,43.764219300149627],[-79.317955201752852,43.76396715965236],[-79.317531724744725,43.763020937375735],[-79.317326876721978,43.762570677102808],[-79.317240060342399,43.762379830272657],[-79.317086551836212,43.762021643687696],[-79.317043237678519,43.761926161824128],[-79.316897446531343,43.761603794017773],[-79.316618410476948,43.760992238286768],[-79.316325099823686,43.760339478448415],[-79.316176534919123,43.759960172675399],[-79.316083292666733,43.759753166417163],[-79.315893264628528,43.75937352347534],[-79.315623087755952,43.758767182034582],[-79.31524542190364,43.757869423720038],[-79.314836029663127,43.75671660888748],[-79.314615395489113,43.756063367813489],[-79.314495290609543,43.755707886882021],[-79.314018812386337,43.754341109407328],[-79.313804496188212,43.753726437901442],[-79.313535875130427,43.753005868280084],[-79.313262827744339,43.752213308124638],[-79.313024712501502,43.751498178666544],[-79.312753067693322,43.750682261264728],[-79.312643099250025,43.750356318599621],[-79.312433967644239,43.749736593921348],[-79.312111582980094,43.748835917148682],[-79.311814816762151,43.74795324791269],[-79.311711089339582,43.747620068501291],[-79.311414350685467,43.746728432882549],[-79.31117448173427,43.74604390910293],[-79.311129644219477,43.745953831943226],[-79.311051570609948,43.745728897732064],[-79.310938946222294,43.745404442957003],[-79.310790560343619,43.744963129165306],[-79.310577447373333,43.744377670528444],[-79.310307695456146,43.743549111741409],[-79.310029396735032,43.742720510990004],[-79.309793761367686,43.742144041446267],[-79.309348345211845,43.740919107126579],[-79.30922963729455,43.740666866008823],[-79.308897849816219,43.739829144579524],[-79.3084647211126,43.738799301293966],[-79.308333351252102,43.738486918788077],[-79.307736648064406,43.737036639069807],[-79.307651207622555,43.7368247325672],[-79.307427934527666,43.736271006448746],[-79.306760391414556,43.734658561642185],[-79.306226107711083,43.733361462469318],[-79.305892302874611,43.732551055566461],[-79.305610211976273,43.731866212684487],[-79.305112887575731,43.730659200853601],[-79.304999579201223,43.730384244990375],[-79.304507832894629,43.729190912608203],[-79.304386824483402,43.728892224644305],[-79.304250585185429,43.728555957300451],[-79.30424075894426,43.728531682142759],[-79.304219838105396,43.728480024225846],[-79.304135588179335,43.728272149373936],[-79.303985929999911,43.727902770138897],[-79.303950068998006,43.727819420195679],[-79.303470938314859,43.726686718798561],[-79.302645018326999,43.724723034475971],[-79.302100285658895,43.723380988540882],[-79.30165563398775,43.722273163788735],[-79.301023579886788,43.720804790110961],[-79.300592559944192,43.71978582678701],[-79.300558707976975,43.719705800628489],[-79.300179431058027,43.718769035233535],[-79.299789998834669,43.717859236394716],[-79.299286715434718,43.71667021536112],[-79.299161273079534,43.716372962633613],[-79.298961546580443,43.715904546279418],[-79.298662354965984,43.715203352923623],[-79.298638688939647,43.71514786349659],[-79.298367815669181,43.714508332767686],[-79.298059215114165,43.713778722095661],[-79.297776264643716,43.713117835491076],[-79.297708261330456,43.712959022954109],[-79.297404586323793,43.712234405734634],[-79.297082121384463,43.71146487396981],[-79.296821237957744,43.710842279276918],[-79.296761726365588,43.710694804797441],[-79.296447647125902,43.709916239676637],[-79.296365163210709,43.70971174604977],[-79.296190008037385,43.709277563892165],[-79.295985562094515,43.708776530761433],[-79.295721829476093,43.708192165567688],[-79.295283616851563,43.707224717412977],[-79.29508540484801,43.706748303129757],[-79.294748860231493,43.705940465407728],[-79.294493770741866,43.705357471805705],[-79.294217939301802,43.704713141569577],[-79.293824806621316,43.703820649987534],[-79.293667854782925,43.703465041477905],[-79.293476061308439,43.703016476624796],[-79.293138728365321,43.702222881237347],[-79.292861336266611,43.701589742143376],[-79.292785543827591,43.701416105143878],[-79.292441246803264,43.700614447710294],[-79.292323733699135,43.700339830268099],[-79.292223617182174,43.700107973391269],[-79.292077059222237,43.699805407904719],[-79.291912205643456,43.699484113249554],[-79.291709592275168,43.699107868726038],[-79.291484793719917,43.698707972988672],[-79.291294891035065,43.698352831869578],[-79.291156490972313,43.698072288143059],[-79.291103519329099,43.697960485425028],[-79.290959064224964,43.697655680916341],[-79.290768846104697,43.697225404561536],[-79.290484488687952,43.696550561450543],[-79.290232877611743,43.695975142852703],[-79.289989206974582,43.695361788805364],[-79.289820474978484,43.694949930805201],[-79.289683786573633,43.694528131057027],[-79.289678448806185,43.694514889341512],[-79.289432997247388,43.693842986288622],[-79.28918040440297,43.693228101637928],[-79.289022030347269,43.692869189002771],[-79.288696618618616,43.692087212784095],[-79.288535887019947,43.691680705210089],[-79.288358607664861,43.691232346733578],[-79.287924299245276,43.690179281441615],[-79.287756485942936,43.689778817370915],[-79.287537730685244,43.689247928576101],[-79.287352277323848,43.688796510718532],[-79.28700428307917,43.687944592033105],[-79.286576585577961,43.686904963280732],[-79.286250102782134,43.686100231001568],[-79.28585973158701,43.68516104256139],[-79.285282012605563,43.683774604077477],[-79.285109114535942,43.683345627990377],[-79.284980430602573,43.683039845659138],[-79.284676662186669,43.682311572176246],[-79.284379999277377,43.681596120060284],[-79.284215261802601,43.681191569404106],[-79.284204196582394,43.681164400565841],[-79.284060447974653,43.680811448782329],[-79.28392621615717,43.680488984222606],[-79.283909824458988,43.680449653514636],[-79.283155233091023,43.678637268567577],[-79.28121633226533,43.673954653369407],[-79.281194708593077,43.673864706787285],[-79.281188343704912,43.673838221718704],[-79.28033131380306,43.67184130881764],[-79.280312143791718,43.671796598405372],[-79.280127596684139,43.671353945498886],[-79.280045195292615,43.671156360910196],[-79.279920586475541,43.671188372821646],[-79.279904068856567,43.671147574017631],[-79.279893617412839,43.671126544800615],[-79.279878337489336,43.671106766470324],[-79.279859103651802,43.671089851946363],[-79.279841161005635,43.671079312844263],[-79.279823194349277,43.671071951160933],[-79.279802606473424,43.671065862613808],[-79.279784434364359,43.671063820311943],[-79.279757958311905,43.671063913325177],[-79.279732908792582,43.671067276562205],[-79.279712540474904,43.671075752566395],[-79.279696867842503,43.671085380784994],[-79.279679605792566,43.671098975522511],[-79.279668579099052,43.671119963362784],[-79.279661460702499,43.671140391651839],[-79.279660627525615,43.671154585135817],[-79.279659507451925,43.671169237134336],[-79.279668738372791,43.671184899230227],[-79.279155767475046,43.671576736164511],[-79.279032688417786,43.671671390277908],[-79.278534759552045,43.672054333154207],[-79.278367348972168,43.672184941946682],[-79.278274717423969,43.672180441674733],[-79.278185271015701,43.672186569070206],[-79.278096443152847,43.672183003170915],[-79.27803758628113,43.672166605506966],[-79.277996524893894,43.672146848875613],[-79.277919940735174,43.672108615515519],[-79.277881343765287,43.672072985295301],[-79.2778449901774,43.672044416459549],[-79.277794573721351,43.672022616276166],[-79.277762882857274,43.671997440975446],[-79.277736779687046,43.671977029229566],[-79.27770688382175,43.671969518000829],[-79.27766766028266,43.671955867722282],[-79.277630246777747,43.671955794947827],[-79.277578020535998,43.671920399148817],[-79.277550852016276,43.671936638678595],[-79.27759188303115,43.671964541609761],[-79.277586232716871,43.671976745412721],[-79.277584758749398,43.671996419438841],[-79.277601960386392,43.672019532301157],[-79.277624345780922,43.672039252744725],[-79.277650471376703,43.67205694615992],[-79.277660231527079,43.672073590589221],[-79.277664343991361,43.672098370230955],[-79.277658596075128,43.672133653241275],[-79.277574777229816,43.672291562420881],[-79.277533244929188,43.672406023439457],[-79.277497103770045,43.672501205099131],[-79.27744649894548,43.672630986676381],[-79.277393600896659,43.672750376236124],[-79.277350227080888,43.672866318810939],[-79.277295038500625,43.672951066770338],[-79.277239811343179,43.673046202152463],[-79.277225372743501,43.673077345593448],[-79.277022025688211,43.673225884994601],[-79.27698864860352,43.673220626120766],[-79.276957620910167,43.673220565584046],[-79.276931347989731,43.673229173589263],[-79.276914611553764,43.673237800199885],[-79.276893090624895,43.673252475359618],[-79.276885861356263,43.673272381174897],[-79.276874076603576,43.673303466740784],[-79.276878494153522,43.673329516187287],[-79.27690683381465,43.673405767687569],[-79.276866230143696,43.673423006979597],[-79.276832744739224,43.673440260154244],[-79.276794355182275,43.673502528353389],[-79.276722203942683,43.673656517072203],[-79.276686086378362,43.673744785485674],[-79.276630850631264,43.673845123306712],[-79.276582828545273,43.673926419402285],[-79.276551665103995,43.673966189334386],[-79.27650853343097,43.674012866875906],[-79.276475000814244,43.674056088661551],[-79.276412776942209,43.674104457084951],[-79.276345790852631,43.674152816156663],[-79.27628604981534,43.674180414320567],[-79.276214398425708,43.674199320865384],[-79.276154728592132,43.674204397796331],[-79.276111250723616,43.674190621640705],[-79.276015723738425,43.674186923987001],[-79.275922471175477,43.674135235671464],[-79.275864009389977,43.674112293708184],[-79.275836964430482,43.67409827962824],[-79.27580555240749,43.674088073536851],[-79.275779359009945,43.674078507765678],[-79.275761031617279,43.674074664256452],[-79.27573700373685,43.67407303288698],[-79.275709672975196,43.674079163171506],[-79.275686210834664,43.674102106506382],[-79.275687009224555,43.674120821818342],[-79.275704855910064,43.67414052472283],[-79.275732745353352,43.674160877420313],[-79.275756287873122,43.674172967372833],[-79.275801653810447,43.674195892708056],[-79.275853092333719,43.674223267583741],[-79.275893249161371,43.674243014203263],[-79.275936004388996,43.67425768915723],[-79.27592708503181,43.674308412115842],[-79.275927399689976,43.674367164349107],[-79.275872311437936,43.67452734285596],[-79.275815554339616,43.674702658278292],[-79.275750388601608,43.674824696365235],[-79.275659339181345,43.674940418699059],[-79.275592020108661,43.675057753775945],[-79.275527033788762,43.675128106507294],[-79.275479362123662,43.675181264686174],[-79.275423123784023,43.675220327952267],[-79.275369136072214,43.675231185480357],[-79.275308703940084,43.675234199168592],[-79.275270967563088,43.675227049950458],[-79.275126552573113,43.6751666461385],[-79.27503095534378,43.675128238438568],[-79.274981575868736,43.675107294192102],[-79.274936962341243,43.67508868164817],[-79.274911470219706,43.67508053926889],[-79.274885952782597,43.675075853340481],[-79.274862000486038,43.675080441847541],[-79.27484760490907,43.675089666849971],[-79.274842770293219,43.675102394193601],[-79.274846689987868,43.675122087798528],[-79.274882487969194,43.675153428884492],[-79.274911158051424,43.675167374377217],[-79.274950972191959,43.675185986483612],[-79.275001921220749,43.675215044020554],[-79.275043339560995,43.67523249808206],[-79.275089515217431,43.675254597167914],[-79.275090867383497,43.675327546514282],[-79.275081116623269,43.675371525773862],[-79.275050516056382,43.675456023944797],[-79.275007478533752,43.67554660952289],[-79.27491866874982,43.675736011447199],[-79.274860842662619,43.67584126699726],[-79.27482711242034,43.675900267205783],[-79.274785441854689,43.675953463912819],[-79.274732571959873,43.67601008603917],[-79.274650892162114,43.676093313250874],[-79.274591626318511,43.676152272045378],[-79.274550054548897,43.676182290467317],[-79.27451167121005,43.67620536614664],[-79.274486113682471,43.676214578084426],[-79.274445875561085,43.676216307959507],[-79.274391154866223,43.676217289132445],[-79.274356075223778,43.676212584213779],[-79.274297143248035,43.676182358463507],[-79.274235011678002,43.676152126363519],[-79.274171296472588,43.676124204439574],[-79.274125095054757,43.676105579443643],[-79.274093274403327,43.676081780088595],[-79.274055014735183,43.676071866031421],[-79.274031865964844,43.676077023034871],[-79.274027818255362,43.676091498152879],[-79.274026153272303,43.676108858402522],[-79.274037275097044,43.676122778421941],[-79.274053197040928,43.676133233419861],[-79.274078650950699,43.676148342933118],[-79.274118438816444,43.676177369798403],[-79.274143951674603,43.676186691566578],[-79.274191744347689,43.676207624035165],[-79.274223597638226,43.676222746157094],[-79.274239523960475,43.676232048968942],[-79.274247450551897,43.676244801487172],[-79.274242468701146,43.676293434765597],[-79.274213458370582,43.67637674766528],[-79.274137973799895,43.676507468687092],[-79.274075293309537,43.676630086774161],[-79.273988004448483,43.676740180347288],[-79.273899665013147,43.676872352001958],[-79.273851468084032,43.676955644852001],[-79.273803382174918,43.677019252022468],[-79.273745727528336,43.677074730047515],[-79.273681741052116,43.677122085321542],[-79.273621007819685,43.677148581952501],[-79.273557113956144,43.677164666769258],[-79.273507585872395,43.677179627846826],[-79.273470964424689,43.677182435700821],[-79.273392772486602,43.677158553252958],[-79.273337044148604,43.67712717219375],[-79.273281324578633,43.677093477786435],[-79.273251075255942,43.677077206417458],[-79.273216013345618,43.677064390999263],[-79.273192099358511,43.677058564708283],[-79.273168963223569,43.677060247053177],[-79.273158521726543,43.677076437702794],[-79.273166440934574,43.677094411042525],[-79.273182320066155,43.67711296725912],[-79.273201420712184,43.677125742019236],[-79.273244391729634,43.677155936669067],[-79.273277827681582,43.67717569786911],[-79.273346305296855,43.677207095235509],[-79.273284981696577,43.677396919383966],[-79.273229422531813,43.677560975162869],[-79.273142476167109,43.677727524997294],[-79.273070021897311,43.677895561744378],[-79.273019338637084,43.677999633326976],[-79.273028810666418,43.678010372700058],[-79.272963073747263,43.678133425139748],[-79.27287440781771,43.678275388749917],[-79.272792443797343,43.67836999169522],[-79.272736553945876,43.678476483149275],[-79.272680815932077,43.678542702999955],[-79.27260553038424,43.67859941455724],[-79.272533533355471,43.678649021570806],[-79.272432142802785,43.67869857002583],[-79.272376561985013,43.678719783473042],[-79.272311267404987,43.678722020779809],[-79.272246070352097,43.678718146351997],[-79.272142911943192,43.67866449997404],[-79.272057554984428,43.678613103324345],[-79.271980755725451,43.678561723681248],[-79.271929522095078,43.67853213316917],[-79.271886843799507,43.678506430271824],[-79.271859070307428,43.678497841599494],[-79.271835555662562,43.678497794666335],[-79.271814168335638,43.678499300200841],[-79.271799154723837,43.678510908927926],[-79.271803347546808,43.67853032412981],[-79.271816125028835,43.678545876902326],[-79.271830994569171,43.678572289433106],[-79.271852305456008,43.678590964687366],[-79.271880034225077,43.678608095518243],[-79.271915228831062,43.678638428163218],[-79.271907640818952,43.67866403075984],[-79.271821290675263,43.678878044668558],[-79.271715438329821,43.679158782292788],[-79.271678686068782,43.679261161826879],[-79.271654946805455,43.679316994553922],[-79.271617723056579,43.679383403880919],[-79.271579780518962,43.679475798546143],[-79.271516944916186,43.67958480487161],[-79.271462735095525,43.679666032355961],[-79.271404301661008,43.679735927717338],[-79.271350236212029,43.6797790618851],[-79.271270586292346,43.679831416186971],[-79.271229325915471,43.679863243267661],[-79.271195210569672,43.679881708686658],[-79.27117388870461,43.679891963506414],[-79.271132753428361,43.679890855004672],[-79.271098751545836,43.679879463272641],[-79.271057400211205,43.679847110759702],[-79.270958690184216,43.679810628732191],[-79.270891546327491,43.679780285776097],[-79.270827579428058,43.679759238503131],[-79.270757195168741,43.679742832002781],[-79.270705987030723,43.679735753279502],[-79.270680351078042,43.67973570185346],[-79.270654706245239,43.679737981743543],[-79.270648226874869,43.679758887791259],[-79.270660989103462,43.679775178766455],[-79.270680142151974,43.679793813900773],[-79.270716924530205,43.67980782171491],[-79.270715144038974,43.679851978576835],[-79.270650858426833,43.679914597753914],[-79.270563833581576,43.68006316978073],[-79.27046347538635,43.680341882916927],[-79.270421336400659,43.680483577932804],[-79.270379408271694,43.680560175878611],[-79.270324981845491,43.680557744198055],[-79.270360019260039,43.68060661969448],[-79.270324511946598,43.6806809261819],[-79.270276219170256,43.680748230948417],[-79.270247288881365,43.680776058862442],[-79.270208742924254,43.680801545101588],[-79.270158289812542,43.680823892933418],[-79.270090648360139,43.680858708992631],[-79.270057153050473,43.68086721986716],[-79.270031559291922,43.680865737172176],[-79.269933351109032,43.680811252655715],[-79.269878331740912,43.680785425165105],[-79.269835114287687,43.680761061621482],[-79.269795813635611,43.680743843988132],[-79.269770241792784,43.680736645447013],[-79.269738748588125,43.68073730211735],[-79.269705256051125,43.680745092789742],[-79.269699268933266,43.680763650429746],[-79.269697225838243,43.680782225016877],[-79.269699119910328,43.680799367326685],[-79.269724655081404,43.680819401677425],[-79.269750181711643,43.680835187387018],[-79.269773754301198,43.68084951094319],[-79.269702548890848,43.68093079335577],[-79.269676794010451,43.680977908326753],[-79.269627082536672,43.681107796060381],[-79.26953379623194,43.681303332483473],[-79.269377824747536,43.681621925279217],[-79.269320653541826,43.681697915982916],[-79.269255360081871,43.681786366074853],[-79.269213788268345,43.681840569039878],[-79.269192035636877,43.681869095271914],[-79.269168336856808,43.681887617116502],[-79.269136752646943,43.68191184786258],[-79.269116958158094,43.681937524620054],[-79.269095186128737,43.681964619585983],[-79.26907728289487,43.682014594686486],[-79.269061339335096,43.682064564741566],[-79.269033589266058,43.682104510486255],[-79.269013830423035,43.682127333882491],[-79.268990165821023,43.682140139928016],[-79.268956690160095,43.682140072271551],[-79.268931105388518,43.682132882519568],[-79.268907553056508,43.6821132030557],[-79.268890505753689,43.682134015619383],[-79.268769132173745,43.682246268504528],[-79.268658603212032,43.682354060555539],[-79.268550415391601,43.682452864932046],[-79.268419492159765,43.682529110878029],[-79.268387268279554,43.682555023362639],[-79.268336507139153,43.682544046920704],[-79.268300261171191,43.682525727808326],[-79.268277966140886,43.682514538997111],[-79.268257060296335,43.682503343996537],[-79.268238941923258,43.682496214233218],[-79.268216603323467,43.682493126497967],[-79.268197007868622,43.682499171646406],[-79.268182988088398,43.682516371717014],[-79.268180146691989,43.682529534866809],[-79.268180064033643,43.682547780348358],[-79.268198131677266,43.682568087931415],[-79.268227340093887,43.682600578866605],[-79.268244042081974,43.682614789788488],[-79.26823975164092,43.682637068325441],[-79.268234991546805,43.682652468911556],[-79.268194010318553,43.682723622155066],[-79.268170125686225,43.682758030719107],[-79.268158841188196,43.682786388952188],[-79.268151736567233,43.682814746660647],[-79.268132032380805,43.682852215137956],[-79.268124923821787,43.682881589984056],[-79.268117823741292,43.682911981994373],[-79.268106538539868,43.682937288777246],[-79.268095226655674,43.682972739976925],[-79.268078352208107,43.683000060711322],[-79.268058638817948,43.683033451564405],[-79.268037573390217,43.68306685767287],[-79.268010861999201,43.683107336346829],[-79.267998171914471,43.683136699855922],[-79.26798972164103,43.683156953646026],[-79.267937837587596,43.683205500385164],[-79.267905560202664,43.68324192614741],[-79.267877534392582,43.6832661907684],[-79.267852357909575,43.683275257963658],[-79.267831373002792,43.683281300226717],[-79.267806219974929,43.683284282576722],[-79.267778339419266,43.683274090469844],[-79.267755714503593,43.683264773159628],[-79.267718034205345,43.683251662706787],[-79.267688353019452,43.683235607068845],[-79.267641631159393,43.683206320871115],[-79.267615243083327,43.683191874140427],[-79.267588320053576,43.683171422444879],[-79.267561894128548,43.683163573582114],[-79.267534197473495,43.683166811737912],[-79.26754358213411,43.683196922188401],[-79.267573764275497,43.683227777029479],[-79.26760617736133,43.683252641528348],[-79.267626743036814,43.683271667091034],[-79.267626672889776,43.683293054050928],[-79.267612050041095,43.683308947633769],[-79.267580615962615,43.683345339012725],[-79.267538630670686,43.683412799435601],[-79.267493258577247,43.683522163031476],[-79.267449522295422,43.683622222585512],[-79.267417180729694,43.683681547396787],[-79.267379987220579,43.683747847337322],[-79.267346084921044,43.683800174937097],[-79.267323450233263,43.683835071932002],[-79.267288023255091,43.683871086045926],[-79.267278328428944,43.683882713997058],[-79.2672510174569,43.683891974741897],[-79.267191567196832,43.68390815504052],[-79.267169050702137,43.683922079204862],[-79.267135328232527,43.68392784335758],[-79.267103222719513,43.683932440625199],[-79.26708536212756,43.683929136760476],[-79.267058355269242,43.683914283583483],[-79.267030313614228,43.683897601026224],[-79.266991873616703,43.683875613500561],[-79.266964859209722,43.683862722570431],[-79.266934727989792,43.683847547948901],[-79.266912911332909,43.683837683041148],[-79.266897309445469,43.683830855241162],[-79.266879636240034,43.683824014213556],[-79.266861978991258,43.683819459547195],[-79.266833841675236,43.683824298866384],[-79.266825444396176,43.68384355353114],[-79.266834741630049,43.683860945014146],[-79.26685028873861,43.683872309368525],[-79.266874167118829,43.683894276246548],[-79.266893888351305,43.683907152325617],[-79.266899030456813,43.683924544331049],[-79.266891664161776,43.683943414046631],[-79.266862337177898,43.683986398475767],[-79.266815219058785,43.684049761564154],[-79.266776411034044,43.684125968446452],[-79.266751183322441,43.684183336292307],[-79.266728834301006,43.684250017355176],[-79.266686680270027,43.684363806821771],[-79.266647466594051,43.684442173140987],[-79.266608343488443,43.684506749633186],[-79.2665749365773,43.684558987995494],[-79.266558738216119,43.684584392600669],[-79.266538758568416,43.684602930487308],[-79.266518771057761,43.684613898258014],[-79.266500768280963,43.684615229683239],[-79.266470446261238,43.684607606645294],[-79.266445544638387,43.684596781208896],[-79.266381714299911,43.684613141162075],[-79.266257602191843,43.684725403735385],[-79.266137331880159,43.684851175986473],[-79.266005066744626,43.684976941557451],[-79.265862734543532,43.685098158697393],[-79.265703796224571,43.685205848668758],[-79.265557562903055,43.685331585082658],[-79.26542955516085,43.685452840054552],[-79.265276734410776,43.685578535581477],[-79.265143642111596,43.685708790090089],[-79.265035578878027,43.685782180660652],[-79.264991701804888,43.685811983784824],[-79.264824598332382,43.685919664733724],[-79.264662526993476,43.6860408667497],[-79.264502382901483,43.686157544849202],[-79.264459077022508,43.686183883442695],[-79.264318413350551,43.686267089577136],[-79.264153545319814,43.686386106782614],[-79.264040722334954,43.686470675199502],[-79.263923606999725,43.686545819278685],[-79.26378044385244,43.686646023039792],[-79.263650242369408,43.686752563332035],[-79.263567634473517,43.686856024466024],[-79.263450406823381,43.686962564356598],[-79.26335043295164,43.687084856115348],[-79.263272190099812,43.687175760252281],[-79.263059253521902,43.687417147978387],[-79.262915938287435,43.687548773859938],[-79.262802975284515,43.687667878729883],[-79.262694303726207,43.68779641675431],[-79.262563936890359,43.68793746642114],[-79.262485803212954,43.687993832251543],[-79.262468313500989,43.688044041155578],[-79.262372602960568,43.68817260579754],[-79.262255271409771,43.688294842484062],[-79.262207254418257,43.688404675453135],[-79.262129045327228,43.688486163499014],[-79.262055016154775,43.688602207169936],[-79.261947352149946,43.688694705366586],[-79.261858427071871,43.688785046184684],[-79.261784126688838,43.688844020887437],[-79.2617345906732,43.688879751807136],[-79.261677656242867,43.688913685023635],[-79.261630545980879,43.688960177504718],[-79.261553744742685,43.689020947100005],[-79.261484311464173,43.689094279824445],[-79.261390072452883,43.689198021114798],[-79.261328060233225,43.689264204200917],[-79.261228892620096,43.689362561290636],[-79.261107446109577,43.689473401537768],[-79.261066798553813,43.689510320908056],[-79.261032353687966,43.689565876911601],[-79.261008160129492,43.689598267000392],[-79.261002359868343,43.689615726387949],[-79.2610000122054,43.689629025394233],[-79.260808921066982,43.689828265423522],[-79.260768863372704,43.689816542920489],[-79.26072459334506,43.689800382948782],[-79.260600080204497,43.689749264925261],[-79.260543210414411,43.689726048482555],[-79.260504710917516,43.689718676776629],[-79.260479593825281,43.689714978624551],[-79.260451120570025,43.689716134133192],[-79.260419288119664,43.689716670506101],[-79.260395789998469,43.689726954740557],[-79.26038816605535,43.68975064817149],[-79.260400663810188,43.689764653380159],[-79.260495955714674,43.689814693252259],[-79.260515995518219,43.689828705249113],[-79.260458511576303,43.689962911128255],[-79.260355512242498,43.690169328962718],[-79.260298155949812,43.690271310386443],[-79.260245883558895,43.690355074821753],[-79.260178546252234,43.690433955928626],[-79.260119798424441,43.690467875553566],[-79.260084521798305,43.690492114014113],[-79.260067736700577,43.690501800181117],[-79.260031119794206,43.690488833463156],[-79.259968151918599,43.690476666525811],[-79.259916293720465,43.69045954517253],[-79.259846021614081,43.690437515410487],[-79.259790828804839,43.690416732468854],[-79.259748969437908,43.690405707924469],[-79.259705443007903,43.690395895035024],[-79.259687039351292,43.690394632169919],[-79.259662711879045,43.690401268984623],[-79.259658443866897,43.690420099719766],[-79.259663394943686,43.690438346751812],[-79.259675076919109,43.690457823109767],[-79.259691765032869,43.690472440290797],[-79.259710127753067,43.690487069990894],[-79.259746923904316,43.690501729431695],[-79.259782064802181,43.690511533684592],[-79.259817186350617,43.690526189583522],[-79.259845592119689,43.690542046537054],[-79.259866521609254,43.69054451185491],[-79.259892472798256,43.690550651243974],[-79.259912542057421,43.690560414795932],[-79.259948766448588,43.690578493462411],[-79.259968540099237,43.690593954202782],[-79.259968346180514,43.690642578785464],[-79.259966465216607,43.690691199825167],[-79.259962989897019,43.690722796069899],[-79.259952808989567,43.690759247932682],[-79.259929155510903,43.6908114687702],[-79.259900494737408,43.690856388037034],[-79.259853359518999,43.690914626404805],[-79.259807942502249,43.690961931791492],[-79.259772607258213,43.69100075212566],[-79.25974060397624,43.691040803627878],[-79.259693546087036,43.691079599297034],[-79.259668241865924,43.691125740734385],[-79.259649738161798,43.691146368797902],[-79.25963789423416,43.691176732258995],[-79.259617706179114,43.691199778123199],[-79.259604247969364,43.691211910567453],[-79.259565747137501,43.69119845367014],[-79.259512216473922,43.691183758966851],[-79.259456774261849,43.691172471705976],[-79.259321364943972,43.691146893044113],[-79.259252784173015,43.691123651306469],[-79.259195899023723,43.691104079690263],[-79.259155743612595,43.691091843344886],[-79.259132317986769,43.69108692428555],[-79.259103841380565,43.691085649101957],[-79.259082053650545,43.691086818358258],[-79.259066923121438,43.691098344128228],[-79.259073568444705,43.691114767492174],[-79.259078519436287,43.691133005545822],[-79.259103598050658,43.691146443322985],[-79.259155442054976,43.691167201535471],[-79.259232379308585,43.691197760981638],[-79.259255770997157,43.691211177169478],[-79.259294700840115,43.691222807812082],[-79.259324403661239,43.691230773490602],[-79.259349494332398,43.691238117363682],[-79.259366228996313,43.691244228466431],[-79.259382931790398,43.691255209199127],[-79.259419368202003,43.691266861554389],[-79.259428697560438,43.691334930963237],[-79.259423416078022,43.691399342099949],[-79.259404710278773,43.691467379505724],[-79.259372585562105,43.691543885880556],[-79.259337101235246,43.691616730647354],[-79.259316812968947,43.691661667388452],[-79.259299969577597,43.691692020284869],[-79.259227535246723,43.691791557046081],[-79.259161925942308,43.691859477599763],[-79.259114867038704,43.691898273022787],[-79.259047730954848,43.69192608953707],[-79.258992388368341,43.691939339783914],[-79.258953841651504,43.691946549551446],[-79.258904302032079,43.691926381194591],[-79.258824663165072,43.691885671375331],[-79.258783879608075,43.691866007509773],[-79.258749245692258,43.691850263169513],[-79.258706919492255,43.691831712180758],[-79.258674574966932,43.691820455293886],[-79.258645303589034,43.6918131204487],[-79.258609841077543,43.691809130003939],[-79.258587465926766,43.691811324072553],[-79.258573545536052,43.69182416652005],[-79.258578092882459,43.691840954532559],[-79.258588853913949,43.69185496526746],[-79.258603452602827,43.691867858944285],[-79.25862266712997,43.691883561768108],[-79.258644197947092,43.691897037159087],[-79.258668813140943,43.691911635218034],[-79.258691896840261,43.69192455579833],[-79.258724977893991,43.691937767515071],[-79.258762724426205,43.691953788470187],[-79.258788108782241,43.691968388126568],[-79.258822861559864,43.691985446894115],[-79.258821435034037,43.692072108320652],[-79.258816614572453,43.692126546962534],[-79.258800698529342,43.692166848166579],[-79.258779227707336,43.692206462549279],[-79.258765212785974,43.692236686313365],[-79.258744643689283,43.69228034417187],[-79.258723565935369,43.692317817065586],[-79.258671258169585,43.692427972460671],[-79.258604821580946,43.692544083851665],[-79.258544875094344,43.692607029285426],[-79.258484961967298,43.692661630561084],[-79.258442944751366,43.692692695244091],[-79.258383132197366,43.692722201079974],[-79.258319163292398,43.692742570788063],[-79.258277246621134,43.692748567028218],[-79.258237432561415,43.692753037480664],[-79.258211242186377,43.69275374719421],[-79.258193643272563,43.692749623380919],[-79.258100903198311,43.69270907437518],[-79.258047624534171,43.692680823579309],[-79.258009989176429,43.692661769190465],[-79.257968145773603,43.692646468418729],[-79.257941460420042,43.692640714095724],[-79.257910576182255,43.692639514528231],[-79.257893269656691,43.692642898364255],[-79.257889544251256,43.692656185380017],[-79.257894730540286,43.692671381542119],[-79.257917727513558,43.692687389536054],[-79.257946961587663,43.692710251713784],[-79.257970991088598,43.692722463338747],[-79.258004433454857,43.692741526866094],[-79.25804203478603,43.692762885514874],[-79.258066083233331,43.692779651812813],[-79.258092224704612,43.69279111177373],[-79.258112917250443,43.692852706387093],[-79.258121121449904,43.69288867490139],[-79.258093897063659,43.69294600951703],[-79.258027517004109,43.693066153259132],[-79.257991188434843,43.693138536735233],[-79.257956976104509,43.693196738647202],[-79.257940683604858,43.693228640723291],[-79.257891165669477,43.693301581318522],[-79.257854926973692,43.693351551727631],[-79.257815626320962,43.693394800675449],[-79.257771198082636,43.693429820566443],[-79.257706155922435,43.693470026496229],[-79.25767209948647,43.693489397087809],[-79.257641156095104,43.693502779410906],[-79.257612666247525,43.693510676141869],[-79.257546900247888,43.693548828151584],[-79.25749832860798,43.693568383933481],[-79.257438356730589,43.693578608170739],[-79.257355777088037,43.693537774082465],[-79.25725619626904,43.693483014842322],[-79.257190697452813,43.693451821281613],[-79.257147978383045,43.69343516815821],[-79.257118128029859,43.693411305326421],[-79.257093917322763,43.693404007842631],[-79.257072526542089,43.693401892088097],[-79.257043627134294,43.693406754372418],[-79.25704819051515,43.693425639775597],[-79.257062394063311,43.693438091742678],[-79.257082266360811,43.693462968532977],[-79.257144882795927,43.693498296625023],[-79.257179034009994,43.69351389640093],[-79.257151431529579,43.693636966397044],[-79.257112662082704,43.693705185805143],[-79.257065278648611,43.693783738374684],[-79.25702646313286,43.693860247840767],[-79.25698627527251,43.693923288447287],[-79.256954672284991,43.693977030959203],[-79.256910736427599,43.6940465534976],[-79.256879343638531,43.694091223135821],[-79.25684922986558,43.694129432560764],[-79.256800594782533,43.694164515131312],[-79.256749102349559,43.694197521304133],[-79.256701919004399,43.694223299589666],[-79.256659153700909,43.6942363864434],[-79.256609129111794,43.694246901458548],[-79.256574894044689,43.694248898854035],[-79.256550624756258,43.694249882316505],[-79.256490860951402,43.694217674426184],[-79.256432544949178,43.694177188404289],[-79.256335781288726,43.694119040885489],[-79.256308742460789,43.694102420874209],[-79.256285255416799,43.6940909931714],[-79.25625103706264,43.694091946356153],[-79.256235298061085,43.694103299422949],[-79.256234524037197,43.694116754698364],[-79.256247309201939,43.694130229887271],[-79.2562685997665,43.694154083693505],[-79.256312666123918,43.694190398829193],[-79.256321163054665,43.694205935163993],[-79.25632251004518,43.6942256058501],[-79.256308134811746,43.694252480054601],[-79.256297723814114,43.694271531588349],[-79.256252286440457,43.694310293267591],[-79.256227928930002,43.694336111026942],[-79.256202127781037,43.694369180740004],[-79.256179133985015,43.694410519617485],[-79.256158972239746,43.694460154717476],[-79.25614185855207,43.694495394255782],[-79.256109359342972,43.69455268112371],[-79.256072039934651,43.694614692373001],[-79.256040473349742,43.694662223814738],[-79.256013241378767,43.694693202130821],[-79.255983155876024,43.69472728879412],[-79.255937318736841,43.694772719445432],[-79.255931561602566,43.694788234373455],[-79.255932895919685,43.694811001477866],[-79.255912851930461,43.694822345306754],[-79.255891435112076,43.694832651052344],[-79.25586066793403,43.694854314450545],[-79.255828383403966,43.694879980171955],[-79.255795954363165,43.694929021917794],[-79.255676096157984,43.695016195291764],[-79.255641468354142,43.695038417459422],[-79.255604551124648,43.695062299959631],[-79.255546001966252,43.695094426373551],[-79.255495092233787,43.695121051309634],[-79.25546243810669,43.695136850725653],[-79.255319114399441,43.695207015095846],[-79.255129579982679,43.695292130452323],[-79.254967597638995,43.695368276267857],[-79.254799802427982,43.695439935744474],[-79.254737090136771,43.69547362803641],[-79.254596921420429,43.695542430070539],[-79.254456937927699,43.695608324914438],[-79.254292712557174,43.695683456806748],[-79.254109898048938,43.695765812513244],[-79.254019935973957,43.695806970863089],[-79.253952800954053,43.695841985395155],[-79.253887126281825,43.695868748853059],[-79.253809495617034,43.695903785708481],[-79.253749130060626,43.695930668536668],[-79.253702338665207,43.695957031503546],[-79.253665817309269,43.695971768920636],[-79.253629318171008,43.695978045165724],[-79.253594287261834,43.695983262412469],[-79.253551979046705,43.695984233354636],[-79.253534466942284,43.69597996499278],[-79.253515622979734,43.695955575883652],[-79.25347209807579,43.695896208556846],[-79.253419897164136,43.695816713625668],[-79.253396704992966,43.695781738605767],[-79.253376319749421,43.695773233416816],[-79.253352997496776,43.695770005641585],[-79.25333547556113,43.695774207437623],[-79.253322303116548,43.695782649221627],[-79.253309112742144,43.695798490022142],[-79.253307596172746,43.695814365016858],[-79.253313366157613,43.695829193585219],[-79.253319131791272,43.695845084295541],[-79.253333616886266,43.695870517181866],[-79.253352515960529,43.695887489381072],[-79.253369921378393,43.69590869795983],[-79.253397465599932,43.69595638318706],[-79.253442455011424,43.696012567245589],[-79.25339691918866,43.696089718046053],[-79.253332423862901,43.69616156216366],[-79.253260675996543,43.696229132981358],[-79.253206476092871,43.696286156130391],[-79.253178670146681,43.696308329266174],[-79.253149426389953,43.696324135381765],[-79.253113639657698,43.696332087239163],[-79.25300155649208,43.696312708369469],[-79.252898606170049,43.696350255254991],[-79.252827203571911,43.696381920420293],[-79.252783266965679,43.696401718244033],[-79.252699569497153,43.696424418462414],[-79.252633670269887,43.696445158851972],[-79.252548616324546,43.696465839736405],[-79.252408654342887,43.696504332197136],[-79.252275024392162,43.696544593459549],[-79.252140305336539,43.696596220825874],[-79.251993445332474,43.696640656669672],[-79.25188228503481,43.696674215257985],[-79.251779333130543,43.696705811280538],[-79.251664066213351,43.69674236716736],[-79.251572077094352,43.696780935810587],[-79.251464923856318,43.696832424256954],[-79.251367466318356,43.696885292886073],[-79.251009800382292,43.697073568315282],[-79.250594378327747,43.697295498430876],[-79.250385971554707,43.697404931181609],[-79.250294095558218,43.697448683777438],[-79.250223305853524,43.697484480237208],[-79.250188542449777,43.697499688447003],[-79.25015753697501,43.697503221195021],[-79.250127787024212,43.69750316516734],[-79.250110445792728,43.697499526745318],[-79.25008949969218,43.697470703851337],[-79.25002788219966,43.697386047073152],[-79.250004443737936,43.697359919097487],[-79.249980967933936,43.697342783316948],[-79.249946882223412,43.697338217117185],[-79.249920181582084,43.697350751499641],[-79.249913939820004,43.697366022022294],[-79.249918797628965,43.697391209238795],[-79.249936023006072,43.697422715408386],[-79.24998658441595,43.697483971722654],[-79.250013711178084,43.697518190919638],[-79.250046978803823,43.697561433822258],[-79.250074126746128,43.697596544177742],[-79.250011922671376,43.697653053225928],[-79.249903712005903,43.697746330841902],[-79.249835328187785,43.697800116885368],[-79.249760744774619,43.69785301619104],[-79.24972597355351,43.697870024498442],[-79.249637158250678,43.697908409498346],[-79.249540384893677,43.697945129757557],[-79.249483318436248,43.697959379751204],[-79.249432477482685,43.697968260596554],[-79.249403945471798,43.697973598818152],[-79.249370482114955,43.69797442557924],[-79.24934817949665,43.697973467546682],[-79.249335830630258,43.697962647930254],[-79.249250726649578,43.697863555185499],[-79.249194033784633,43.697785200662956],[-79.24916815928259,43.697748274635082],[-79.249152113720584,43.697728454605304],[-79.249131704638529,43.697716726150851],[-79.249103207645931,43.697716663605064],[-79.24908021913204,43.697731456258886],[-79.249071470373636,43.697749862678741],[-79.249089952187092,43.697780471603714],[-79.249129437403482,43.697820127906205],[-79.249168908887611,43.697866067059614],[-79.249215775431125,43.697923715089203],[-79.249232986994642,43.697952529948118],[-79.249206859849593,43.697982149853907],[-79.249139697040135,43.698040429797388],[-79.249070037721467,43.698102331736948],[-79.249006641544852,43.69814982733277],[-79.248965625533316,43.698176714104036],[-79.248918406308093,43.698203596236141],[-79.248865091263454,43.698228520679251],[-79.248786717322005,43.698258889810802],[-79.248709714194547,43.69828183584481],[-79.248643996463073,43.698293951098137],[-79.248498422101363,43.698328978924813],[-79.248412906171438,43.698218831082642],[-79.24834313500196,43.698141131454626],[-79.248301322351153,43.698082567066173],[-79.248275161154496,43.698051995111847],[-79.248245414525741,43.698039219790275],[-79.248217394130364,43.698037888892571],[-79.248199844571744,43.698045483321906],[-79.24819103788542,43.69805690455096],[-79.248188312896914,43.698076602353893],[-79.248222331649714,43.69811799317376],[-79.248302605443598,43.698196985183245],[-79.248339209313087,43.698240280930172],[-79.248351395842732,43.698263189017403],[-79.248361813589099,43.698284824028732],[-79.248345901719659,43.698319092882315],[-79.248307181595138,43.698363509965773],[-79.248261768406635,43.698400450233585],[-79.248226622155087,43.698426854594786],[-79.24818962619787,43.698444631642865],[-79.248140360448602,43.698456431797808],[-79.248049992304772,43.698483002457749],[-79.247988456842023,43.698482875808359],[-79.247918596273664,43.698509491575493],[-79.24782821531079,43.698542038882195],[-79.247663891861166,43.698598213295753],[-79.247581736401145,43.698621822290292],[-79.24749959314903,43.698648419677916],[-79.247409199383398,43.698680957622805],[-79.247347489048394,43.698716520320225],[-79.247277652625925,43.698743162751647],[-79.247207803775694,43.698772748531546],[-79.247162544342842,43.698799436241167],[-79.247096726908438,43.698843918988061],[-79.247010464134519,43.698870524911051],[-79.246903605972221,43.698917887127614],[-79.246821374652342,43.698956401526509],[-79.246788496892407,43.698974187240651],[-79.246731042764154,43.698974041951296],[-79.246714616410358,43.698979955400524],[-79.246718547644576,43.699018660615451],[-79.246698027112231,43.699024573991501],[-79.246652879815898,43.699030423782837],[-79.246628190464961,43.699042277752788],[-79.246591193630849,43.699063006699369],[-79.246537795608191,43.699077767423574],[-79.246509024306562,43.699092600741331],[-79.246439174896409,43.699116245203435],[-79.246402115315817,43.699148891644143],[-79.246274735824215,43.69919621674152],[-79.246176102344265,43.699234694265179],[-79.246085669675423,43.699270192494417],[-79.245991129624244,43.699317608220341],[-79.245843191359626,43.699373816417612],[-79.245769184380308,43.699412321338627],[-79.245736205965045,43.699444985639829],[-79.245645822498204,43.699477513206865],[-79.245580053826714,43.699504154647386],[-79.24545260979454,43.699569337219927],[-79.245366206914795,43.699625699815599],[-79.245296419012973,43.699640423446262],[-79.245226467718538,43.69968786631992],[-79.245144297086142,43.699714479950941],[-79.245066169855889,43.699758925073226],[-79.244992174381721,43.699794486095826],[-79.244963390027024,43.699809300990815],[-79.24490584657687,43.699832962967399],[-79.244839950954329,43.699889370926115],[-79.244741239503767,43.699948666990231],[-79.244658942128268,43.700005011211388],[-79.244539696598238,43.700073190496902],[-79.244498566463889,43.700099877372296],[-79.244441022438892,43.700123566116098],[-79.24431761950143,43.700200656140282],[-79.244132653890475,43.700280596666815],[-79.244035298679805,43.700341578391757],[-79.243929614576089,43.700377193776021],[-79.243872064761334,43.700393384154594],[-79.243844446278516,43.700416896613056],[-79.243829304577702,43.700453119827628],[-79.243821633345817,43.70049480555582],[-79.243828940094573,43.700532897336323],[-79.243848766942847,43.700576453945104],[-79.243863599924055,43.700612753331527],[-79.243868476351409,43.70064177537629],[-79.243870730853175,43.700697984405188],[-79.243842859164943,43.700786764557279],[-79.243810002889532,43.700871906014775],[-79.243779774587225,43.70092260546464],[-79.243752087978677,43.70096787383261],[-79.243701838185331,43.701029410919531],[-79.243626532757503,43.70109813781783],[-79.243506094534823,43.70120665705857],[-79.243415791966285,43.701286223704471],[-79.243350529186714,43.701347726932568],[-79.243305325089509,43.701398392626679],[-79.243285173482121,43.701430976997685],[-79.243285034217905,43.701463615312861],[-79.243289848560281,43.701507138294531],[-79.24330466288383,43.701550692734216],[-79.243327965015382,43.701591025771812],[-79.243311546332109,43.701679228411614],[-79.243318991567833,43.701757520225776],[-79.243268848416719,43.701831605131432],[-79.243179131132536,43.701919094018457],[-79.243078852139703,43.702021798254258],[-79.242971006182685,43.702106662860281],[-79.242652012886012,43.702299094485795],[-79.242320141363848,43.702485132282277],[-79.242204347883202,43.702530615667648],[-79.241993687883138,43.70263689548409],[-79.241804037122051,43.702750828444834],[-79.241603917431888,43.702849480263737],[-79.241445980775367,43.702925354917213],[-79.241272343634989,43.702982138118145],[-79.241098808970293,43.703023682130343],[-79.240893734893547,43.703065127386211],[-79.240699169426136,43.703106614115477],[-79.240530894453201,43.703136719575831],[-79.240365274637455,43.703161043000371],[-79.240204590936443,43.703159948806146],[-79.240081944270585,43.703165547819012],[-79.240004070765039,43.703169475297727],[-79.239902112959015,43.703165138761648],[-79.239825698290076,43.703158798985292],[-79.239705362740878,43.703149280714989],[-79.239629659769903,43.70314191628303],[-79.239507989948407,43.703113897148484],[-79.23939620408467,43.703101319600712],[-79.239209501188711,43.703054672247085],[-79.239133356135213,43.703029123904912],[-79.23904118594389,43.702996670955969],[-79.238947438244679,43.702950352368156],[-79.238889643171788,43.702902108551882],[-79.238807020216171,43.702839774989869],[-79.238749265136676,43.702779514492256],[-79.238699798221589,43.702719263910382],[-79.238655805396519,43.702667036956456],[-79.238631101847943,43.70263290164818],[-79.238600821159181,43.702608781000066],[-79.238573268719932,43.702590688436167],[-79.238556744995165,43.702578624941296],[-79.238523610482147,43.702574534581956],[-79.238490463566507,43.702570444184623],[-79.238435158360787,43.702580363065806],[-79.238407414284637,43.702606358265172],[-79.238371363473291,43.702642343862102],[-79.238349105659992,43.702676371739422],[-79.238326830399402,43.702714405139275],[-79.238301775857096,43.702752441172791],[-79.238257401865752,43.702796454815918],[-79.238226877047097,43.702828456453936],[-79.238163318558065,43.702830309162906],[-79.238127399648803,43.702830226878888],[-79.238096949523879,43.70284220081863],[-79.238069240098454,43.702860175878975],[-79.238041483366942,43.702886161957906],[-79.238010962054034,43.702920170829813],[-79.237985905853606,43.702964219639711],[-79.237980262353631,43.702992281676174],[-79.237980122673648,43.703024352894118],[-79.237985451854001,43.703068462349407],[-79.237993556568227,43.703110579883365],[-79.238009953067831,43.703154714704333],[-79.238023605359132,43.703190805096078],[-79.238040024377995,43.70322692883046],[-79.238045453310761,43.703250992674391],[-79.238053627892498,43.703277079095244],[-79.23810607229008,43.703283203115674],[-79.238155830614318,43.703279320544439],[-79.238208308612997,43.70328342830976],[-79.238280072135623,43.703303647482421],[-79.238318719638272,43.703309739814415],[-79.23834903043246,43.703329846035395],[-79.238409752864655,43.703344027001947],[-79.238451146068059,43.703352141857842],[-79.238484246258437,43.703364225289739],[-79.238531197971838,43.703372352833604],[-79.238591815983227,43.703410584866155],[-79.238657898187384,43.70346484262415],[-79.238677167889065,43.703478919664292],[-79.238693704291848,43.703490983168905],[-79.238726900304414,43.703481031633167],[-79.238743502645505,43.703475056730284],[-79.238768332161897,43.703483133612075],[-79.238793095733001,43.703509257889948],[-79.238828929314408,43.703523372754361],[-79.238906223363728,43.703541587884345],[-79.239022156452833,43.70356791132172],[-79.239118760203723,43.703588177677211],[-79.239187731523089,43.703614393755309],[-79.239207152833174,43.703596399516812],[-79.239209976805029,43.703580365691643],[-79.239223850751998,43.703568371643932],[-79.239245826680715,43.703596478744949],[-79.239254001868616,43.703622556078606],[-79.239319213027628,43.703648952526486],[-79.239383727382133,43.703652907175517],[-79.239430632299332,43.703669054376881],[-79.239471925424041,43.70370322731894],[-79.239496703059757,43.703723329624161],[-79.239513231042039,43.70373739127308],[-79.239548985579219,43.703775566132634],[-79.239534990136193,43.703815625910124],[-79.239523879334186,43.703825619007937],[-79.239485212846787,43.703829536455579],[-79.239457564113906,43.70383348800528],[-79.239435384637702,43.703849468714502],[-79.239413130688121,43.703885504084397],[-79.239388175625223,43.703903485740369],[-79.23938811483437,43.703917518585293],[-79.239404613007878,43.703935603750182],[-79.239410064882264,43.703951647445187],[-79.239390660869475,43.70396563619034],[-79.239354687940619,43.703983592718174],[-79.239326969625552,43.704003584344491],[-79.239304785062615,43.70402357958362],[-79.239277153627413,43.704023516561612],[-79.239246763987865,43.704021448958535],[-79.239219132553771,43.704021385922488],[-79.239188687076748,43.704029336592434],[-79.239152696681856,43.704051298582705],[-79.23911664662711,43.704081289560065],[-79.239088954304819,43.70409525933664],[-79.239058507546559,43.704109213817304],[-79.23899493901888,43.70411307424871],[-79.23894511542639,43.704128991736063],[-79.238887009708705,43.704154917699633],[-79.238795687727674,43.704186789585364],[-79.238729256373787,43.704212714445447],[-79.238693211041621,43.704238690731898],[-79.238662754133131,43.704260656215382],[-79.238643375969588,43.704268632042449],[-79.238610565686585,43.704272517577408],[-79.238556393012061,43.70427558013472],[-79.238522373165139,43.704280849073626],[-79.23849133729621,43.704281849225133],[-79.23845145016071,43.704275349058726],[-79.238420479577002,43.704261335219194],[-79.23838059261945,43.70425479902336],[-79.238352551718407,43.704246156628678],[-79.238303838352635,43.704232120145058],[-79.238250664557725,43.704222340029581],[-79.238193065922346,43.704211487604653],[-79.238127622343256,43.704195702483865],[-79.238069033076087,43.704184406664545],[-79.238012889187232,43.704175717787543],[-79.23795822966639,43.704168076433383],[-79.237906536915361,43.704165824616247],[-79.237859239494853,43.704165725158468],[-79.237820776129226,43.704174206153404],[-79.237794133991926,43.704180580951352],[-79.237761626261729,43.704180524379645],[-79.237715796061167,43.704182552528749],[-79.237678832511122,43.704185681160602],[-79.237656580779287,43.704203866669303],[-79.237649129733484,43.704216730388026],[-79.237621037527731,43.7042198793621],[-79.237604747923811,43.704225197726174],[-79.237576604235443,43.704240147238394],[-79.237560294202055,43.704252990612353],[-79.237552843208121,43.704265836322243],[-79.237554249530177,43.70428192482364],[-79.237564494445266,43.704305549679781],[-79.237588073026657,43.704321689084111],[-79.237619065236743,43.704333551894749],[-79.237644176514408,43.704336813986011],[-79.237675193741509,43.704340098627029],[-79.237744719634804,43.704327386345653],[-79.237830488389235,43.704320076035437],[-79.237913282390821,43.704314901142794],[-79.23797092477038,43.704312872989135],[-79.238049394682022,43.704311972690768],[-79.238149037189473,43.704312741071554],[-79.238236223355514,43.704316145217078],[-79.238301201491822,43.704324872212808],[-79.238354342813849,43.704342141288272],[-79.238385316514808,43.704358297455315],[-79.238411829662766,43.704378737012533],[-79.238420634245827,43.704396975735065],[-79.238419087806193,43.704413057468287],[-79.238429347094666,43.704433459824173],[-79.238455948889339,43.704433520695233],[-79.238473691651734,43.704433570292615],[-79.23849297937177,43.704435000616336],[-79.238497177326138,43.704471150325048],[-79.238500023117339,43.704495820319046],[-79.23850580332784,43.704524772629789],[-79.238551333997577,43.704594573623595],[-79.238557880337225,43.704621403383562],[-79.238575536231508,43.704638600187998],[-79.238549568515921,43.704661061975379],[-79.238543587894554,43.704678213719717],[-79.238533150630388,43.704695886344439],[-79.238512408929495,43.704709232788446],[-79.238487278036715,43.704707582070711],[-79.238476996106868,43.704695226805505],[-79.238459326214468,43.704681252409046],[-79.238444569028132,43.70467370258104],[-79.2384238855539,43.704673655250915],[-79.238400199281656,43.704682197258734],[-79.238314341430481,43.704709886669526],[-79.238237256806471,43.704728783862663],[-79.238218060930507,43.70475469956736],[-79.238197276255548,43.704775048844361],[-79.238166909218364,43.704790515481832],[-79.238136591796078,43.704797431017539],[-79.238117364554242,43.704804885026668],[-79.238105484007008,43.704817738625366],[-79.238096556511024,43.704830589987736],[-79.238080252792201,43.704839121840315],[-79.23806987055309,43.704849818563432],[-79.238049123187267,43.704861580686341],[-79.23802840391852,43.704866888958698],[-79.238003259743195,43.704871124935224],[-79.237972180729727,43.704879109832795],[-79.2379381720976,43.70488171424676],[-79.237905664027409,43.704881648713879],[-79.237876815377504,43.70488747839461],[-79.237850882282473,43.704901910968132],[-79.237825728822244,43.704908271184145],[-79.23779910802655,43.704912521731444],[-79.237768031397536,43.704919948500127],[-79.237741391953065,43.70492847459473],[-79.23771620103048,43.704943421912844],[-79.23769398172243,43.704954109442347],[-79.237679149714921,43.704963724767211],[-79.237647336203466,43.70497224796695],[-79.237620624544789,43.70497171858937],[-79.237567468579044,43.704983325217015],[-79.237511217888596,43.705004646085463],[-79.237488998560934,43.705015324573658],[-79.237472678247158,43.705027627833488],[-79.237444559881993,43.70503668153701],[-79.237400205414673,43.70503873995262],[-79.237379512464315,43.705040834714083],[-79.237345482611445,43.705048272585067],[-79.237318828363271,43.705057320620639],[-79.237284094507643,43.705058329948407],[-79.237250863034134,43.705053419883143],[-79.237225795336471,43.705037276987987],[-79.237156487005208,43.705002822794945],[-79.237141220568674,43.704978376243311],[-79.237042002304023,43.704937075238391],[-79.236930616212774,43.704869309411933],[-79.23682314605702,43.704797051856872],[-79.23673273887367,43.704715814227022],[-79.236688765143555,43.704656448570418],[-79.236662902344747,43.70463493896164],[-79.236657118322356,43.704607057700947],[-79.236657306117166,43.704564158075307],[-79.236657437644212,43.704534112135043],[-79.236659036214817,43.70450622987957],[-79.236662125310787,43.70447514660524],[-79.236675612298683,43.704435500071753],[-79.236695044580458,43.704384048562254],[-79.236710005030261,43.704342254114316],[-79.236724912159957,43.704315473662326],[-79.236730930724249,43.704289761890251],[-79.236737008762688,43.7042532937351],[-79.236737116653558,43.7042286395004],[-79.236740168234292,43.70420611634546],[-79.236747647557152,43.704186834844378],[-79.236793704669481,43.704130115878364],[-79.23682191725689,43.704102285897179],[-79.236851584450974,43.704076619562905],[-79.236903185168387,43.704040310196106],[-79.236983495890513,43.703990060891634],[-79.237038352085619,43.703952642796303],[-79.237148071919833,43.703878895696946],[-79.237201484181099,43.703833976142256],[-79.237284516322859,43.703774128523413],[-79.237336430186147,43.703731338762495],[-79.23737795701939,43.703700343784412],[-79.237404666102876,43.703675750660963],[-79.237444729123823,43.703636147078775],[-79.237480359309387,43.703602987214239],[-79.237507101062619,43.703570887079962],[-79.23752939466381,43.70354306133126],[-79.237551688322895,43.703515217575635],[-79.237572469637442,43.703492744103379],[-79.237596300430326,43.703450987899821],[-79.23762580245338,43.703420370282203],[-79.237641717946516,43.703358532062026],[-79.237647140635602,43.703273032413009],[-79.237642888580922,43.703203901875959],[-79.237638308042378,43.703158884995517],[-79.237925447709983,43.703205630216139],[-79.237925622357281,43.703165538944837],[-79.237925779555212,43.703129453199956],[-79.237923252173246,43.70307733003154],[-79.237923426821212,43.70303723875935],[-79.237923540338286,43.703011180332375],[-79.237909779745621,43.702997124797299],[-79.237873878229081,43.702993027905407],[-79.237846264685359,43.702988968013095],[-79.237871289754622,43.702954937580323],[-79.23789360537755,43.702904878661649],[-79.237929681485681,43.702868884273876],[-79.237957443375237,43.702838874664415],[-79.237990700301935,43.702814881493524],[-79.23804327012266,43.702794956143741],[-79.238073698970396,43.702785016457383],[-79.238115268572159,43.702761060300375],[-79.238145714981755,43.702747079062938],[-79.238181677479503,43.702737134021675],[-79.238228799353251,43.702703181123709],[-79.238242713246137,43.702679152581105],[-79.238259380139169,43.702661152193109],[-79.238267790239632,43.702633105477368],[-79.238262361272461,43.702609041641274],[-79.238262422323132,43.70259500879439],[-79.238259807459343,43.702562931266286],[-79.238281956938692,43.702550956279978],[-79.23830966615796,43.702532981166542],[-79.23834558496857,43.702533045390474],[-79.23840363940765,43.702527165415347],[-79.23845617397491,43.702515259929442],[-79.238497653824197,43.702503311126989],[-79.238539153392537,43.70249538592428],[-79.238580619374531,43.702489476915154],[-79.238644212410549,43.702479585914773],[-79.238680131111948,43.702479668035878],[-79.238702197142828,43.702489736898507],[-79.23872698399893,43.702501828261475],[-79.238729685514116,43.702516866564785],[-79.238754496553554,43.702531964402688],[-79.238771037697703,43.702540022341765],[-79.238804154857803,43.702548109155614],[-79.238837319209935,43.702548184933434],[-79.238887048409779,43.702542285691194],[-79.23892379351507,43.70252634735499],[-79.238984530182123,43.702519933134553],[-79.239061052410506,43.702484102748208],[-79.23912216849385,43.702430234601046],[-79.239169314078353,43.702376325541444],[-79.239213761888891,43.702317918670843],[-79.23921133022246,43.702254913200271],[-79.239195383771218,43.702178365980082],[-79.239171259296512,43.702110801371056],[-79.239149050863844,43.7020477417663],[-79.239095427829099,43.701984610456634],[-79.239002119934881,43.701957384614758],[-79.238914983667357,43.701934682432324],[-79.238825872854619,43.701920985948512],[-79.238761622368102,43.701893844301367],[-79.238701919739754,43.70189370783941],[-79.238614653913245,43.701898017959344],[-79.238533153627287,43.701920325749398],[-79.238460137709538,43.701951672172292],[-79.23839442758792,43.701992027543],[-79.238339149787407,43.702041408032265],[-79.238289703140779,43.702090819847832],[-79.23828485474813,43.702135806121269],[-79.238258274284391,43.702185261273371],[-79.238208206561765,43.702206281609087],[-79.238116159333188,43.702242894974241],[-79.238013815048944,43.702270717423154],[-79.237919768666004,43.702290556672715],[-79.23782027318758,43.70230237221196],[-79.237742871164883,43.702312213069909],[-79.237662677437228,43.702322065470902],[-79.237588110702092,43.702321885311058],[-79.237524561369753,43.702321757405691],[-79.23743623577738,43.702301499713165],[-79.237397590404342,43.702289403236527],[-79.237358991148852,43.702275272564641],[-79.237320367058032,43.702261150823887],[-79.237320437052404,43.702245119714235],[-79.237314994652422,43.702227068652384],[-79.237290200792472,43.702210989401848],[-79.237213001670668,43.702168703984334],[-79.237124823734987,43.702120407418441],[-79.237055911183276,43.702084180806565],[-79.237011853806791,43.702049991621507],[-79.236967778889564,43.702019825948931],[-79.23692925503525,43.701985676468688],[-79.236890745231136,43.701945487151868],[-79.236857725038448,43.701915364884101],[-79.236831906006358,43.701867085611148],[-79.236788914294905,43.70182192623755],[-79.236718234277561,43.701758763533839],[-79.236659628584661,43.701686627327753],[-79.236630881457657,43.701610068254311],[-79.236619194082792,43.70153352147873],[-79.236598968459134,43.701465983305994],[-79.236541822898715,43.701411834950349],[-79.236473404575264,43.701362179218059],[-79.236387951680328,43.701312484160603],[-79.236299345343397,43.701271783040383],[-79.236211136107599,43.701231091768889],[-79.236121324285079,43.701199389004657],[-79.236020505905145,43.701199165219286],[-79.235930938362714,43.701207950611106],[-79.235838616346896,43.701216756570958],[-79.235745710264268,43.70122859453614],[-79.235674888332596,43.701251798100486],[-79.235598253953768,43.701290461370185],[-79.235541934807486,43.701342097423975],[-79.235506036883024,43.701388244919471],[-79.235480402898204,43.701425162844103],[-79.235459839420244,43.701465801023332],[-79.235439157786473,43.701530481333151],[-79.235423672983401,43.701572976521142],[-79.235420925942279,43.701613628925628],[-79.235413149270769,43.701646897642817],[-79.235418126538775,43.70167465109548],[-79.235420547971941,43.701702398631944],[-79.235417898888571,43.701726416904826],[-79.235428008018133,43.70174677418543],[-79.235448295148544,43.701769009284412],[-79.235468655037195,43.701769056403933],[-79.23548383086063,43.701796842455906],[-79.235478654586757,43.701817164358658],[-79.235491258395754,43.701848625978982],[-79.23552683537001,43.701872732704189],[-79.235622110311652,43.701943217060453],[-79.235648827412916,43.701950668898306],[-79.235671666244485,43.701971064596677],[-79.235709790990768,43.70199704942128],[-79.23574540055985,43.702013775107595],[-79.235775939582567,43.702026771535408],[-79.235803934627342,43.702034235292196],[-79.235833154843064,43.702053718575854],[-79.235875194465393,43.702058442379339],[-79.235903234423546,43.702058507167415],[-79.235949140110705,43.702053059433808],[-79.235977208266775,43.702043870958043],[-79.236015206623151,43.70204497586414],[-79.236036128885871,43.702049776854651],[-79.236110719052988,43.702103938727682],[-79.236149924884899,43.702180531068592],[-79.236206205156194,43.702248179528318],[-79.236276187558374,43.702297839021647],[-79.236344991439026,43.702347486752068],[-79.23639975335935,43.702410621973847],[-79.236433172928272,43.702482700232565],[-79.236480989297419,43.702536809123039],[-79.236500847951163,43.702608865097744],[-79.236516386749997,43.702689912384699],[-79.236546608463399,43.702775485146482],[-79.236573087583849,43.702843064728725],[-79.236580070651542,43.702928592922916],[-79.236592096234233,43.703018624371126],[-79.236585902740615,43.703104140199834],[-79.236565373814045,43.703185095349156],[-79.236538601678518,43.70327505537967],[-79.236498352241071,43.703351473424007],[-79.236454598652244,43.703423400739986],[-79.236430191031431,43.703508847554005],[-79.236398016203523,43.703594303453492],[-79.236353831003285,43.703679713638728],[-79.236309628181786,43.703760623128744],[-79.236248838709443,43.703832502058233],[-79.236198084424316,43.703913414388225],[-79.236157365422741,43.704003342129418],[-79.236094210844669,43.704079698147702],[-79.236036406372349,43.704169604397848],[-79.235974787675431,43.704254974167547],[-79.235921315334835,43.704335898092793],[-79.235862043589663,43.704412280951161],[-79.235778353571675,43.704488616337784],[-79.235676868161093,43.704551408606136],[-79.235572665277047,43.704614194497204],[-79.235477740704141,43.704686003035498],[-79.235367676158916,43.704766795717305],[-79.235264611692642,43.704838585231307],[-79.235222143477102,43.704863150347151],[-79.23512408888908,43.704915787632963],[-79.235042937808387,43.70495618628437],[-79.234927841379189,43.705015732877804],[-79.234795038445014,43.705083798482441],[-79.234619497913499,43.705161378073377],[-79.234508863198855,43.705213463547018],[-79.234386414401442,43.705268725913164],[-79.234299378061507,43.705306986058396],[-79.234258288007425,43.70532556817296],[-79.234204222893382,43.705348953784252],[-79.234162960232027,43.705361657633823],[-79.234145228435167,43.705378718806685],[-79.234133356104394,43.705397917905323],[-79.234122221781504,43.705421385321138],[-79.234072839606242,43.705435150403837],[-79.234044959326212,43.70541264537249],[-79.234010477519078,43.705387460596775],[-79.233986228011659,43.705377259734277],[-79.23396416109648,43.705372941775636],[-79.233942051706805,43.70537822806876],[-79.233914042130266,43.705387776226118],[-79.233894788316647,43.705412295869614],[-79.233874023144807,43.705447487496905],[-79.233863561013194,43.705481658961929],[-79.233845684469401,43.705528603965938],[-79.233824813426125,43.705590511104873],[-79.233802590503998,43.705621432721777],[-79.233790664260269,43.705655582766809],[-79.233781669212519,43.705691872938083],[-79.233765406112283,43.705707857319283],[-79.233755005384239,43.705728130956082],[-79.233743161841133,43.705743585552014],[-79.23371073896682,43.705749396853271],[-79.23368475308618,43.70575021843711],[-79.233635624464739,43.705759879342018],[-79.23361051270534,43.705779056533785],[-79.233594244792371,43.705796112030185],[-79.233573526592664,43.705820628204776],[-79.233642441313535,43.705884877848412],[-79.233733373031285,43.705961996546037],[-79.23379206515078,43.706009137876428],[-79.233852218602706,43.706054131275657],[-79.23391532811506,43.706101282827404],[-79.233944710656544,43.70611523117789],[-79.233977029067134,43.706130275507014],[-79.234024085225556,43.706143193816615],[-79.234081442823111,43.706158296376934],[-79.234115266239129,43.706166917262337],[-79.23414172704112,43.706176592164468],[-79.234165230075064,43.706187322331417],[-79.234191681388097,43.706199148503067],[-79.234212210674215,43.70621736080043],[-79.234251772262738,43.706261225952609],[-79.234294222505326,43.706316889467104],[-79.234331591461114,43.70635434959231],[-79.234333732261533,43.706372519127292],[-79.234313044214645,43.706387422149092],[-79.234271695850509,43.706419370547657],[-79.234258368677359,43.70643642397178],[-79.23424944930801,43.706455620942734],[-79.234148011602556,43.70642227839862],[-79.234041533953615,43.706389473115138],[-79.233999532291548,43.706375513427332],[-79.23392752535203,43.706421045275235],[-79.233977913072948,43.706575705324596],[-79.234110703671632,43.706677008516095],[-79.234021472042173,43.706737001394643],[-79.233893381029418,43.706636402139075],[-79.233799608030253,43.70669635726842],[-79.233761299867552,43.706722542748075],[-79.233709540341863,43.706757338095557],[-79.233771360917572,43.706804288690442],[-79.233818339729837,43.706840403169565],[-79.233841829046682,43.706857083207666],[-79.233752977388519,43.706918012891158],[-79.233641734259209,43.70682918125037],[-79.233623434092095,43.706814745578335],[-79.233511807680429,43.706790109956991],[-79.233415973473143,43.706769057557892],[-79.233342828429343,43.706816404635852],[-79.233359369777801,43.70683571493695],[-79.233341684117775,43.706850615784049],[-79.233320559102069,43.706868830071905],[-79.233301553489412,43.706893179163934],[-79.233293045770637,43.706909001543849],[-79.233287531946488,43.70692123040196],[-79.23319232914325,43.70690046732966],[-79.233160610465973,43.706892832223758],[-79.233143571030709,43.706929868665014],[-79.232992412843132,43.70689388865501],[-79.232974131992236,43.706875132315986],[-79.23294808567276,43.706850326982511],[-79.232882897817234,43.706826915389783],[-79.232799295846817,43.706795224556416],[-79.232766833158195,43.706779126410432],[-79.232710526887203,43.706759137962152],[-79.232689529616152,43.706742985592726],[-79.232666350603722,43.706717988872001],[-79.232647583388811,43.706697026032124],[-79.232637693160953,43.706677695179863],[-79.232630102669276,43.706640664212337],[-79.23263023865789,43.706610069221199],[-79.232638125959568,43.706580320477279],[-79.232648289616577,43.706540918696447],[-79.232660708403827,43.706491053714146],[-79.232682013143148,43.706437996058696],[-79.232734653851367,43.706322236827468],[-79.232763728950985,43.706260115043591],[-79.232797910692426,43.706190831178176],[-79.232837030227486,43.706116077070192],[-79.232852693509585,43.70608715659742],[-79.232870559960276,43.706062255836969],[-79.232885038634976,43.706048616745356],[-79.232906223337451,43.706025307956686],[-79.232953063239165,43.705966684117762],[-79.232988742588063,43.70592331834365],[-79.233020966133097,43.705912133024313],[-79.233043155119773,43.705905748941021],[-79.233072189894031,43.705897337551946],[-79.233099292588179,43.705879731348546],[-79.233106007531049,43.705865245983276],[-79.233108303534479,43.705848346961027],[-79.233106717601018,43.705831051820169],[-79.233095146997357,43.705812914249769],[-79.233077482319416,43.705795176506001],[-79.233052036053238,43.705780643040946],[-79.233024390291234,43.705761261750176],[-79.232992307804452,43.705743481316084],[-79.232975736844551,43.705728140448805],[-79.232968051703111,43.705709615886029],[-79.232961508282472,43.705685459195379],[-79.232960478988275,43.705668561408281],[-79.232962758980875,43.70565248146648],[-79.232971700102283,43.705639630538997],[-79.232990640396622,43.705618755833811],[-79.233022928174421,43.705593060617019],[-79.233052929028744,43.705573822961625],[-79.233081789719208,43.705568255564216],[-79.233106224380819,43.705561876712174],[-79.233133427467592,43.705560761059736],[-79.233172274779164,43.705552786611868],[-79.233202257545784,43.705543207237092],[-79.23322895596776,43.705527184281628],[-79.23325897092225,43.705510340942517],[-79.233271258593319,43.705492682121452],[-79.233290205880962,43.705470196155098],[-79.233294712070773,43.705455723626507],[-79.233301466106823,43.705432399093034],[-79.233307083803808,43.705416299927407],[-79.233308248709747,43.705402629716588],[-79.233312749625256,43.705386545947491],[-79.23331171476751,43.705373680718544],[-79.233312901264981,43.705349542081144],[-79.233307437131515,43.705331004719248],[-79.233290866124307,43.705315681898988],[-79.233269895814828,43.70529632524299],[-79.233243318847556,43.705284984631632],[-79.233213419959824,43.705278478944038],[-79.233184598665432,43.705275198218636],[-79.23314911806149,43.70527108282409],[-79.233120282558005,43.705271006501398],[-79.233089226032632,43.705270933986455],[-79.233063697904683,43.705274897941308],[-79.233015977614855,43.705280421285472],[-79.232952720948802,43.7052891307683],[-79.232901646751642,43.705301091138281],[-79.232858354379047,43.705312574602672],[-79.232813357918786,43.70532220880704],[-79.232777850376067,43.70532695048388],[-79.232724630013962,43.705327636167539],[-79.232702452148118,43.705325973080463],[-79.232672533771435,43.705321069431903],[-79.232641505824873,43.705314560954228],[-79.232621561546893,43.705307277282103],[-79.232597210886283,43.705297561956812],[-79.2325639763433,43.705287816840091],[-79.232534090213903,43.705275667208433],[-79.232506405466026,43.705265142949152],[-79.23248318058323,43.70525060555331],[-79.232454411347931,43.705232841722236],[-79.232430085807337,43.705217491625],[-79.232417937399532,43.705203799259031],[-79.232402469053241,43.705191692344357],[-79.232385322109678,43.705180382610635],[-79.232349263399655,43.705183520637981],[-79.2323338237087,43.705164977872975],[-79.232329442630828,43.705151285683286],[-79.232337313738299,43.705127954820206],[-79.232355239312213,43.705086960003442],[-79.232365324127102,43.705065263551425],[-79.232365406461369,43.705046757132557],[-79.232361122096947,43.70501132710244],[-79.232355683276666,43.704987172960571],[-79.232353530305929,43.704971883762269],[-79.232349197448087,43.704950144550018],[-79.232332617818756,43.704936837854291],[-79.232327152142034,43.704918723500363],[-79.232328671507787,43.704895152730892],[-79.232307952500278,43.704872403006576],[-79.232284697543463,43.704861880065693],[-79.232234876406793,43.704843256756106],[-79.232200491292957,43.704843977315413],[-79.23216610613828,43.704844706865572],[-79.232126162323524,43.70484543238009],[-79.232092897461897,43.704845354419255],[-79.232064051380732,43.704847699147116],[-79.232032969976927,43.704853261082327],[-79.232010738533404,43.704863668439181],[-79.231970742623844,43.704878867820277],[-79.231938492712658,43.704893266237377],[-79.231909582059529,43.704910093819024],[-79.231881770145861,43.704930947538415],[-79.23183502122707,43.70497189266743],[-79.231792707432945,43.705008797612066],[-79.231767050176828,43.705041727062287],[-79.231761417855182,43.705061021569819],[-79.231761356848097,43.70507470335739],[-79.231756273836368,43.705096024439392],[-79.231727935827536,43.705106831468569],[-79.231704574822743,43.70512287090942],[-79.231700034034603,43.705147802770753],[-79.231693281455648,43.705167886756811],[-79.231673220548217,43.705189568732322],[-79.23164331397048,43.705220993967728],[-79.231612102496399,43.70526678215802],[-79.231553639366865,43.705299553514735],[-79.231475716887687,43.705327607470331],[-79.231408664531841,43.705341563923248],[-79.231341627796525,43.705349237487205],[-79.231214062807382,43.705363060584723],[-79.231129801899598,43.705362853414968],[-79.231049867444341,43.705357966701413],[-79.230961312869283,43.705346785758216],[-79.230879261544487,43.705332496617231],[-79.230797204940643,43.705316623181425],[-79.230730324641073,43.70529765299672],[-79.230646095155564,43.705284906775546],[-79.230598638410527,43.705267548503528],[-79.230546809268205,43.70525958623174],[-79.23049929798394,43.705251643118125],[-79.230404287861049,43.705235756861001],[-79.230330881322473,43.705216771049642],[-79.23025967103419,43.705197781372597],[-79.230188448342986,43.705178800623152],[-79.230143122528901,43.705167739079371],[-79.230086996737953,43.705155067792255],[-79.230033008863302,43.705147091188579],[-79.229991995721321,43.705134446545671],[-79.229946691150843,43.705118668308614],[-79.229918663515264,43.705104488096659],[-79.229903658175516,43.705077808881406],[-79.229884287408538,43.7050589504532],[-79.229851977153515,43.705036919998058],[-79.229823984749061,43.705014908740843],[-79.229788943574945,43.704984869683507],[-79.229693715858318,43.704956794600768],[-79.229617883916234,43.704922680460946],[-79.229542023449397,43.704894930101332],[-79.229499713285776,43.704881058039611],[-79.229444324465419,43.704848072312934],[-79.229397698420783,43.704817213601572],[-79.229358390026917,43.704784256898726],[-79.229324873252864,43.704762961541093],[-79.229286983247192,43.704737425219179],[-79.229251992826264,43.704718259651059],[-79.229218433098453,43.704706523509728],[-79.22919365989965,43.704691621725622],[-79.229176166096224,43.70468311008311],[-79.229145485909243,43.704676682491225],[-79.229104556138125,43.70467870079657],[-79.229060697206222,43.704689191341281],[-79.229021171309341,43.704701825442541],[-79.228991865446716,43.704720838658474],[-79.228964015959889,43.704738811172739],[-79.22894202962479,43.704752539982877],[-79.228924406898358,43.704772643035469],[-79.228911149771335,43.704795924886128],[-79.228896409347399,43.704823460818119],[-79.228886020163571,43.704857361965537],[-79.228887336157626,43.704890228725162],[-79.228891520163472,43.704933705783432],[-79.228904526965962,43.704968733571079],[-79.228921901361502,43.705003753712433],[-79.228955284331605,43.705054744060327],[-79.228980019500938,43.705078106998918],[-79.228996004314325,43.705099351890425],[-79.229028114422974,43.705107907211499],[-79.22904701510835,43.705129150006819],[-79.229077501619187,43.705175875851367],[-79.229100929071407,43.705214123764222],[-79.229111854081253,43.705229298792766],[-79.229146351686694,43.705319393240288],[-79.229155534639361,43.705343943459482],[-79.229191470280043,43.705428838565197],[-79.22921270783111,43.705485020795301],[-79.229238280767504,43.705531824966528],[-79.229238112348895,43.705569242844355],[-79.229216313371595,43.705637771876354],[-79.22919455648632,43.705696939683186],[-79.229155514717107,43.705781036050546],[-79.229146621413591,43.705846463204189],[-79.229090440038263,43.705914919733594],[-79.229025640992006,43.705995813561472],[-79.228965150474366,43.706070506692377],[-79.228874303869404,43.70620432013208],[-79.228722865539197,43.706437786770337],[-79.22861902578255,43.706596520675333],[-79.228562757096057,43.706686786800105],[-79.228532430101993,43.706736608805159],[-79.228489106075742,43.706820667755217],[-79.228458775732065,43.706876700605974],[-79.228437686542804,43.70691963155582],[-79.228404151793455,43.706954341777596],[-79.228337639130828,43.706980116370474],[-79.228279688483681,43.706994812715777],[-79.22823367876336,43.70700581989918],[-79.228173978047195,43.707031601590849],[-79.228141613424867,43.707035233142697],[-79.22806494323747,43.707046176333606],[-79.228029189937345,43.707047333444628],[-79.227988330123083,43.707047236217754],[-79.227918531588941,43.707053235964629],[-79.227857197773034,43.707064206519213],[-79.227777071793099,43.707087491027373],[-79.227722510805023,43.707107127856681],[-79.22766621517259,43.707131684220023],[-79.227626933445208,43.707161222794042],[-79.227599573354723,43.707185866072649],[-79.227580731991466,43.707211771822102],[-79.227561906252006,43.707231484734123],[-79.227539647160498,43.707258588500345],[-79.227527623479631,43.707283259315268],[-79.227532629336324,43.7073067375497],[-79.227546780812773,43.707338275714363],[-79.227569832218151,43.707363633216616],[-79.22759358313877,43.707379748080569],[-79.227615673325289,43.707387208765063],[-79.227634381675159,43.707393428213599],[-79.227663317488208,43.707393497158179],[-79.227682041350562,43.707393550768387],[-79.227705916529317,43.707384966429942],[-79.227746822550131,43.707377646824327],[-79.227818351912276,43.707370391126894],[-79.227854122145814,43.707365534601742],[-79.227895010108398,43.707359457074844],[-79.227935914754653,43.707349689053757],[-79.227964924383187,43.707336175186512],[-79.227993910437903,43.707325127602829],[-79.228014401268382,43.707310351276085],[-79.228045066172442,43.707306706715222],[-79.228099537887999,43.707306836301704],[-79.228148909860124,43.707306953733628],[-79.228191453049121,43.707310754426629],[-79.22824416218333,43.707322005318325],[-79.228301044025429,43.70733797376657],[-79.228331644415604,43.707362349918142],[-79.228362175432494,43.707388355125786],[-79.228392721908477,43.707408194494391],[-79.228443721469176,43.707424355923109],[-79.22847776516997,43.707428136316793],[-79.228516908629658,43.707431928812767],[-79.228545816597517,43.707438172336545],[-79.228578175807939,43.707435782832469],[-79.22861740277331,43.707421068888642],[-79.228639615694505,43.707401354843341],[-79.228655017727192,43.707384108975241],[-79.228661913404935,43.707365591736817],[-79.228655279624675,43.707326051428005],[-79.228650313631675,43.707296389467203],[-79.228641913074952,43.707271670049124],[-79.228630105854279,43.707245709369133],[-79.22861916997347,43.707219138670389],[-79.228613310341856,43.707195037368606],[-79.228613388354191,43.707177746120379],[-79.228633470098245,43.707135334821778],[-79.228660531236685,43.707080590349193],[-79.228763832484972,43.706945132419193],[-79.228862208993476,43.70682029320762],[-79.228945826956419,43.706715806783166],[-79.229016294952984,43.706629948749516],[-79.229133076327784,43.706473756506348],[-79.22929650574909,43.706269193792899],[-79.22936270321884,43.70617531429609],[-79.229419203055855,43.706091214185136],[-79.229477575314561,43.706018379063494],[-79.229510692728397,43.705968608410714],[-79.229547384838355,43.705982035112505],[-79.22959119966167,43.705920822129805],[-79.229801294194942,43.705881578350187],[-79.229816798309869,43.705874594008598],[-79.229928800612129,43.70592257441983],[-79.230137364634075,43.706011477469815],[-79.230280256037801,43.706072168238549],[-79.23041928901219,43.706130050333812],[-79.230542893492085,43.706180865899469],[-79.230662626870981,43.70623168121093],[-79.230761124851611,43.706272616994845],[-79.230880852512641,43.706322018864391],[-79.230965826395703,43.706357314839416],[-79.231029539620337,43.706388339130015],[-79.231074625913394,43.706419913646592],[-79.231062870962162,43.706456998218222],[-79.23105228727232,43.70647910743439],[-79.231053182400061,43.706492593439918],[-79.231055012726841,43.706507827891805],[-79.231060655536027,43.706525123602873],[-79.231065332068439,43.70654484738246],[-79.231076141491073,43.70658049083098],[-79.231085482143499,43.706622719750825],[-79.231103101515203,43.706625533591335],[-79.231125001760702,43.706633884277338],[-79.231170725434026,43.706645054380104],[-79.231240340499426,43.706641059498025],[-79.231308075666746,43.706632910570121],[-79.23136055203301,43.70662404164554],[-79.231419707010204,43.706617267682503],[-79.231462779280548,43.706624785925072],[-79.23145613586243,43.706637039045411],[-79.231500726789321,43.706643471688153],[-79.231595551781552,43.706659698644017],[-79.231638088793318,43.706667611619409],[-79.231690733967568,43.706676529444564],[-79.231815714490992,43.706700289049003],[-79.232129228914403,43.706876314875238],[-79.232468348570535,43.707067899950616],[-79.232724262870406,43.707214292154802],[-79.233091135066175,43.707410611918903],[-79.233353509874377,43.707544632049142],[-79.23343671289588,43.70758824822078],[-79.233397117521591,43.707677925504107],[-79.233354183007791,43.707787460777006],[-79.233318193506378,43.707883798376841],[-79.233267097650796,43.708009291818186],[-79.233246148538058,43.708052097956532],[-79.233214091204289,43.70814026254525],[-79.233162204121584,43.708267797374454],[-79.233237398696303,43.708284751245415],[-79.23323037157023,43.708322009084448],[-79.233333497070817,43.708347507266801],[-79.233269903219451,43.708512685121924],[-79.233224417609435,43.708634879156207],[-79.233199069630615,43.708628681131295],[-79.233193741324143,43.708663386571928],[-79.233181687232019,43.708737330826985],[-79.233165707777601,43.708798241086939],[-79.233131591901056,43.70886082824358],[-79.233114570254358,43.708885334949336],[-79.233091486216111,43.708914211112194],[-79.233059579362532,43.708951536855849],[-79.23298480626417,43.709040717759045],[-79.233043786463497,43.709129734001344],[-79.233057912122277,43.70914826458786],[-79.233083878245168,43.709141043202614],[-79.233094670020506,43.709158665873098],[-79.233101290912956,43.709173848462406],[-79.233104556073897,43.709190247387788],[-79.233104499517395,43.709202993045203],[-79.233101102428947,43.709216324985974],[-79.233094328072582,43.709235724893603],[-79.233077493670351,43.709259952990237],[-79.233056443672865,43.709289013919218],[-79.233038783260611,43.709312024910304],[-79.233023664968258,43.709332611494951],[-79.232994599600744,43.709353129494168],[-79.232926406033712,43.709433135431851],[-79.232824266156783,43.709542937179165],[-79.232745689073568,43.709627842426237],[-79.23267971510063,43.709696889864105],[-79.232620027941991,43.709755735535872],[-79.23258075177101,43.709795348224986],[-79.232530495763967,43.70984288332334],[-79.232480249806386,43.709888141103242],[-79.232420627815117,43.709932251754537],[-79.232369619808182,43.709961890510705],[-79.232283368278672,43.710025525483857],[-79.23215948151001,43.710100089754775],[-79.23203402806385,43.710178079698487],[-79.231943047282257,43.710239110961822],[-79.231867749574079,43.710286578035209],[-79.231841073907248,43.710308073479453],[-79.231775227359151,43.710345364233646],[-79.231632771830903,43.710417985088363],[-79.23159025842763,43.710445897192805],[-79.231536975364335,43.710470732559742],[-79.231461775579305,43.710498909889957],[-79.231384991913671,43.710531629085523],[-79.231317621900601,43.710559833721504],[-79.231281603155608,43.710569956481201],[-79.231231482354289,43.710586860026638],[-79.231193922654441,43.710594701816184],[-79.231164173121016,43.710601436804929],[-79.231134135129153,43.710603301424946],[-79.231045013100768,43.710603514817343],[-79.230974898668521,43.71059883118528],[-79.230892366270808,43.710585072007405],[-79.230842520540833,43.71057930185215],[-79.230784905132822,43.710565592265766],[-79.230736648246221,43.710554173014202],[-79.23068218009864,43.710535961157824],[-79.230635504751291,43.710517758638602],[-79.230584176556164,43.710493910343814],[-79.230539095145062,43.710468933591976],[-79.230487822852695,43.710432627639342],[-79.230449006193027,43.710399753513791],[-79.230396198169473,43.710360041421104],[-79.230343390134934,43.710320347306279],[-79.230307652746134,43.71029539250565],[-79.230288988233028,43.710287436357426],[-79.230267201805816,43.710278338680155],[-79.230240709122626,43.710278276160288],[-79.23022197364638,43.710286144052148],[-79.23019697852591,43.710300784117358],[-79.230169050322743,43.710316443397019],[-79.230079892218711,43.710255663401021],[-79.23009283279616,43.710239491686771],[-79.230106935861514,43.710221432450837],[-79.230121049015622,43.710201122921383],[-79.230128917791589,43.710184183121974],[-79.230135331460986,43.710154143050168],[-79.230137648924,43.710127153736309],[-79.230137740681684,43.710106703085209],[-79.230138240846472,43.710089259819839],[-79.230140378920026,43.710071829422638],[-79.230147069947478,43.710057407194491],[-79.230157944903283,43.710036972998623],[-79.230169635001062,43.710020159233373],[-79.230182156474783,43.710003347429343],[-79.230198806253,43.709990154874525],[-79.230214651692748,43.709970929573018],[-79.230232968039402,43.709954122439122],[-79.230254626089987,43.709933713682076],[-79.230274594358789,43.709919322778092],[-79.230329641502465,43.709888506319508],[-79.230460062831384,43.709845895918683],[-79.230549644674369,43.709814809735072],[-79.230640270881011,43.709786021264122],[-79.230739320296877,43.709754966242812],[-79.230828874589818,43.709729973629841],[-79.23091315497841,43.709705004536346],[-79.230986901396321,43.709685330335994],[-79.231087859975077,43.709660148328588],[-79.231161258604729,43.709634973425672],[-79.231233901252153,43.709598464107764],[-79.231298151222333,43.709554580982648],[-79.231359085983868,43.709497251143688],[-79.23143871887423,43.70940694857093],[-79.231475992193197,43.709363019961373],[-79.231513280330816,43.709312979516184],[-79.231548972666403,43.709250702593351],[-79.231586367393376,43.709182308796947],[-79.231627146589901,43.709109026246296],[-79.231652640946422,43.709060173233084],[-79.231668012905004,43.709016193139313],[-79.231704830157057,43.708924196631145],[-79.231728608499694,43.708831611429815],[-79.231767097281633,43.708723686583554],[-79.231768838731597,43.708708820581222],[-79.231787683184209,43.708645747933822],[-79.231836449237548,43.708651209102555],[-79.23184389724581,43.708633863136285],[-79.231870169306333,43.70851902362314],[-79.231800534931111,43.70844338465173],[-79.231742385275837,43.708471971233429],[-79.231716661210925,43.708463899733928],[-79.231665929213747,43.708448559511282],[-79.231619629316995,43.708438279382086],[-79.231588355809038,43.70843085191612],[-79.231561664925124,43.708428115861494],[-79.231522091182597,43.708426015635823],[-79.231491700070734,43.708426619344309],[-79.231468679570426,43.708427231359117],[-79.231444728441915,43.708427841182839],[-79.231425387238232,43.708429803021751],[-79.231402345404533,43.708432413253881],[-79.231375618711567,43.708437697198711],[-79.231352565360822,43.70844566314635],[-79.231325805889625,43.708458283033302],[-79.231299962077529,43.708474253536998],[-79.231287028921486,43.708488922199308],[-79.231268515930793,43.708508249398406],[-79.231256467699779,43.708527591794031],[-79.231241574806688,43.708564290939449],[-79.231225694472329,43.708613697546483],[-79.231210774669506,43.708656409468759],[-79.231203323459169,43.708674430480976],[-79.231191275213902,43.708693763867885],[-79.231168143716857,43.708716410656493],[-79.231145981998651,43.708733073880488],[-79.231131598595979,43.708744597672158],[-79.231106324497347,43.708757995109664],[-79.231079486628772,43.708768679481985],[-79.231054932414992,43.708776479815306],[-79.231031546399834,43.708783877835323],[-79.231005290918532,43.708789189805763],[-79.230985334436141,43.708789970956481],[-79.230952569290224,43.708788651664925],[-79.230924369118071,43.708784867762432],[-79.230897043656597,43.70877694533069],[-79.230826927964927,43.708748066205288],[-79.230798667670044,43.708738314291899],[-79.230775230235423,43.708729473857439],[-79.230752769084745,43.708721526843028],[-79.230725306174676,43.708713829077979],[-79.230636432900496,43.708681287137196],[-79.230577669545085,43.708661102827854],[-79.230524230313648,43.708643505401767],[-79.230486845525704,43.708629177259695],[-79.230456540551444,43.708616071970056],[-79.230410733613368,43.708598258455474],[-79.23037600506666,43.708586528906004],[-79.230338584697236,43.708577385359824],[-79.230297608940859,43.708566937230387],[-79.230243909895123,43.708554739818766],[-79.230067307332888,43.708517012662789],[-79.229897529196819,43.708484918149367],[-79.229910583701908,43.708462643862326],[-79.22981679156743,43.708442466399298],[-79.229800739465247,43.708416603826826],[-79.229823871759805,43.708310992656493],[-79.229811072260077,43.708279259946721],[-79.229783610406898,43.708268636546251],[-79.229803857411071,43.708084365499928],[-79.229817401902736,43.707944706876532],[-79.229819152119319,43.707914178720472],[-79.229824693115972,43.707854639443596],[-79.229812478763364,43.707819730667715],[-79.229806546770106,43.707797807564809],[-79.229796980507842,43.707772815440215],[-79.229787395804081,43.707757454625614],[-79.229769294917858,43.707751281972243],[-79.229747555700513,43.70775123057598],[-79.22972823156627,43.707749429639193],[-79.22969684147705,43.707743225551496],[-79.229654593641712,43.707734358404778],[-79.229587986360514,43.707720383907514],[-79.229557424106559,43.707712210462645],[-79.229526619010031,43.707713892821225],[-79.229507847727035,43.70772436188085],[-79.229505365059453,43.707738379978139],[-79.229514963490431,43.70775067141723],[-79.229530609249792,43.707764732411739],[-79.229541440071586,43.707776144640576],[-79.229546220153949,43.707789306800116],[-79.229541177130045,43.70784014301838],[-79.229525097823313,43.707922493556687],[-79.229513955713685,43.707980300322447],[-79.229496786999945,43.708037237704453],[-79.229457748833696,43.708123044389232],[-79.229393404949462,43.708254040512969],[-79.22937149054188,43.708290128709706],[-79.229348342173282,43.708327438152281],[-79.229329826870682,43.70835542424922],[-79.22931132320393,43.708378063619222],[-79.229278967299479,43.708412695868972],[-79.22924847486216,43.708441319678457],[-79.229217067093472,43.708469293220183],[-79.229185677782894,43.708495916607191],[-79.229132069293016,43.708529805362971],[-79.229095275899937,43.70856058350418],[-79.229039885764038,43.70859880660327],[-79.228981408704513,43.708633637880681],[-79.228931518697763,43.708662872703087],[-79.228884768676181,43.708686453155913],[-79.228833338166083,43.708710571563103],[-79.228784265766635,43.708729069752081],[-79.228735972510975,43.708748136848627],[-79.228686910160846,43.708764393704705],[-79.228665355901128,43.708770022339316],[-79.228644087396958,43.708775570636867],[-79.228607503848835,43.708784503049536],[-79.228572504408859,43.708786112182992],[-79.228548231041643,43.70878384923121],[-79.228529327258101,43.708785073515024],[-79.228503804564852,43.708779189078456],[-79.228477490743401,43.708772636663362],[-79.22845319510219,43.708772560945725],[-79.228436165251907,43.708784726201948],[-79.228438798280308,43.708800682697657],[-79.228455825962556,43.708816484363801],[-79.228472411012916,43.708831384849503],[-79.228486643934701,43.708842319189429],[-79.228496592019823,43.708856861858209],[-79.228500093009387,43.708872964434178],[-79.228492523848416,43.7088866913857],[-79.228480654325736,43.70890196534036],[-79.22847129715889,43.708915949079802],[-79.228461231053416,43.708933045571655],[-79.228454324702611,43.708956621477839],[-79.228448891188833,43.708975538227783],[-79.228446674259047,43.70899109614637],[-79.228446952138754,43.709009252355813],[-79.228454017463164,43.709027424689886],[-79.228466817167572,43.709042496208475],[-79.228481787659092,43.709054980518118],[-79.228501766282065,43.709063066102011],[-79.228528561140621,43.709067540361715],[-79.228554297546353,43.709067340445692],[-79.228587922650263,43.709065097966139],[-79.228612249662916,43.709060997143268],[-79.228640137116656,43.709054330406317],[-79.228663763821316,43.709048679692565],[-79.228692107454691,43.709042662116786],[-79.228792362746731,43.708989045472094],[-79.228893830351225,43.708922451791516],[-79.228994289482813,43.708856557727671],[-79.229028469224588,43.70882757367756],[-79.229061626781302,43.708805131113266],[-79.22908771792099,43.70879502152598],[-79.229134050532679,43.708800757119178],[-79.229154737355955,43.708800374077867],[-79.229192981963493,43.708813849572103],[-79.229233220112931,43.708833783682302],[-79.229286789920081,43.708863677747402],[-79.229314415142511,43.708876641981725],[-79.229327370116366,43.708887582191856],[-79.229347825492994,43.708900034370153],[-79.229381210056218,43.70892640610608],[-79.229407803475013,43.708945317710388],[-79.229435055793218,43.708966715216967],[-79.229459582758309,43.708987107126227],[-79.22950697017022,43.709020460942391],[-79.229520910140394,43.709035886090653],[-79.229555941542799,43.709063071785593],[-79.229574959981392,43.709083279612493],[-79.229594458884463,43.709104262681464],[-79.229608300504594,43.709122252946358],[-79.229618527937035,43.709140972764047],[-79.229626182819771,43.709157814232874],[-79.22963304228135,43.709180459634787],[-79.22963863395897,43.709198052328645],[-79.229631873674634,43.709211313202374],[-79.229632055274465,43.709228884098458],[-79.229630953062554,43.709244966749353],[-79.229629344823806,43.709257681730705],[-79.229621202974343,43.709271875467167],[-79.22959178107952,43.709299682781158],[-79.229558647202722,43.709330640748519],[-79.229525545407768,43.709351697392272],[-79.229491410318872,43.709373498685892],[-79.229445357587352,43.709413022252448],[-79.229429835972766,43.709426442400904],[-79.229412967277469,43.709444161962175],[-79.229377385538413,43.709475825181229],[-79.229343641326921,43.709507249705929],[-79.229288518619384,43.709560334637537],[-79.229239063414084,43.709597590744359],[-79.229206773472129,43.709617416044821],[-79.229163853370778,43.709633561636473],[-79.229141982714879,43.709643258181217],[-79.22908614730423,43.709606562728943],[-79.229046207479954,43.709638746589249],[-79.229034932872423,43.709648666258239],[-79.228946526918875,43.709600434915195],[-79.228906029151972,43.709580194047973],[-79.228861301393422,43.709554146319192],[-79.228817098558423,43.709530026088444],[-79.228782023488847,43.709507034654315],[-79.228684576762774,43.709471500440415],[-79.228590408209143,43.709429988087102],[-79.228524611558925,43.709403755178172],[-79.228445376180133,43.709372062543736],[-79.228361651295074,43.7093371007279],[-79.228268967280698,43.709296680789677],[-79.228206747511308,43.709275298880065],[-79.228160505021947,43.709263289245079],[-79.228133560916831,43.709258877553097],[-79.228109609835116,43.709256651279894],[-79.228078154232193,43.709256567452492],[-79.228045180057947,43.709263014920715],[-79.228000192395498,43.709278111010661],[-79.227965677482089,43.709293241008766],[-79.227931100958628,43.709319244375934],[-79.227899505275829,43.709352860895919],[-79.2278527971785,43.709413589236839],[-79.227825631776469,43.709458071807177],[-79.227799957956123,43.70950472722707],[-79.227795318419751,43.709537336755893],[-79.22779517091449,43.709569929977981],[-79.227799539888906,43.709597106193776],[-79.227811381444326,43.709626469508009],[-79.227826260315439,43.709648233986073],[-79.227869550495413,43.709682019782875],[-79.227928508084005,43.709722377773033],[-79.227979310454373,43.709752364872998],[-79.228025662664919,43.709773115067442],[-79.228128692435334,43.70984181477067],[-79.228206301701732,43.709903937024038],[-79.228242087635948,43.709939874138705],[-79.228300380102723,43.709968258675055],[-79.228291300766841,43.70998387228601],[-79.228243879825442,43.710045805254659],[-79.228201670852656,43.710107660583716],[-79.228160904176818,43.710177098389224],[-79.228120120356849,43.710253053052135],[-79.228083786410977,43.710335562202594],[-79.228055019005112,43.710410456272456],[-79.228033807423913,43.710463648267854],[-79.228027519170809,43.710528829443177],[-79.228024069075374,43.710627709091746],[-79.228028207320889,43.710705948899822],[-79.228033235048287,43.71075213733225],[-79.228031483013723,43.710807544926787],[-79.228031350556918,43.710842325484151],[-79.228034245438081,43.710866230719887],[-79.228035601773371,43.710895587058864],[-79.22804001779204,43.710915148304458],[-79.22808339236235,43.710914027324264],[-79.22813251155074,43.710913073012492],[-79.228172215774663,43.710911349185551],[-79.228224338105022,43.710904866200629],[-79.228227544389583,43.710931274522132],[-79.228212558792549,43.710952247833838],[-79.228173678980653,43.710952767466352],[-79.228150526721691,43.71095210932129],[-79.228126532203973,43.710953852504865],[-79.228042128886344,43.710961455812992],[-79.228045466097029,43.710989079621029],[-79.228038537918792,43.711025626258241],[-79.228038358830958,43.711065231379052],[-79.227946423152275,43.71109201638334],[-79.227925714553677,43.711099780187482],[-79.227904978485,43.711108129004394],[-79.227875997470193,43.711117655356759],[-79.227809725694712,43.711138488503948],[-79.227732727097688,43.711160502231273],[-79.227659024963998,43.711180723508733],[-79.227620919328885,43.711193846562317],[-79.227595244387274,43.711202192555028],[-79.227381584670709,43.71120225925177],[-79.227305587474575,43.711203149121332],[-79.22728232558282,43.711229386304844],[-79.227245896180094,43.711272361411687],[-79.227221591957971,43.711309523625211],[-79.227202353021994,43.71133794869732],[-79.227195208741506,43.711359093609204],[-79.227183980987945,43.711394108717457],[-79.2271767629084,43.711434255111797],[-79.227179702142507,43.711451049477077],[-79.227186624651878,43.711478798881416],[-79.22720053338378,43.711517519492098],[-79.227229398282617,43.711588383286248],[-79.227276596315434,43.711608946770063],[-79.227324812815638,43.71162657825321],[-79.227360994249068,43.711638339192952],[-79.227456692201216,43.711655102726276],[-79.227481865905844,43.711661571643788],[-79.227629870248109,43.711688928191265],[-79.227672186739881,43.711694141732927],[-79.227925617619462,43.711741146740117],[-79.228095745799237,43.711766233017599],[-79.22814338668573,43.711771279025001],[-79.228208047194229,43.711777607656813],[-79.228252310264082,43.711777721898052],[-79.228410680838806,43.711765739570595],[-79.228584397514169,43.711746394428665],[-79.228688250625922,43.71173799977182],[-79.228730812384256,43.711735634443137],[-79.228809194075467,43.711723452702742],[-79.228877321473988,43.71171497310791],[-79.228914404333736,43.71173055222804],[-79.228944305211101,43.711745484217133],[-79.228996163806244,43.7117591180711],[-79.229061338722957,43.711772477423551],[-79.229125980479466,43.711752683836416],[-79.22917065255227,43.711736371392504],[-79.229184709934557,43.711717574063691],[-79.229202643358249,43.71168677823546],[-79.229229343790891,43.711657371363877],[-79.229231426372976,43.711520035074507],[-79.229230431847398,43.711410181341115],[-79.229228631728219,43.711330425911612],[-79.22921177541194,43.71119092045199],[-79.229197768515874,43.711066246813502],[-79.229177984871711,43.710932018147339],[-79.229160973531364,43.710824232747271],[-79.229152545031624,43.710758719600236],[-79.229152630640741,43.710739709139517],[-79.229145456054511,43.710715397734916],[-79.229137863884304,43.710698394364371],[-79.229129357079501,43.710658543624696],[-79.229127465180468,43.710632264459576],[-79.229144936087323,43.710549800297763],[-79.229151176376249,43.710506023947275],[-79.229177876923075,43.710462701131341],[-79.229201925245462,43.710407616377701],[-79.229275695611975,43.710333314683119],[-79.229328121157494,43.710314464178431],[-79.229389501432692,43.710313151305513],[-79.229494101106283,43.710325802631466],[-79.22957055986268,43.710329638060855],[-79.229570628785581,43.710314309074995],[-79.229623941960838,43.710318809807866],[-79.229686314196655,43.71032042453205],[-79.229753711288424,43.710324967511234],[-79.229805001126138,43.710332388786043],[-79.22988631750674,43.710357055405296],[-79.2299166185025,43.710362923818415],[-79.22994363239053,43.710362987644793],[-79.229967522335912,43.710356833214199],[-79.229987365523698,43.710351002266009],[-79.230004514624056,43.710339944218923],[-79.230110752084897,43.710407983612846],[-79.230097450692114,43.710424361505673],[-79.230097389820202,43.710437926263332],[-79.230101996922329,43.710453761359851],[-79.23011907990977,43.71046850075556],[-79.230147037552385,43.710487784455751],[-79.230162552004188,43.710503645299525],[-79.230203354533231,43.710541933967235],[-79.230227968063986,43.710565359335675],[-79.230291665341738,43.710628518481258],[-79.230378937193251,43.710728242316513],[-79.23043903617031,43.710835706098969],[-79.230504106349997,43.710971985603408],[-79.230528886058352,43.711027626809539],[-79.230555094902897,43.711110509193382],[-79.230571968386556,43.711183162136507],[-79.230588852071321,43.711253546782608],[-79.23059183175792,43.711286453412342],[-79.230585300425787,43.711351094071063],[-79.230572560676706,43.711405512665891],[-79.230541450310184,43.711488763996023],[-79.230518763625071,43.71153369881015],[-79.230420093065277,43.711659501784652],[-79.230317133314728,43.711789768177503],[-79.23030450298846,43.711808641022571],[-79.230224719603129,43.711898204307552],[-79.230150870013802,43.711970634145111],[-79.230117862496485,43.712009117610833],[-79.230072234481796,43.712072540757106],[-79.23004079541829,43.712109911747589],[-79.229988951506996,43.712161987593795],[-79.229937122865138,43.71221064297368],[-79.229835064588755,43.712300009329574],[-79.229806770573887,43.712330573734782],[-79.229751819499768,43.712378114493475],[-79.229682796434787,43.712425594943589],[-79.229620043512114,43.712464007913702],[-79.229591802514989,43.712485499121684],[-79.229548537951658,43.712506063652206],[-79.229503910876204,43.712528821248974],[-79.229435301340217,43.712553259305643],[-79.229360948086111,43.712574524280029],[-79.229288777566111,43.712590555643118],[-79.229219514812527,43.712602939338126],[-79.229103315536364,43.712621782681303],[-79.229029028187043,43.712628375544803],[-79.228824166388605,43.71265491148953],[-79.228784250845109,43.712656464016838],[-79.228641775431697,43.712665469174304],[-79.228554065787151,43.712673758105254],[-79.228450833685017,43.712670677509649],[-79.228370961773123,43.712669074534524],[-79.228275529397905,43.712661781724087],[-79.228169421641496,43.712649737786421],[-79.227855479578039,43.712605280648482],[-79.227751368181345,43.712593619128604],[-79.22758830010855,43.712565488739862],[-79.227450094976916,43.712546796716154],[-79.227335237621304,43.712529582421091],[-79.22724957205503,43.712519485656514],[-79.227130831265256,43.71249940849043],[-79.227008213689487,43.712472264955551],[-79.226879744954047,43.712446547509643],[-79.226755178925828,43.712422225442573],[-79.22666858078118,43.712401675552037],[-79.226605497013082,43.712356851438571],[-79.226588181241084,43.712308770304048],[-79.226564956133231,43.712277624400585],[-79.226535816498711,43.712256365726908],[-79.2265164181091,43.712235121351753],[-79.226499006043809,43.712208237936771],[-79.226487470874162,43.712174293592277],[-79.226475890727443,43.712150241522281],[-79.226443629478794,43.712119605044229],[-79.226424529019894,43.712092897601806],[-79.226420786390179,43.712061798295643],[-79.226420959957281,43.712023642374028],[-79.226413314854483,43.711991129530425],[-79.226401696240245,43.711975547544967],[-79.226390161210475,43.71194159418836],[-79.226396134471273,43.711913344532469],[-79.226398179131209,43.7118921514611],[-79.226413880608348,43.711866760486075],[-79.226433452848667,43.711847022562431],[-79.226433626406433,43.711808866639345],[-79.226433826041159,43.711762249594507],[-79.226433935764845,43.71173539910005],[-79.226453417969623,43.711735445725481],[-79.226413295598377,43.711564352770161],[-79.226401824886239,43.711516276589549],[-79.226398050607216,43.711489416797164],[-79.226380651626656,43.711459715997663],[-79.226380793069495,43.711428625984283],[-79.226377012375877,43.711403179373264],[-79.226365425540607,43.71138336686635],[-79.226353987910073,43.711322580979278],[-79.226344323625014,43.711308416862686],[-79.2263385630079,43.711287214104551],[-79.226332866328107,43.711254687913701],[-79.226331001265947,43.71123913827185],[-79.226338884557038,43.711216545979973],[-79.226331174885033,43.711200982345005],[-79.226313119109136,43.711192927992478],[-79.22632641976729,43.711114252817225],[-79.226367060303019,43.710961319682127],[-79.226410777944665,43.710808411896124],[-79.226421791621405,43.710787798365537],[-79.226424057969552,43.710745137812502],[-79.226420973945665,43.710711123666698],[-79.226412986526398,43.710691157754418],[-79.226424351366319,43.710680635477487],[-79.226451932966924,43.710659584529104],[-79.226464905619338,43.710650236259738],[-79.226476310435913,43.710630919840966],[-79.226499263190959,43.710563537313533],[-79.226522232912586,43.71048968291425],[-79.226543516532601,43.710426400958035],[-79.226555861596154,43.710380398039199],[-79.226560821376651,43.710356664575826],[-79.226568159571983,43.710342019074695],[-79.226591155801174,43.710262295899362],[-79.226610770962182,43.710216607404263],[-79.226617305219918,43.710201374894787],[-79.226625475695769,43.710183796968757],[-79.226627163412488,43.710167391704566],[-79.226625635579765,43.710148620419261],[-79.226619111126496,43.710128937057412],[-79.226644952847593,43.710048329548783],[-79.226700349380209,43.709886439292568],[-79.226746779326675,43.709742512092795],[-79.22681683057958,43.709594158697946],[-79.226891543464347,43.709454817657509],[-79.226951543180661,43.70930642215329],[-79.22700531783245,43.709162530380787],[-79.22705092744043,43.70901861908218],[-79.227104321411119,43.708879208976171],[-79.227202130800919,43.70877143628023],[-79.227326631297004,43.708677202065942],[-79.227484788275632,43.708601050489179],[-79.227637850186909,43.708542925086483],[-79.227687044381938,43.708530458526582],[-79.227864112176206,43.708473263130472],[-79.227953706467972,43.708447498750843],[-79.228009307581942,43.708420366237469],[-79.228034448102733,43.70840095632137],[-79.228050636321385,43.708382821283159],[-79.228059700070361,43.708356892200278],[-79.228065213728641,43.708325751939682],[-79.228068934031768,43.708293311230101],[-79.228070844132446,43.708266041941201],[-79.228070961531643,43.708240073570778],[-79.228062150109821,43.708210195411844],[-79.228049735759882,43.708186798592351],[-79.228026569919663,43.708164681373603],[-79.22800338651281,43.708146452654837],[-79.227974854496608,43.708125609837055],[-79.227944493902839,43.70811126157345],[-79.22791230544567,43.708105991227455],[-79.227865833641133,43.708095511140272],[-79.227794250169396,43.708095340693568],[-79.227713720948145,43.708097750258325],[-79.22751604529472,43.708108026713411],[-79.227435798159846,43.708119375011194],[-79.227237609119214,43.708127912516325],[-79.22705188967943,43.708122959554224],[-79.226865388426063,43.708118031426018],[-79.226681711363199,43.708095080212246],[-79.226515206088749,43.708045192997503],[-79.226431982348501,43.707927977396103],[-79.226415117597938,43.707797409679294],[-79.226382088120332,43.707644300098863],[-79.226366975579495,43.707545925090592],[-79.22634239787098,43.707457950884795],[-79.22632512243996,43.70740953671924],[-79.226305630725051,43.707368255248248],[-79.226292710191288,43.707325396284595],[-79.226287299558464,43.707311899431311],[-79.226270992993648,43.707296000151132],[-79.226257937367052,43.707280108654111],[-79.226237232934849,43.70726538700395],[-79.22620554279392,43.70726253871085],[-79.226170551923559,43.707262445890613],[-79.226149807129005,43.707264772526756],[-79.226121336754318,43.70727422765426],[-79.22608957263094,43.707287626437854],[-79.226066548930291,43.707302648384896],[-79.226038590169168,43.707319638777882],[-79.226034669129078,43.707341439448619],[-79.226023658061948,43.707358866512408],[-79.226014801999881,43.707382626630832],[-79.22601252066822,43.707404026173911],[-79.226006987253584,43.70741749680721],[-79.225997093380812,43.707429372764835],[-79.225982824655617,43.707442813455664],[-79.225958465082158,43.707465060194906],[-79.225934640756179,43.707579526183636],[-79.225930332902607,43.70766987056269],[-79.225930223563353,43.707693867675367],[-79.225922212479247,43.707741852217545],[-79.225902589549136,43.707775694930028],[-79.225879114978596,43.707802471409835],[-79.225871225651545,43.707826449864008],[-79.225863162936562,43.707885748867916],[-79.225859093010939,43.707923859466511],[-79.225843448493748,43.707947819318456],[-79.225835540283612,43.707973210922951],[-79.225837346798613,43.708004278622845],[-79.225846131175203,43.708042564071036],[-79.225869095882118,43.708084123982601],[-79.22587083161352,43.708130727695341],[-79.225872657472337,43.708157555844323],[-79.225890081486384,43.708178777606349],[-79.225905532160198,43.708202812029739],[-79.22591907926261,43.708219793895992],[-79.225944315056083,43.708236794784597],[-79.225969564167158,43.708248151906361],[-79.225975318906833,43.708265106083168],[-79.225981079620183,43.708283473472527],[-79.225998548730274,43.708294811936788],[-79.226020882381704,43.708303335661213],[-79.226035422671572,43.708317493496828],[-79.226039216029278,43.70834008676222],[-79.226072200227065,43.708361345788781],[-79.226124582419004,43.708398187468241],[-79.22618006026633,43.708431012973897],[-79.226207151907687,43.708430159740438],[-79.226234400678322,43.708430225005898],[-79.226267462128206,43.708434534779379],[-79.226302413823049,43.70845156785645],[-79.22631986383459,43.708467127818707],[-79.226337333512731,43.708475639835143],[-79.226366472600091,43.708488419380473],[-79.226389722436153,43.708511059208732],[-79.226414875005915,43.708546413371856],[-79.226439989406146,43.708587438234524],[-79.226461174700162,43.708641145471638],[-79.22647459369378,43.708686354929263],[-79.226488038370832,43.708725920653706],[-79.226493632332037,43.708781003773495],[-79.226505109721131,43.708824786380838],[-79.226491286202702,43.708868526451866],[-79.226473820305827,43.708910997627946],[-79.226238382158655,43.709485668737763],[-79.225757174783524,43.710453915165836],[-79.225722215580348,43.710533546456595],[-79.22568196305815,43.710622877393142],[-79.22563313514506,43.710676992799726],[-79.225589349166754,43.710716637260141],[-79.225564358094033,43.710735542918371],[-79.225524430820371,43.710750803200519],[-79.225480830380334,43.71075792650835],[-79.225414798804167,43.710764104792176],[-79.225337549657695,43.710770247082372],[-79.225296439221893,43.710772848668768],[-79.225254083712557,43.710773646995499],[-79.225220422712809,43.71078079409434],[-79.225202016045031,43.710797996260503],[-79.225162155700914,43.710812158422982],[-79.225131997350246,43.710832149715614],[-79.225096996487395,43.710858223207644],[-79.225071640801076,43.710880836400172],[-79.225052328176432,43.710903473124404],[-79.225042627558565,43.710921767355757],[-79.225034110679118,43.71094442104399],[-79.225031627554515,43.710960995392867],[-79.225031567678826,43.710974092083127],[-79.225031479984551,43.710993273558621],[-79.225031408174743,43.71100898058566],[-79.225024714520131,43.711026399925089],[-79.225019204524571,43.711048196724242],[-79.225019144687153,43.711061284413105],[-79.225027442287796,43.711086597916307],[-79.225041766244686,43.711110170669528],[-79.225052491108443,43.711131133399412],[-79.225070441530249,43.711148621018623],[-79.225099699040868,43.71117372389142],[-79.225259703704694,43.711273761541264],[-79.225408825682763,43.711395636883339],[-79.225536347613186,43.711494957015468],[-79.225675497296393,43.711594286907825],[-79.2257836042413,43.711698060793928],[-79.225783001004586,43.711833087239697],[-79.225716811832811,43.711976966582],[-79.225638234117184,43.712102633604005],[-79.225591481526237,43.712180301252843],[-79.22553297152416,43.712172203660771],[-79.225459734032455,43.712182631262223],[-79.225401138934501,43.712190456625088],[-79.225348010411125,43.712202291652083],[-79.225302179368995,43.712222092303485],[-79.22526180315684,43.712251186345341],[-79.22523973037373,43.712280333372675],[-79.225221329850257,43.712301523109659],[-79.225210220412094,43.712329364299336],[-79.225206432294371,43.712357241091432],[-79.225208056594354,43.712403700491201],[-79.225248087629993,43.712452907586297],[-79.225273584995804,43.712478190397135],[-79.225324683177405,43.712508836465545],[-79.225366671873701,43.712528848140906],[-79.225399515048096,43.712548828828986],[-79.225430576539551,43.712559506928095],[-79.225474413992146,43.712576867633452],[-79.225518293575547,43.712582283753569],[-79.225553052096558,43.71258502258614],[-79.225589701351737,43.712573174907781],[-79.225668472702722,43.712552121018149],[-79.22582038705616,43.712593153198611],[-79.225979639114541,43.712679704127204],[-79.226008485985673,43.71269168194236],[-79.225967179366293,43.712761567701619],[-79.225966922821968,43.712817869954321],[-79.225966631829564,43.71288717894128],[-79.225924284602399,43.713008369355762],[-79.22585797769905,43.713142473102259],[-79.225785622505924,43.713293907719745],[-79.225725103674094,43.713475704924882],[-79.225670607801675,43.713640153123649],[-79.225640098503334,43.713783037850867],[-79.225585866373962,43.7138868541726],[-79.225531565052151,43.714016665927552],[-79.225506945172413,43.714176883167205],[-79.225416423780018,43.714384567747551],[-79.225343907692547,43.714570656497209],[-79.225229496515269,43.714778283508508],[-79.225100630484278,43.71497701840039],[-79.224945983912036,43.715258097585945],[-79.22475080150754,43.715604995121396],[-79.224565217544878,43.716077545915461],[-79.22440068540665,43.71640232856906],[-79.224185004704736,43.716771336722658],[-79.224091984058333,43.717059350292992],[-79.223865974428008,43.717457919978564],[-79.223660598968024,43.71779738286201],[-79.223547468207329,43.718026227110073],[-79.223393738469412,43.718218013867968],[-79.223198877584764,43.718491018096643],[-79.222953011058166,43.718771270386135],[-79.222799481843907,43.718918734659624],[-79.222578489485159,43.719135668657529],[-79.222485654023131,43.719233196850581],[-79.222399834009934,43.719327240519476],[-79.222325257966062,43.719397080080064],[-79.222235950670239,43.719439943061225],[-79.222112947571844,43.71954197026615],[-79.222023453070747,43.719627930595337],[-79.221937743825052,43.719695060451969],[-79.221874398747943,43.719751452168154],[-79.22182571002503,43.719842876364972],[-79.221765863734305,43.71993699175691],[-79.221732179838668,43.719996155962669],[-79.221687338639725,43.720057966361935],[-79.221649968738589,43.720111729820744],[-79.22157926373194,43.720146581466622],[-79.221508409092948,43.720213720173355],[-79.221459906459856,43.720264774072447],[-79.22141515208925,43.720305062594768],[-79.221344446844469,43.720339887089814],[-79.221266332196208,43.720372029104148],[-79.221180106629831,43.720461768253273],[-79.221126106742332,43.720517894302432],[-79.220964418089395,43.720632499613551],[-79.220934568872067,43.720664741212225],[-79.220908355478784,43.720713148915628],[-79.220837574441404,43.720764130144346],[-79.220804001775207,43.720796371615521],[-79.220785247358435,43.720839414764129],[-79.220736843737626,43.720868910610903],[-79.220680893306792,43.720922628347601],[-79.220632414408982,43.720968299202561],[-79.220572828048915,43.721005841763279],[-79.22054673935088,43.721027326962918],[-79.220528022349242,43.721059595669225],[-79.220513066093901,43.721086481822439],[-79.220460888668654,43.721126760815551],[-79.220405062783172,43.721158929740149],[-79.220345500979846,43.721193789870284],[-79.220311890207469,43.721234114218547],[-79.220289524618792,43.721255608468624],[-79.220259737578317,43.721271674803624],[-79.220226327141617,43.721271593031169],[-79.220196627596806,43.72127152033292],[-79.220181671286227,43.721293041700065],[-79.220151808751297,43.721327983431074],[-79.220054887227974,43.721411205631114],[-79.219917057797886,43.721507820380275],[-79.219835154713678,43.721556100357667],[-79.2197681203195,43.721599015983763],[-79.219701023049936,43.721655397276535],[-79.219604049899914,43.721752102825391],[-79.219518259484246,43.721838061243361],[-79.219447475817276,43.721889068597868],[-79.219396488925781,43.721918611538086],[-79.219313092641002,43.721978139025879],[-79.219237435177703,43.722030907525401],[-79.219192993761723,43.722062050670374],[-79.219131789010021,43.722094907849993],[-79.219157133827281,43.722100028823938],[-79.219252579119029,43.722110182664437],[-79.219337703255206,43.722119257937308],[-79.219508721070483,43.722094852304885],[-79.219838299281292,43.722002578741055],[-79.220358960527165,43.721816924906889],[-79.221017645196071,43.721481185870779],[-79.221932022705701,43.72088648744139],[-79.222477862884134,43.720493649493172],[-79.222867487921377,43.720222910220869],[-79.223092411796372,43.720023384639873],[-79.224006314449838,43.719133481392873],[-79.22487204449358,43.718247397299159],[-79.226090330850838,43.717041671357833],[-79.226660597327225,43.716476137662831],[-79.227681181288148,43.715509408786936],[-79.228329205609143,43.714882888308615],[-79.2285444450401,43.714653975693089],[-79.230649483582013,43.713084878795527],[-79.233200350235904,43.71101709718549],[-79.233200789264615,43.711002048102017],[-79.233827733733705,43.710451804430626],[-79.23452182217622,43.709825877591257],[-79.235245690275619,43.709413984483405],[-79.235978892135222,43.708990784728591],[-79.236682898243373,43.708655581358855],[-79.23739817697772,43.70831726708937],[-79.237482278716286,43.708278133744102],[-79.237551367249921,43.708321210428196],[-79.23757657473729,43.708336930504458],[-79.237702542003788,43.708414594509129],[-79.237826120779204,43.708490875702132],[-79.237918088980521,43.708551530101332],[-79.237993524402043,43.708604738490145],[-79.23807102558392,43.70866516157551],[-79.238141484375348,43.708724317298845],[-79.238198683148994,43.708779563063423],[-79.238242476803364,43.708827163032183],[-79.238287142101328,43.708888338886261],[-79.238326535729328,43.708946226193923],[-79.238367962375193,43.709018853210367],[-79.23839933420129,43.70907526392547],[-79.238428243326894,43.709133019185472],[-79.238448657317775,43.709183977047623],[-79.238464937496005,43.709232486104881],[-79.238484922638094,43.7093107438115],[-79.238495537668371,43.709383660330317],[-79.238503635583712,43.709459010431232],[-79.238508867070365,43.709548638978184],[-79.238514222659703,43.709609724801581],[-79.238516722364139,43.709676951953732],[-79.23851361529303,43.709752285418254],[-79.238507666959237,43.709841807373451],[-79.238493157240043,43.709973975725845],[-79.238487254466534,43.710030175106631],[-79.238478408071614,43.710081291039671],[-79.238459349370331,43.710172313205341],[-79.238451264088624,43.710211045139545],[-79.238436399193432,43.710265045702634],[-79.238409326253588,43.710364159654809],[-79.238374284878134,43.710480807821305],[-79.23830999922933,43.71067930050723],[-79.238233943185733,43.710913438193792],[-79.238155736151938,43.711165510405429],[-79.238084742054127,43.711408138755409],[-79.238048301438127,43.71156085164386],[-79.238020790575476,43.711669055750285],[-79.237989179680966,43.711804020196602],[-79.23796703233748,43.711903001287283],[-79.237950090057424,43.712020617910859],[-79.237944492675197,43.712092003067959],[-79.237934038562116,43.712173008436295],[-79.237941585765199,43.712218032035501],[-79.237937733834357,43.712324562106623],[-79.237945002628749,43.712433485002748],[-79.237958787350976,43.712542179800273],[-79.237981648211885,43.712641219046724],[-79.238032326683566,43.712758342563177],[-79.238076773990073,43.712884435032137],[-79.238121926806556,43.713019539356566],[-79.238178053610255,43.713136666281905],[-79.238271200473932,43.713298884237858],[-79.238344260941588,43.71344303561802],[-79.238411156150846,43.713578180582886],[-79.238501111304402,43.713758384547077],[-79.238575411074279,43.713974539653726],[-79.238646660432934,43.714181704475777],[-79.23894621350891,43.714857375156477],[-79.238959112492765,43.714887630829509],[-79.239107451032581,43.715235732976524],[-79.239790633473262,43.716875095281068],[-79.240363426623318,43.718226342386558],[-79.241448853730759,43.720875169573695],[-79.242174482727251,43.72260507453538],[-79.242961131370308,43.724425196021457],[-79.242978736056372,43.724479243049004],[-79.243621988934706,43.726091963403526],[-79.243956830349589,43.726884831801492],[-79.244042616439501,43.727093627580878],[-79.244574039895127,43.728387411699728],[-79.244797919757033,43.728929813034114],[-79.245473465996668,43.730560596289955],[-79.245491418098169,43.730603905179024],[-79.246018344240852,43.731822142478279],[-79.24636249384838,43.732651028637797],[-79.246894088280683,43.733939400374993],[-79.247145322428935,43.734552048709112],[-79.247384842274556,43.735173689762846],[-79.247917390092695,43.73640804195869],[-79.24800522405711,43.736561274400337],[-79.2480568248954,43.736651400361751],[-79.248084568198237,43.736696467615282],[-79.248245060431984,43.73691285052103],[-79.248519544643472,43.737336503112139],[-79.248653265302451,43.737561008624283],[-79.248847012096363,43.737886324518811],[-79.249197417851761,43.738706231808244],[-79.249531607209633,43.739517110158012],[-79.249723043898598,43.739949605874585],[-79.249875886237362,43.740337019713564],[-79.250088085043203,43.740814557260997],[-79.250223328450744,43.741138923599721],[-79.250392303819183,43.741562367774691],[-79.250545986651545,43.741931771018763],[-79.250638912263298,43.742166005312392],[-79.250847287204749,43.742634540747048],[-79.250997908975307,43.742994935431568],[-79.251175337443826,43.743436417151294],[-79.251277629207081,43.743661679045474],[-79.251572634406699,43.744383722543382],[-79.251612594079958,43.744481553514177],[-79.251652967562976,43.744575424836711],[-79.251899318218008,43.745148301654744],[-79.252039187677568,43.74549066005563],[-79.252450225637929,43.746508750347672],[-79.252747709705758,43.747211506245812],[-79.253132607671247,43.748157482603112],[-79.253428530657686,43.748851213953479],[-79.253718227514511,43.749553932239976],[-79.253931012996802,43.750085443354457],[-79.254115400218737,43.750526898946454],[-79.254272097393866,43.750914260485168],[-79.254471950037654,43.751373751082582],[-79.254590203325421,43.751680027764181],[-79.254806132019311,43.752193577414801],[-79.255118165090394,43.752932353444891],[-79.255280301966721,43.753328744292226],[-79.255367201335787,43.753526947599077],[-79.25542761596833,43.753752106748166],[-79.255469183612519,43.753833206433541],[-79.255514193453124,43.753953387648316],[-79.255564673848227,43.754105534779683],[-79.255621573623017,43.754294537494552],[-79.255678089312426,43.754581085281785],[-79.255770983595568,43.755113614336324],[-79.255834754827845,43.755460791532386],[-79.255885091516234,43.755691563580456],[-79.255945030083424,43.755900420198159],[-79.256003995082168,43.756067806213927],[-79.256596739732984,43.757583133097363],[-79.256632474285766,43.757673554115861],[-79.257146812586043,43.758958487421943],[-79.257175607574197,43.759042520664416],[-79.257256781957395,43.75925961266568],[-79.257574462190391,43.760129540336301],[-79.25771281875717,43.760457134759591],[-79.257722881835889,43.760480892212279],[-79.257821779904916,43.760738643666301],[-79.258040718255202,43.761309161262744],[-79.25810312874475,43.761471818711165],[-79.258359823074301,43.762111427580386],[-79.258593732035138,43.762720302656525],[-79.259024345246317,43.763841192077173],[-79.259545216754489,43.765201520847945],[-79.260106285935706,43.766606901168345],[-79.260782484102734,43.768327263380208]]]},"properties":{"AREA_NAME":"41"}},{"type":"Feature","geometry":{"type":"Polygon","coordinates":[[[-79.15179162450687,43.814090542766976],[-79.152083308749582,43.814534852033461],[-79.152158150890088,43.814685029078802],[-79.152259014067141,43.81498239012798],[-79.152407198275895,43.81542389449605],[-79.152522662301649,43.815748302959079],[-79.152585128564567,43.815964510083887],[-79.15268251070529,43.816324867755078],[-79.152795994535026,43.816721260601682],[-79.153115266944667,43.817415332089062],[-79.154041568253689,43.819434500706954],[-79.15479759971501,43.821057126247197],[-79.155497464705789,43.822580556139442],[-79.155890201587169,43.823460361884024],[-79.156781005883659,43.825455807501953],[-79.158026213366796,43.828267875818234],[-79.158897231295725,43.830214728323206],[-79.159563239836018,43.831728893791784],[-79.159860166655548,43.832404938962789],[-79.159978134596017,43.832673413774906],[-79.16040298655831,43.833640446347353],[-79.160430116588017,43.83370217525399],[-79.160496689099233,43.83385376194547],[-79.160696832940957,43.834284112144225],[-79.160787618245493,43.834479362685741],[-79.160951597443258,43.834843177200312],[-79.161566429032376,43.836198543261808],[-79.16169499930848,43.836483717487837],[-79.161990277427961,43.837138590203047],[-79.162060598146567,43.837290619030945],[-79.162467123359633,43.838169549625952],[-79.162500442003378,43.83824158447986],[-79.164777179901947,43.843328480133863],[-79.164951860636407,43.843717576691461],[-79.165283834100151,43.844479462109938],[-79.165906448795084,43.845908210908142],[-79.166219834845137,43.846586347268968],[-79.166590273884879,43.847387954448493],[-79.166852235928872,43.847949582390576],[-79.167439609169875,43.849208909676776],[-79.16745698373019,43.849247115646207],[-79.170251591958404,43.855454352664431],[-79.17114161453955,43.855259029610963],[-79.175709970677445,43.854247793840607],[-79.176500088729355,43.8540637568004],[-79.176965006259536,43.853951235840086],[-79.177593062786585,43.853790981809254],[-79.180021202311707,43.853165087481351],[-79.181179574316189,43.852877483504649],[-79.18289896580626,43.852472720161096],[-79.183651444430197,43.852289699297948],[-79.186009961175515,43.85170771588043],[-79.188524627811262,43.851080555154532],[-79.189739316407085,43.850787374114397],[-79.190732849933937,43.850548983273313],[-79.191376908994002,43.850392513121491],[-79.191919976515038,43.850256379509517],[-79.193667188087502,43.849825767947095],[-79.194735967295173,43.849569487838203],[-79.19568625688494,43.849337518115199],[-79.197486273908979,43.848921741388715],[-79.198694492872548,43.848651085528502],[-79.199332873386197,43.848510091305208],[-79.200005328933074,43.848349371668732],[-79.200120128213996,43.848306882002888],[-79.200586323933251,43.848197004481804],[-79.203278226420522,43.847525976758554],[-79.206393658181426,43.846841275709039],[-79.209295954534781,43.846203833241773],[-79.210122929169472,43.846019000098956],[-79.210284202488808,43.845984989048084],[-79.211596467661579,43.845692821815994],[-79.212005450045794,43.84560093537155],[-79.213183504375493,43.84534262458574],[-79.21484249275332,43.84497443873115],[-79.217143796329921,43.844462993439528],[-79.21913355793022,43.844021367765251],[-79.220408741677872,43.843739116266264],[-79.222732809513289,43.843222042335107],[-79.22509220430419,43.842694510841902],[-79.225871533896083,43.84252955733583],[-79.226805687727079,43.842318820319562],[-79.227814270423295,43.842090583878459],[-79.228285389935962,43.84198370131022],[-79.228745934895684,43.841880041079712],[-79.231465781103424,43.841258271689561],[-79.232220075336457,43.841043899228744],[-79.234532185830687,43.840498509744009],[-79.236848743812757,43.83996153565478],[-79.238194329452966,43.839645277556656],[-79.238916964683128,43.839474425426246],[-79.239454086108907,43.839342552570052],[-79.2425532711611,43.838623037592122],[-79.24358839668426,43.838385243438815],[-79.245276087613334,43.837997507397056],[-79.245889296350825,43.837848491781379],[-79.246626236441557,43.837675120351768],[-79.248491549904401,43.837242761121388],[-79.249468902323287,43.837017297957985],[-79.251191909554919,43.83661391701235],[-79.252431586251205,43.836318358937831],[-79.254336370906884,43.835879931970823],[-79.255248745799392,43.835666287043779],[-79.256148303864521,43.835459358275727],[-79.258166316568975,43.83498337646968],[-79.261150376017667,43.834302204493568],[-79.264700369112234,43.833466087576134],[-79.266344864274203,43.833087195167138],[-79.26790549698832,43.832723743644102],[-79.268871371396131,43.832502438551032],[-79.271134135904418,43.831977342319803],[-79.272469996878769,43.831674531320701],[-79.27519599079065,43.831045377379056],[-79.276061029976063,43.830845361625656],[-79.27695835297942,43.830628912360261],[-79.277749432289554,43.830443501206211],[-79.279256449457691,43.830103715062137],[-79.280401516490343,43.82984274761106],[-79.283102266679791,43.829213221328025],[-79.285062282555927,43.828763018068706],[-79.285954807228322,43.828566741475129],[-79.287220919831483,43.828273231344099],[-79.287591441714838,43.828186421111006],[-79.28947129365929,43.827754463338159],[-79.290735787045676,43.827469732294347],[-79.291743154596716,43.827241576829167],[-79.293106278055461,43.826929320893228],[-79.293973473525753,43.826725599868105],[-79.294244957880352,43.826661101158408],[-79.295447999674792,43.826387197583713],[-79.296065093076095,43.826241636794201],[-79.296583047907546,43.826116868774847],[-79.297277402326586,43.825953958821458],[-79.298860376487198,43.825586685284946],[-79.300079696067101,43.825306424780713],[-79.30154080224824,43.824967389250851],[-79.302300012091735,43.824797981556372],[-79.304178815378918,43.824359415992028],[-79.305085062393658,43.824155236400728],[-79.305496103845528,43.824067222000551],[-79.307079053871576,43.823703335870867],[-79.31037687609026,43.822924635551978],[-79.312222156818962,43.822497844417001],[-79.314099155562857,43.822057303384938],[-79.315873598935696,43.821645630823191],[-79.316911512096326,43.821406825189456],[-79.318106032821078,43.821123092008143],[-79.31925410210215,43.820858328179519],[-79.320365934878026,43.820601974881363],[-79.320457027715889,43.820579336262959],[-79.322923952417355,43.820002560757771],[-79.32448357705988,43.81964358175842],[-79.326580495252543,43.819151254717113],[-79.32776143773485,43.81888030745607],[-79.329767402513141,43.818419468610848],[-79.330883305360203,43.818155773054251],[-79.331334339889935,43.818056644445768],[-79.332099620825431,43.817881916896361],[-79.33469982507053,43.81726696298383],[-79.335792805032398,43.817010261136637],[-79.336465360924734,43.816858755903539],[-79.337169642317974,43.816696175558484],[-79.338898012773058,43.816292927511569],[-79.340792689655885,43.815798352918875],[-79.341317880482194,43.815650754220066],[-79.340883344282886,43.81461490662975],[-79.340251191992991,43.81321624376249],[-79.339761018747069,43.812096414394986],[-79.339209860741136,43.810660774127555],[-79.338859469069945,43.809796183358557],[-79.338412488036113,43.808751405675714],[-79.338311829184278,43.808528134810729],[-79.337644881822754,43.807049098897025],[-79.337357709646611,43.806399521352603],[-79.337190921201795,43.806022218239313],[-79.336716020981456,43.804977339455114],[-79.336316817206296,43.804085648937466],[-79.335869799087064,43.803067890579406],[-79.335535583795377,43.80232925537387],[-79.335384070270891,43.802005086945982],[-79.335120121397551,43.801374637036041],[-79.334858340775227,43.80079821431417],[-79.33469482549539,43.800430516118411],[-79.334201376244621,43.799321114987876],[-79.333633206873913,43.798051166701022],[-79.333406969414455,43.797564803325116],[-79.332945361019682,43.796529044856243],[-79.332693587332201,43.795966385043442],[-79.332288477301901,43.795060952691145],[-79.331828485942324,43.794016172499354],[-79.331412429460713,43.793106472092845],[-79.330787882485595,43.791764380024794],[-79.329586508492,43.789251367549063],[-79.329005285243028,43.787999322849835],[-79.327997940547348,43.785864540265031],[-79.327933596147687,43.785729516243499],[-79.327225196112337,43.784243231352967],[-79.327057987217799,43.783874102411389],[-79.326955914802198,43.783648748178109],[-79.326407471130096,43.782492483916506],[-79.326285159965764,43.78223460413404],[-79.325395308224003,43.780352016312499],[-79.325042667128884,43.779586432912275],[-79.324231537693237,43.777875040654386],[-79.324170592710217,43.77774308895011],[-79.323017110536114,43.775244629860062],[-79.322549535158487,43.774211048443931],[-79.322210340302135,43.773501436606949],[-79.322071802360981,43.773169069032875],[-79.321518083425403,43.771941454750355],[-79.321140273639557,43.771118175405391],[-79.321114807973046,43.771060393055471],[-79.321069181826559,43.770956961216605],[-79.321023568204467,43.770853547379623],[-79.32097799181507,43.770750196589077],[-79.320929407854535,43.770647435143658],[-79.320879008967921,43.770545201900433],[-79.32082791412455,43.77044314756558],[-79.320775899530176,43.770341343796574],[-79.320723164089628,43.770239736897167],[-79.320669683125075,43.770138272820645],[-79.320615443922776,43.770037050558855],[-79.32057318303093,43.769959394135903],[-79.320560483830135,43.769936043165892],[-79.320504752950328,43.769835322571694],[-79.320448152186785,43.769734798607793],[-79.320402549042797,43.769653455388301],[-79.320357599003529,43.769569745868033],[-79.320335281234108,43.76952724326371],[-79.32031350687015,43.769485794646009],[-79.32027029729295,43.769401664770129],[-79.320227647537607,43.769317283724476],[-79.320185942356957,43.76923275112776],[-79.320144958412214,43.769147985619107],[-79.320104720380868,43.769063041245069],[-79.320065365079515,43.768977855213706],[-79.320026830103288,43.768892526440453],[-79.319988954246938,43.768806964660584],[-79.319951948177419,43.768721332227685],[-79.319928774590878,43.768666199544825],[-79.319915812647295,43.768635377110961],[-79.319885983201246,43.768563122702581],[-79.319880310792598,43.768549386975451],[-79.319794134133389,43.768363304911603],[-79.319596226414646,43.768365206994218],[-79.319492422027707,43.768366213254865],[-79.316999953232312,43.768376471558142],[-79.316863326771411,43.768375379608187],[-79.316726698502123,43.768374881569414],[-79.3165899565779,43.768374995264665],[-79.316453312231246,43.768375694029245],[-79.316316678374619,43.768377022729403],[-79.31617991878808,43.76837884612852],[-79.316043281360706,43.768381335647376],[-79.315906667135422,43.768384356109436],[-79.315770137881231,43.768388015628446],[-79.315633619151725,43.768392287081049],[-79.315496986872745,43.76839712526116],[-79.315360601355351,43.768402494745764],[-79.315224188811115,43.76840856611539],[-79.315087787163293,43.768415123403109],[-79.314951383432714,43.768422346611466],[-79.314815226309321,43.768430146131614],[-79.314678930937774,43.768438458332213],[-79.314542919206005,43.768447418914946],[-79.31440673181676,43.768456937123247],[-79.314270840646969,43.768467049727988],[-79.314162453983727,43.768475658693475],[-79.313999139343764,43.768489137827281],[-79.313863466277951,43.768500969526471],[-79.313727915412414,43.768513431345809],[-79.313592350057576,43.768526541065107],[-79.313457043859657,43.768540173114573],[-79.313321723108331,43.768554471066786],[-79.31318654980268,43.768569264164221],[-79.313051598212354,43.768584633539383],[-79.312916669459369,43.768600623873468],[-79.312781962357832,43.768617208488607],[-79.31264727816982,43.768634387059862],[-79.312512828327542,43.768652069922396],[-79.31237848825316,43.768670373887772],[-79.312244295064502,43.768689344023215],[-79.312110324015194,43.76870874642244],[-79.311976375522249,43.768728850793096],[-79.311816447075216,43.768755348072446],[-79.311656491725259,43.768782457163255],[-79.311496795487713,43.768810070523003],[-79.311337345739986,43.768838251140167],[-79.311178005621144,43.768867070799061],[-79.31101894938773,43.768896412772982],[-79.310859978159158,43.768926321739841],[-79.310701390204073,43.768956744187001],[-79.310542800043279,43.768987814494615],[-79.310384580925984,43.769019335256125],[-79.310226471553591,43.769051450057937],[-79.310068633451166,43.769084141166594],[-79.309911029152119,43.769117471529071],[-79.30975355991157,43.769151242956198],[-79.309596423948193,43.769185617799842],[-79.309457545396839,43.769216512408924],[-79.309282680610224,43.769255933924072],[-79.309126184759563,43.769291956402895],[-79.308970084274989,43.769328582406473],[-79.308814068970847,43.769365703403444],[-79.308722529579441,43.769387810141161],[-79.308658325158987,43.769403319706107],[-79.308502765371799,43.769441593190031],[-79.308347663500001,43.769480326289518],[-79.308192634056567,43.769519653377031],[-79.308037987678873,43.769559538969908],[-79.307886049323059,43.769599293887524],[-79.304113486971644,43.770474771095884],[-79.30392854231529,43.770517686590701],[-79.302472333798548,43.770851633895667],[-79.299450810943313,43.771544376641195],[-79.29916518193123,43.771609871659223],[-79.294425040405898,43.772726850965149],[-79.293591446472902,43.772923302213108],[-79.292022328650404,43.773283078637554],[-79.289886132949164,43.773772903359657],[-79.289841737749029,43.773783245084218],[-79.287239585087733,43.77439018580985],[-79.284634909926794,43.775003444288011],[-79.284613621692188,43.775005924497734],[-79.28115648521981,43.775812216092973],[-79.279680085328877,43.776159164703635],[-79.277395279613842,43.776694267011578],[-79.277199758524077,43.776738198741036],[-79.274776447857107,43.777282438770264],[-79.274686555682365,43.777302631216038],[-79.271786406449408,43.777936121370495],[-79.269055903470232,43.778502633136817],[-79.267991730930348,43.778706919390224],[-79.266033963329704,43.779088708979543],[-79.264873946106434,43.779313103545185],[-79.264766540960409,43.779333900234199],[-79.26391794014549,43.779498041800053],[-79.254979853843764,43.781222537134035],[-79.254475945064684,43.781319019222416],[-79.251846734216628,43.781829376857125],[-79.250913627266101,43.782009440339813],[-79.250714427278695,43.782047882000548],[-79.250651826877927,43.782059185905844],[-79.249661033509923,43.782238231174084],[-79.247824612564983,43.782570044917811],[-79.246438434442368,43.782849812131637],[-79.245203747067819,43.783119359996377],[-79.245170880166526,43.78312652364307],[-79.243730720744978,43.783440873039744],[-79.242143841522719,43.783807548056323],[-79.240458843834361,43.784199586501536],[-79.238988771192055,43.784578445366478],[-79.237484656729777,43.784989782250094],[-79.235291514030848,43.785598079773337],[-79.232646478860488,43.78639668824588],[-79.231875530781068,43.786635860801745],[-79.230678096565313,43.787038654823348],[-79.230527029988522,43.78708987528173],[-79.230376209260214,43.787141627187182],[-79.230225895132747,43.787193947160709],[-79.230075802038456,43.78724678952419],[-79.229926066604889,43.787300163602453],[-79.22977672565699,43.787354168496499],[-79.229627904249469,43.787408624480889],[-79.229479316043822,43.787463656895838],[-79.229331073265044,43.787519175996643],[-79.229183324194409,43.787575362158776],[-79.229035858664957,43.787631980856233],[-79.228888850051248,43.787689158517296],[-79.228742236389493,43.787746858992108],[-79.228596092021988,43.787805127464416],[-79.228450231266834,43.787863810475436],[-79.228304802077844,43.787923160409868],[-79.228159817977669,43.787982934270758],[-79.228015290328159,43.788043366116426],[-79.227871120789004,43.788104221684833],[-79.227729199120219,43.788165244446141],[-79.227618028047985,43.788212802606999],[-79.227507239231016,43.788260964646959],[-79.227396820978356,43.78830956851872],[-79.227286885030608,43.788358632492269],[-79.227177331250275,43.78840831835042],[-79.227068222865299,43.788458383214518],[-79.226959695934227,43.788508962427947],[-79.226851352652986,43.788560100047327],[-79.226743653110873,43.788611716162912],[-79.226636298903031,43.788663855068499],[-79.226529439660595,43.788716400108264],[-79.226423000463328,43.788769432114485],[-79.226316993447242,43.788823014125356],[-79.226211518955509,43.788876939356285],[-79.226106525849147,43.788931522725989],[-79.226002028072386,43.788986431227116],[-79.22589788788008,43.789041898560228],[-79.22579436677222,43.789097799337767],[-79.225691240438721,43.78915427704122],[-79.225588609390087,43.789211088882269],[-79.225521028893169,43.789249064421746],[-79.225486559736396,43.789268424092953],[-79.225384905636105,43.78932616521346],[-79.225283882629171,43.789384429825802],[-79.225183192883321,43.78944313620525],[-79.225083159450477,43.789502285129736],[-79.224986082796477,43.789561486086477],[-79.224721205273227,43.78971483086201],[-79.224456833183339,43.789868752310518],[-79.224192941796744,43.79002322337233],[-79.223929680461623,43.790178190404703],[-79.223667036875369,43.790333626378768],[-79.223404861932664,43.790489530937933],[-79.223143341180375,43.790646084557522],[-79.222882277139675,43.790802998726853],[-79.222621842807854,43.790960480894981],[-79.222523001885293,43.791021295665793],[-79.222423591399661,43.791081631907055],[-79.222323660428373,43.7911416247535],[-79.222223098601461,43.791200958895871],[-79.222122066033734,43.791259940760362],[-79.222036723064974,43.791309014441119],[-79.221748657318585,43.791438055826831],[-79.221399983793091,43.791616635016162],[-79.221002637066533,43.791803123340173],[-79.220559062699706,43.792016554664215],[-79.219939585051051,43.792280571775713],[-79.219442221707695,43.792489213342584],[-79.21887513812446,43.792707375483857],[-79.218236060483278,43.79293745485672],[-79.217550806028399,43.793166858467366],[-79.216887344639147,43.793364042892613],[-79.216349075048143,43.793518517831238],[-79.215968145160858,43.793617286311537],[-79.215721815635334,43.793678988699142],[-79.215302597175764,43.793783321426112],[-79.214865110482336,43.793877264740857],[-79.214429661251486,43.793963182462541],[-79.213907097895103,43.79406060896406],[-79.213401410202593,43.79414450169066],[-79.209155832308127,43.794761488211243],[-79.206365837040607,43.795168838167925],[-79.203162635303357,43.795633779887623],[-79.200258608176028,43.796053268024984],[-79.197442036374184,43.796460537336372],[-79.197010059922988,43.796521914772761],[-79.195342739790689,43.796764662334802],[-79.193535775312085,43.797025049446518],[-79.192376496558509,43.797190886103941],[-79.187777634630606,43.797877181448868],[-79.187410927038343,43.797931896020174],[-79.182102561685227,43.798711666064811],[-79.178510545225706,43.799208777540088],[-79.177327943172983,43.799372397609893],[-79.175019401090779,43.799711076556946],[-79.173405617068937,43.799937409099755],[-79.172546959343691,43.8000348015781],[-79.171745490245968,43.800086752205779],[-79.1713371380295,43.800100097439781],[-79.170787681066614,43.800111765690581],[-79.170209040731706,43.800099215095145],[-79.169520381220451,43.800075245113149],[-79.16899311895969,43.800032998208124],[-79.168911860357582,43.800027695207639],[-79.168826293992794,43.800021569566354],[-79.168740804944477,43.800014949023605],[-79.168655369255603,43.800007671489972],[-79.168570147836178,43.799999854446739],[-79.168484942201104,43.799991434310812],[-79.168399839094619,43.799982456339514],[-79.168314888277749,43.799972911676363],[-79.168230090001899,43.799962755316812],[-79.168145381137037,43.799952167100273],[-79.168060812390493,43.799940967151862],[-79.167976384163538,43.799929083464107],[-79.167892170074936,43.799916687272436],[-79.167807995846559,43.799903832077554],[-79.167724061812123,43.799890248428376],[-79.167640378655406,43.799876251395652],[-79.167556711159406,43.799861678275619],[-79.167472133520533,43.799849883791815],[-79.167387708487084,43.799837468612346],[-79.16730338620296,43.799824459595783],[-79.167219329073376,43.799810704196211],[-79.167135423957333,43.79979643611378],[-79.167051746819553,43.799781403538816],[-79.166968321117494,43.79976585857144],[-79.166885036308742,43.799749566860982],[-79.166803915224861,43.799733038367648],[-79.166719321682308,43.799715221531876],[-79.166636904696531,43.799697095942946],[-79.166554752635903,43.799678268980209],[-79.166472702698186,43.799658965197118],[-79.166405662730043,43.799644547769731],[-79.166337891395486,43.799629804127541],[-79.166316481454189,43.799624908019709],[-79.166290690192213,43.799619017993194],[-79.166270384872305,43.799614377133373],[-79.16620311735619,43.799598437733565],[-79.166136226299059,43.799581851313313],[-79.166069549999563,43.799564644404164],[-79.166003162420679,43.799546925236044],[-79.165937026733829,43.799528612691724],[-79.165871291865642,43.799509743211523],[-79.165805895932792,43.799490271609599],[-79.165740739570111,43.799470188594761],[-79.16567600868423,43.799449584722446],[-79.165611480341312,43.79942832432431],[-79.165547476342653,43.79940664237153],[-79.165483749301998,43.799384331115107],[-79.165420460823512,43.799361382027513],[-79.165357597677826,43.79933793908863],[-79.165294961384305,43.799313938710043],[-79.165232849792361,43.799289453773511],[-79.162191499187827,43.798236617979015],[-79.16130566813402,43.797933871905215],[-79.160604575631552,43.79769424349773],[-79.158665121496355,43.797031331728562],[-79.158393582390076,43.796939843127696],[-79.156036339215376,43.796145444911033],[-79.155951234346858,43.796120723696241],[-79.155866897506712,43.796096436784509],[-79.155782160403533,43.796072616663366],[-79.155697196178494,43.796049407871529],[-79.155611806472223,43.796026728800697],[-79.155526326588614,43.796004616464998],[-79.155440470770273,43.795983061001607],[-79.155354475633715,43.795961973111986],[-79.155268129256044,43.795941469171225],[-79.1551814939222,43.795921522363059],[-79.155094743961641,43.795902070205088],[-79.155007592685621,43.795883264850751],[-79.154920338945914,43.795864999187977],[-79.154832821249443,43.795847263727701],[-79.154745076717717,43.795830085584839],[-79.15465716701371,43.795813545955269],[-79.154569043829326,43.795797401662334],[-79.154480780268869,43.795781904957948],[-79.154392239432354,43.795767091432346],[-79.154303571989729,43.795752691506912],[-79.154214689813003,43.795738902939419],[-79.154125642968381,43.795725662873046],[-79.15403648069146,43.795713052466546],[-79.153947215769435,43.795701008750505],[-79.153857811284581,43.795689468605019],[-79.15376813033734,43.79567846761951],[-79.153678346062136,43.79566815033597],[-79.153588545960119,43.795658427008149],[-79.153498619076032,43.795649144280453],[-79.153408440104357,43.795640481795111],[-79.153318282160996,43.795632485385624],[-79.153228108848907,43.795625001922446],[-79.153137684013899,43.795618039689998],[-79.153047230389774,43.795611761384087],[-79.152956811042628,43.795606005175856],[-79.152866102886222,43.7956007700841],[-79.152775552587585,43.795596174479797],[-79.152684861964673,43.795592208456021],[-79.152594056493058,43.795588764076399],[-79.152500104309979,43.795585805118925],[-79.152407791573211,43.795582995088289],[-79.152315462818265,43.795580806011948],[-79.15222316811294,43.795579175034362],[-79.152130683467973,43.79557815548057],[-79.152038356451243,43.795577811416166],[-79.151946026458177,43.795577980332226],[-79.151853544214077,43.795578688777375],[-79.151761207424826,43.795580027669594],[-79.151668867024256,43.795581987553788],[-79.15157664706328,43.795584604812625],[-79.15148431227621,43.795587734711013],[-79.151453151752818,43.795588980853573],[-79.151392048793511,43.79559142282195],[-79.151299943335005,43.79559571441591],[-79.151207722152876,43.795600671665667],[-79.151115696739424,43.795606151503819],[-79.151023729931538,43.795612234522139],[-79.150931834309958,43.795618893755815],[-79.150839959957167,43.79562616505703],[-79.150748218549893,43.795634075770465],[-79.150656573278226,43.795642544773784],[-79.150565074212039,43.795651509212455],[-79.150473620889358,43.795661148802047],[-79.150382375111576,43.79567141903204],[-79.150291101615792,43.795682175165034],[-79.150200073096173,43.795693535050212],[-79.150109277123804,43.795705498650122],[-79.150018539622479,43.795718083434451],[-79.149927948099162,43.795731199660182],[-79.149837551941474,43.795744901485683],[-79.149747226673313,43.795759224534457],[-79.149657196596962,43.795774061480728],[-79.149566366456838,43.795789706004065],[-79.149476337290508,43.795804371789202],[-79.149440843696993,43.795813444072607],[-79.149391202539718,43.795821437815981],[-79.149310975351327,43.79583440532415],[-79.149226119419737,43.795850526965346],[-79.149141682831626,43.795867180897133],[-79.149057354768189,43.795884393169402],[-79.148973234848768,43.795902128083831],[-79.14888939689169,43.795920511883445],[-79.148805742168861,43.795939427250779],[-79.148722381988279,43.795958964539679],[-79.148639254479434,43.795979078554893],[-79.148556372488585,43.79599969732746],[-79.148473884919412,43.796020857320386],[-79.148391468578467,43.796042575542479],[-79.148309458659341,43.796064907032061],[-79.148227818250405,43.796087788668537],[-79.148146385806626,43.796111219955364],[-79.14806524836365,43.796135192159852],[-79.147984468157347,43.796159687472084],[-79.147903907702712,43.796184840486085],[-79.147823767088823,43.79621043579192],[-79.147743958747824,43.796236572132926],[-79.147664544387013,43.796263321709013],[-79.147585462771602,43.796290531313062],[-79.147506675615546,43.796318371849068],[-79.14742822120165,43.796346672414323],[-79.147350235690269,43.796375523440886],[-79.147272557747655,43.796404888427347],[-79.147195361183947,43.796434794914184],[-79.147118347709423,43.796465250982493],[-79.147041915446437,43.796496176852045],[-79.146967519458812,43.796527378993886],[-79.146893669847344,43.796554415255351],[-79.146820077945065,43.796581992332683],[-79.146746855376776,43.796610146575887],[-79.146674139734088,43.796638725391944],[-79.146601644622777,43.796667826908568],[-79.146529630096239,43.79669760494955],[-79.146458011130605,43.796727726211273],[-79.146386922877781,43.796758452145156],[-79.146316105016169,43.796789673933127],[-79.146245732047092,43.796821302104568],[-79.146175852613766,43.796853516833323],[-79.146106293168089,43.796886245573951],[-79.146037277812042,43.79691941701212],[-79.145968744305833,43.796953048958208],[-79.145900704437437,43.796987249463072],[-79.145833034949959,43.797021847124313],[-79.145765871259073,43.797057058389264],[-79.145699177572936,43.797092631116371],[-79.145633015066736,43.797128727516387],[-79.145567272432146,43.79716525723375],[-79.145502110788925,43.797202292777953],[-79.145437381389456,43.797239770680683],[-79.145373195966414,43.797277709291528],[-79.145309566786239,43.797316135652899],[-79.145246345474135,43.797354923289397],[-79.1451837297911,43.797394252838139],[-79.145121596055859,43.797434024903716],[-79.144712044662739,43.797702147033718],[-79.143203350262667,43.798669045953936],[-79.141400272167914,43.799921516056266],[-79.140202281608865,43.800785098488376],[-79.139952190858523,43.800954431981353],[-79.138546355287687,43.801914571952544],[-79.137453141043437,43.802662684253058],[-79.136547482135427,43.803235761904659],[-79.135902092439949,43.803657029933305],[-79.135792418634153,43.80373190276967],[-79.135682236921809,43.803806458841777],[-79.135571399261195,43.803880517653958],[-79.135460115888904,43.803954250895927],[-79.135348164031413,43.804027504836803],[-79.135274384909295,43.804075299337057],[-79.135235767174635,43.804100316192319],[-79.135122825292385,43.80417278365406],[-79.135009413829906,43.804244763443585],[-79.134895544668183,43.804316345608598],[-79.134781019616327,43.804387421501076],[-79.13466597428706,43.804458171574773],[-79.13455058360708,43.804528443368596],[-79.134434635915298,43.804598299212273],[-79.134395792886892,43.80462142482758],[-79.134397849381529,43.804699948083623],[-79.134355430094118,43.804952797552886],[-79.134302854132585,43.80521823405072],[-79.134193076510684,43.805447816047455],[-79.134051947665753,43.805690502173078],[-79.133948557284882,43.805952526355803],[-79.133908876102765,43.806206329489115],[-79.13392712615223,43.806402972119216],[-79.133951595866762,43.806456301041337],[-79.133987943738248,43.806540784823575],[-79.134008207470742,43.806617350120099],[-79.134007698418586,43.806704794237106],[-79.134037175116163,43.806793063463736],[-79.134099228922381,43.806856737948983],[-79.134220401055885,43.806937676721105],[-79.134484234531854,43.80711404237649],[-79.134752195543527,43.807312914370947],[-79.135029850210572,43.807516317239511],[-79.135305788815245,43.807746726265819],[-79.135587489225202,43.807923155364492],[-79.135892480550268,43.808036632237133],[-79.136260479448751,43.8080737994581],[-79.136566742871992,43.807975761631859],[-79.136786882107003,43.807791938815754],[-79.137050304004376,43.807711774738365],[-79.137316839923756,43.807829626235886],[-79.137611436126832,43.807862064596449],[-79.137711944692924,43.807677860602482],[-79.137882744915856,43.807502889357885],[-79.138163204266192,43.807494776531904],[-79.138308121291459,43.807621241716816],[-79.138257332148285,43.807801112067978],[-79.138410213436202,43.807959097189368],[-79.138689835314295,43.807964482079193],[-79.138946005129597,43.807992303960638],[-79.138980658194725,43.808113928337413],[-79.139097392992753,43.808208790616661],[-79.13912170291448,43.80823587069272],[-79.139138313646228,43.808249424797836],[-79.139328027053963,43.808353536350147],[-79.139581905916074,43.808444357301141],[-79.139840833077926,43.808404650589679],[-79.140097172971608,43.80834245038632],[-79.140388801017366,43.808352369479188],[-79.140639920200357,43.808447670947658],[-79.140595600173683,43.808654547962668],[-79.140698166991925,43.808780885907069],[-79.140958850715393,43.808840221325873],[-79.141243131635093,43.808913104876204],[-79.141363477981855,43.809057500233543],[-79.141579833434236,43.809188703943704],[-79.141839492001154,43.809438758493151],[-79.141972643097617,43.809641421452262],[-79.142185760824745,43.809522293216396],[-79.142464523788078,43.809445828161415],[-79.142641483356044,43.809539245991054],[-79.142909634738572,43.809483035153747],[-79.143151056959482,43.809630246149382],[-79.143111104704829,43.809891855433612],[-79.142876804517954,43.810078256437983],[-79.142959601801323,43.810250724196862],[-79.142999444017718,43.810493950388889],[-79.143138175423886,43.810722813586118],[-79.143428636101518,43.810619685458349],[-79.143526150060666,43.810435197060102],[-79.143458216931791,43.810254324055293],[-79.143638120799693,43.810062261591959],[-79.14405300147223,43.810042041849165],[-79.144445241926405,43.810010228757811],[-79.144853628308439,43.809995125532936],[-79.14528159620626,43.809993835309029],[-79.145686752579238,43.81002044818829],[-79.146095795528893,43.810066721070825],[-79.146333621138595,43.810258541653376],[-79.146404423322011,43.810481285947695],[-79.1461326839283,43.810585010675567],[-79.146128337488619,43.810836965020783],[-79.146348571754345,43.811099389711146],[-79.146672203077188,43.81134213322818],[-79.147054615562126,43.811545137488956],[-79.147371003972822,43.811767019098056],[-79.147725478899034,43.811946793072728],[-79.147942908602545,43.812129906323321],[-79.148226478062469,43.812319631531658],[-79.148641039976269,43.81240918955622],[-79.149074791829605,43.812414392706309],[-79.149472681201956,43.812479440535633],[-79.149768152982773,43.812715914109049],[-79.150074559178435,43.812976903372785],[-79.150184783519876,43.813056720490351],[-79.150412845527313,43.81322185935948],[-79.150758751316516,43.81344174256261],[-79.151004858423505,43.813667791791062],[-79.15123209307113,43.813881901443828],[-79.15160530987275,43.814000063013822],[-79.151742853938231,43.813984676298126],[-79.15179162450687,43.814090542766976]]]},"properties":{"AREA_NAME":"42"}},{"type":"Feature","geometry":{"type":"Polygon","coordinates":[[[-79.135432751075825,43.800831092426286],[-79.135405279043866,43.801079525584107],[-79.135214780958236,43.801315566028016],[-79.134950042059046,43.801540729719164],[-79.134655520915828,43.80174195363648],[-79.134407543687047,43.801977223877245],[-79.13418058665664,43.802221597971382],[-79.133987707343877,43.802469690189589],[-79.133770798361923,43.802716525926833],[-79.133736840463655,43.802800685520651],[-79.133671448495036,43.802962702984317],[-79.133694982772155,43.803272596684572],[-79.133882296397573,43.803509125017129],[-79.134075732487915,43.803785340531419],[-79.134180480482868,43.803919270345176],[-79.134289366291384,43.804147121884185],[-79.134301920237149,43.804173382288674],[-79.134365482755641,43.804356083162695],[-79.134390754240769,43.80442867694974],[-79.1343924245311,43.804493085233091],[-79.134395792886892,43.80462142482758],[-79.134434635915298,43.804598299212273],[-79.13455058360708,43.804528443368596],[-79.13466597428706,43.804458171574773],[-79.134781019616327,43.804387421501076],[-79.134895544668183,43.804316345608598],[-79.135009413829906,43.804244763443585],[-79.135122825292385,43.80417278365406],[-79.135235767174635,43.804100316192319],[-79.135274384909295,43.804075299337057],[-79.135348164031413,43.804027504836803],[-79.135460115888904,43.803954250895927],[-79.135571399261195,43.803880517653958],[-79.135682236921809,43.803806458841777],[-79.135792418634153,43.80373190276967],[-79.135902092439949,43.803657029933305],[-79.136547482135427,43.803235761904659],[-79.137453141043437,43.802662684253058],[-79.138546355287687,43.801914571952544],[-79.139952190858523,43.800954431981353],[-79.140202281608865,43.800785098488376],[-79.141400272167914,43.799921516056266],[-79.143203350262667,43.798669045953936],[-79.144712044662739,43.797702147033718],[-79.145121596055859,43.797434024903716],[-79.1451837297911,43.797394252838139],[-79.145246345474135,43.797354923289397],[-79.145309566786239,43.797316135652899],[-79.145373195966414,43.797277709291528],[-79.145437381389456,43.797239770680683],[-79.145502110788925,43.797202292777953],[-79.145567272432146,43.79716525723375],[-79.145633015066736,43.797128727516387],[-79.145699177572936,43.797092631116371],[-79.145765871259073,43.797057058389264],[-79.145833034949959,43.797021847124313],[-79.145900704437437,43.796987249463072],[-79.145968744305833,43.796953048958208],[-79.146037277812042,43.79691941701212],[-79.146106293168089,43.796886245573951],[-79.146175852613766,43.796853516833323],[-79.146245732047092,43.796821302104568],[-79.146316105016169,43.796789673933127],[-79.146386922877781,43.796758452145156],[-79.146458011130605,43.796727726211273],[-79.146529630096239,43.79669760494955],[-79.146601644622777,43.796667826908568],[-79.146674139734088,43.796638725391944],[-79.146746855376776,43.796610146575887],[-79.146820077945065,43.796581992332683],[-79.146893669847344,43.796554415255351],[-79.146967519458812,43.796527378993886],[-79.147041915446437,43.796496176852045],[-79.147118347709423,43.796465250982493],[-79.147195361183947,43.796434794914184],[-79.147272557747655,43.796404888427347],[-79.147350235690269,43.796375523440886],[-79.14742822120165,43.796346672414323],[-79.147506675615546,43.796318371849068],[-79.147585462771602,43.796290531313062],[-79.147664544387013,43.796263321709013],[-79.147743958747824,43.796236572132926],[-79.147823767088823,43.79621043579192],[-79.147903907702712,43.796184840486085],[-79.147984468157347,43.796159687472084],[-79.14806524836365,43.796135192159852],[-79.148146385806626,43.796111219955364],[-79.148227818250405,43.796087788668537],[-79.148309458659341,43.796064907032061],[-79.148391468578467,43.796042575542479],[-79.148473884919412,43.796020857320386],[-79.148556372488585,43.79599969732746],[-79.148639254479434,43.795979078554893],[-79.148722381988279,43.795958964539679],[-79.148805742168861,43.795939427250779],[-79.14888939689169,43.795920511883445],[-79.148973234848768,43.795902128083831],[-79.149057354768189,43.795884393169402],[-79.149141682831626,43.795867180897133],[-79.149226119419737,43.795850526965346],[-79.149310975351327,43.79583440532415],[-79.149391202539718,43.795821437815981],[-79.149440843696993,43.795813444072607],[-79.149476337290508,43.795804371789202],[-79.149566366456838,43.795789706004065],[-79.149657196596962,43.795774061480728],[-79.149747226673313,43.795759224534457],[-79.149837551941474,43.795744901485683],[-79.149927948099162,43.795731199660182],[-79.150018539622479,43.795718083434451],[-79.150109277123804,43.795705498650122],[-79.150200073096173,43.795693535050212],[-79.150291101615792,43.795682175165034],[-79.150382375111576,43.79567141903204],[-79.150473620889358,43.795661148802047],[-79.150565074212039,43.795651509212455],[-79.150656573278226,43.795642544773784],[-79.150748218549893,43.795634075770465],[-79.150839959957167,43.79562616505703],[-79.150931834309958,43.795618893755815],[-79.151023729931538,43.795612234522139],[-79.151115696739424,43.795606151503819],[-79.151207722152876,43.795600671665667],[-79.151299943335005,43.79559571441591],[-79.151392048793511,43.79559142282195],[-79.151453151752818,43.795588980853573],[-79.15148431227621,43.795587734711013],[-79.15157664706328,43.795584604812625],[-79.151668867024256,43.795581987553788],[-79.151761207424826,43.795580027669594],[-79.151853544214077,43.795578688777375],[-79.151946026458177,43.795577980332226],[-79.152038356451243,43.795577811416166],[-79.152130683467973,43.79557815548057],[-79.15222316811294,43.795579175034362],[-79.152315462818265,43.795580806011948],[-79.152407791573211,43.795582995088289],[-79.152500104309979,43.795585805118925],[-79.152594056493058,43.795588764076399],[-79.152684861964673,43.795592208456021],[-79.152775552587585,43.795596174479797],[-79.152866102886222,43.7956007700841],[-79.152956811042628,43.795606005175856],[-79.153047230389774,43.795611761384087],[-79.153137684013899,43.795618039689998],[-79.153228108848907,43.795625001922446],[-79.153318282160996,43.795632485385624],[-79.153408440104357,43.795640481795111],[-79.153498619076032,43.795649144280453],[-79.153588545960119,43.795658427008149],[-79.153678346062136,43.79566815033597],[-79.15376813033734,43.79567846761951],[-79.153857811284581,43.795689468605019],[-79.153947215769435,43.795701008750505],[-79.15403648069146,43.795713052466546],[-79.154125642968381,43.795725662873046],[-79.154214689813003,43.795738902939419],[-79.154303571989729,43.795752691506912],[-79.154392239432354,43.795767091432346],[-79.154480780268869,43.795781904957948],[-79.154569043829326,43.795797401662334],[-79.15465716701371,43.795813545955269],[-79.154745076717717,43.795830085584839],[-79.154832821249443,43.795847263727701],[-79.154920338945914,43.795864999187977],[-79.155007592685621,43.795883264850751],[-79.155094743961641,43.795902070205088],[-79.1551814939222,43.795921522363059],[-79.155268129256044,43.795941469171225],[-79.155354475633715,43.795961973111986],[-79.155440470770273,43.795983061001607],[-79.155526326588614,43.796004616464998],[-79.155611806472223,43.796026728800697],[-79.155697196178494,43.796049407871529],[-79.155782160403533,43.796072616663366],[-79.155866897506712,43.796096436784509],[-79.155951234346858,43.796120723696241],[-79.156036339215376,43.796145444911033],[-79.158393582390076,43.796939843127696],[-79.158665121496355,43.797031331728562],[-79.160604575631552,43.79769424349773],[-79.16130566813402,43.797933871905215],[-79.162191499187827,43.798236617979015],[-79.165232849792361,43.799289453773511],[-79.165294961384305,43.799313938710043],[-79.165357597677826,43.79933793908863],[-79.165420460823512,43.799361382027513],[-79.165483749301998,43.799384331115107],[-79.165547476342653,43.79940664237153],[-79.165611480341312,43.79942832432431],[-79.16567600868423,43.799449584722446],[-79.165740739570111,43.799470188594761],[-79.165805895932792,43.799490271609599],[-79.165871291865642,43.799509743211523],[-79.165937026733829,43.799528612691724],[-79.166003162420679,43.799546925236044],[-79.166069549999563,43.799564644404164],[-79.166136226299059,43.799581851313313],[-79.16620311735619,43.799598437733565],[-79.166270384872305,43.799614377133373],[-79.166290690192213,43.799619017993194],[-79.166316481454189,43.799624908019709],[-79.166337891395486,43.799629804127541],[-79.166405662730043,43.799644547769731],[-79.166472702698186,43.799658965197118],[-79.166554752635903,43.799678268980209],[-79.166636904696531,43.799697095942946],[-79.166719321682308,43.799715221531876],[-79.166803915224861,43.799733038367648],[-79.166885036308742,43.799749566860982],[-79.166968321117494,43.79976585857144],[-79.167051746819553,43.799781403538816],[-79.167135423957333,43.79979643611378],[-79.167219329073376,43.799810704196211],[-79.16730338620296,43.799824459595783],[-79.167387708487084,43.799837468612346],[-79.167472133520533,43.799849883791815],[-79.167556711159406,43.799861678275619],[-79.167640378655406,43.799876251395652],[-79.167724061812123,43.799890248428376],[-79.167807995846559,43.799903832077554],[-79.167892170074936,43.799916687272436],[-79.167976384163538,43.799929083464107],[-79.168060812390493,43.799940967151862],[-79.168145381137037,43.799952167100273],[-79.168230090001899,43.799962755316812],[-79.168314888277749,43.799972911676363],[-79.168399839094619,43.799982456339514],[-79.168484942201104,43.799991434310812],[-79.168570147836178,43.799999854446739],[-79.168655369255603,43.800007671489972],[-79.168740804944477,43.800014949023605],[-79.168826293992794,43.800021569566354],[-79.168911860357582,43.800027695207639],[-79.16899311895969,43.800032998208124],[-79.169520381220451,43.800075245113149],[-79.170209040731706,43.800099215095145],[-79.170787681066614,43.800111765690581],[-79.1713371380295,43.800100097439781],[-79.171745490245968,43.800086752205779],[-79.172546959343691,43.8000348015781],[-79.173405617068937,43.799937409099755],[-79.175019401090779,43.799711076556946],[-79.177327943172983,43.799372397609893],[-79.178510545225706,43.799208777540088],[-79.182102561685227,43.798711666064811],[-79.187410927038343,43.797931896020174],[-79.187777634630606,43.797877181448868],[-79.192376496558509,43.797190886103941],[-79.193535775312085,43.797025049446518],[-79.195342739790689,43.796764662334802],[-79.197010059922988,43.796521914772761],[-79.197442036374184,43.796460537336372],[-79.200258608176028,43.796053268024984],[-79.203162635303357,43.795633779887623],[-79.206365837040607,43.795168838167925],[-79.209155832308127,43.794761488211243],[-79.213401410202593,43.79414450169066],[-79.213907097895103,43.79406060896406],[-79.214429661251486,43.793963182462541],[-79.214865110482336,43.793877264740857],[-79.215302597175764,43.793783321426112],[-79.215721815635334,43.793678988699142],[-79.215968145160858,43.793617286311537],[-79.216349075048143,43.793518517831238],[-79.216887344639147,43.793364042892613],[-79.217550806028399,43.793166858467366],[-79.218236060483278,43.79293745485672],[-79.21887513812446,43.792707375483857],[-79.219442221707695,43.792489213342584],[-79.219939585051051,43.792280571775713],[-79.220559062699706,43.792016554664215],[-79.221002637066533,43.791803123340173],[-79.221399983793091,43.791616635016162],[-79.221748657318585,43.791438055826831],[-79.222036723064974,43.791309014441119],[-79.222122066033734,43.791259940760362],[-79.222223098601461,43.791200958895871],[-79.222323660428373,43.7911416247535],[-79.222423591399661,43.791081631907055],[-79.222523001885293,43.791021295665793],[-79.222621842807854,43.790960480894981],[-79.222882277139675,43.790802998726853],[-79.223143341180375,43.790646084557522],[-79.223404861932664,43.790489530937933],[-79.223667036875369,43.790333626378768],[-79.223929680461623,43.790178190404703],[-79.224192941796744,43.79002322337233],[-79.224456833183339,43.789868752310518],[-79.224721205273227,43.78971483086201],[-79.224986082796477,43.789561486086477],[-79.225083159450477,43.789502285129736],[-79.225183192883321,43.78944313620525],[-79.225283882629171,43.789384429825802],[-79.225384905636105,43.78932616521346],[-79.225486559736396,43.789268424092953],[-79.225521028893169,43.789249064421746],[-79.225588609390087,43.789211088882269],[-79.225691240438721,43.78915427704122],[-79.22579436677222,43.789097799337767],[-79.22589788788008,43.789041898560228],[-79.226002028072386,43.788986431227116],[-79.226106525849147,43.788931522725989],[-79.226211518955509,43.788876939356285],[-79.226316993447242,43.788823014125356],[-79.226423000463328,43.788769432114485],[-79.226529439660595,43.788716400108264],[-79.226636298903031,43.788663855068499],[-79.226743653110873,43.788611716162912],[-79.226851352652986,43.788560100047327],[-79.226959695934227,43.788508962427947],[-79.227068222865299,43.788458383214518],[-79.227177331250275,43.78840831835042],[-79.227286885030608,43.788358632492269],[-79.227396820978356,43.78830956851872],[-79.227507239231016,43.788260964646959],[-79.227618028047985,43.788212802606999],[-79.227729199120219,43.788165244446141],[-79.227871120789004,43.788104221684833],[-79.228015290328159,43.788043366116426],[-79.228159817977669,43.787982934270758],[-79.228304802077844,43.787923160409868],[-79.228450231266834,43.787863810475436],[-79.228596092021988,43.787805127464416],[-79.228742236389493,43.787746858992108],[-79.228888850051248,43.787689158517296],[-79.229035858664957,43.787631980856233],[-79.229183324194409,43.787575362158776],[-79.229331073265044,43.787519175996643],[-79.229479316043822,43.787463656895838],[-79.229627904249469,43.787408624480889],[-79.22977672565699,43.787354168496499],[-79.229926066604889,43.787300163602453],[-79.230075802038456,43.78724678952419],[-79.230225895132747,43.787193947160709],[-79.230376209260214,43.787141627187182],[-79.230527029988522,43.78708987528173],[-79.230678096565313,43.787038654823348],[-79.231875530781068,43.786635860801745],[-79.232646478860488,43.78639668824588],[-79.235291514030848,43.785598079773337],[-79.237484656729777,43.784989782250094],[-79.238988771192055,43.784578445366478],[-79.240458843834361,43.784199586501536],[-79.242143841522719,43.783807548056323],[-79.243730720744978,43.783440873039744],[-79.245170880166526,43.78312652364307],[-79.245203747067819,43.783119359996377],[-79.246438434442368,43.782849812131637],[-79.247824612564983,43.782570044917811],[-79.249661033509923,43.782238231174084],[-79.250651826877927,43.782059185905844],[-79.250714427278695,43.782047882000548],[-79.250913627266101,43.782009440339813],[-79.251846734216628,43.781829376857125],[-79.254475945064684,43.781319019222416],[-79.254979853843764,43.781222537134035],[-79.26391794014549,43.779498041800053],[-79.264766540960409,43.779333900234199],[-79.264685461612174,43.779132656547532],[-79.264609638500417,43.778947058627502],[-79.264551305103282,43.77880322603626],[-79.264480286592075,43.778628124263157],[-79.264283587640861,43.778133024256761],[-79.263938476174317,43.777227542722983],[-79.263927348404266,43.777198364990447],[-79.263717387450257,43.77664745631639],[-79.263183624324355,43.775281649835875],[-79.262430122130681,43.773374252090129],[-79.262302162808652,43.773048359948405],[-79.262274900144419,43.772978535225114],[-79.261906059226845,43.771945081825756],[-79.26183138879918,43.771811501971015],[-79.261619980252803,43.771274942775285],[-79.261560425094132,43.771110880296533],[-79.261507743877374,43.770939415163959],[-79.261479874181376,43.770800892049436],[-79.261430139954328,43.770669389205175],[-79.261384780082437,43.77054055081333],[-79.26122203082565,43.770089063371742],[-79.261331270623074,43.770065339427092],[-79.261295172503495,43.769975270357577],[-79.261282303514392,43.769894223959604],[-79.261266316760484,43.769813198050329],[-79.261242710141786,43.7696961425426],[-79.261204359846985,43.769579056224728],[-79.261170726790738,43.769443977409651],[-79.261091813004697,43.769191833738709],[-79.260989066612694,43.768876640974874],[-79.260903823921609,43.76865148742683],[-79.260782484102734,43.768327263380208],[-79.260106285935706,43.766606901168345],[-79.259545216754489,43.765201520847945],[-79.259024345246317,43.763841192077173],[-79.258593732035138,43.762720302656525],[-79.258359823074301,43.762111427580386],[-79.25810312874475,43.761471818711165],[-79.258040718255202,43.761309161262744],[-79.257821779904916,43.760738643666301],[-79.257722881835889,43.760480892212279],[-79.25771281875717,43.760457134759591],[-79.257574462190391,43.760129540336301],[-79.257256781957395,43.75925961266568],[-79.257175607574197,43.759042520664416],[-79.257146812586043,43.758958487421943],[-79.256632474285766,43.757673554115861],[-79.256596739732984,43.757583133097363],[-79.256003995082168,43.756067806213927],[-79.255945030083424,43.755900420198159],[-79.255885091516234,43.755691563580456],[-79.255834754827845,43.755460791532386],[-79.255770983595568,43.755113614336324],[-79.255678089312426,43.754581085281785],[-79.255621573623017,43.754294537494552],[-79.255564673848227,43.754105534779683],[-79.255514193453124,43.753953387648316],[-79.255469183612519,43.753833206433541],[-79.25542761596833,43.753752106748166],[-79.255367201335787,43.753526947599077],[-79.255280301966721,43.753328744292226],[-79.255118165090394,43.752932353444891],[-79.254806132019311,43.752193577414801],[-79.254590203325421,43.751680027764181],[-79.254471950037654,43.751373751082582],[-79.254272097393866,43.750914260485168],[-79.254115400218737,43.750526898946454],[-79.253931012996802,43.750085443354457],[-79.253718227514511,43.749553932239976],[-79.253428530657686,43.748851213953479],[-79.253132607671247,43.748157482603112],[-79.252747709705758,43.747211506245812],[-79.252450225637929,43.746508750347672],[-79.252039187677568,43.74549066005563],[-79.251899318218008,43.745148301654744],[-79.251652967562976,43.744575424836711],[-79.251612594079958,43.744481553514177],[-79.251572634406699,43.744383722543382],[-79.251277629207081,43.743661679045474],[-79.251175337443826,43.743436417151294],[-79.250997908975307,43.742994935431568],[-79.250847287204749,43.742634540747048],[-79.250638912263298,43.742166005312392],[-79.250545986651545,43.741931771018763],[-79.250392303819183,43.741562367774691],[-79.250223328450744,43.741138923599721],[-79.250088085043203,43.740814557260997],[-79.249875886237362,43.740337019713564],[-79.249723043898598,43.739949605874585],[-79.249531607209633,43.739517110158012],[-79.249197417851761,43.738706231808244],[-79.248847012096363,43.737886324518811],[-79.248653265302451,43.737561008624283],[-79.248519544643472,43.737336503112139],[-79.248245060431984,43.73691285052103],[-79.248084568198237,43.736696467615282],[-79.2480568248954,43.736651400361751],[-79.24800522405711,43.736561274400337],[-79.247917390092695,43.73640804195869],[-79.247384842274556,43.735173689762846],[-79.247145322428935,43.734552048709112],[-79.246894088280683,43.733939400374993],[-79.24636249384838,43.732651028637797],[-79.246018344240852,43.731822142478279],[-79.245491418098169,43.730603905179024],[-79.245473465996668,43.730560596289955],[-79.244797919757033,43.728929813034114],[-79.244574039895127,43.728387411699728],[-79.244042616439501,43.727093627580878],[-79.243956830349589,43.726884831801492],[-79.243621988934706,43.726091963403526],[-79.242978736056372,43.724479243049004],[-79.242961131370308,43.724425196021457],[-79.242174482727251,43.72260507453538],[-79.241448853730759,43.720875169573695],[-79.240363426623318,43.718226342386558],[-79.239790633473262,43.716875095281068],[-79.239107451032581,43.715235732976524],[-79.238959112492765,43.714887630829509],[-79.23894621350891,43.714857375156477],[-79.238646660432934,43.714181704475777],[-79.238575411074279,43.713974539653726],[-79.238501111304402,43.713758384547077],[-79.238411156150846,43.713578180582886],[-79.238344260941588,43.71344303561802],[-79.238271200473932,43.713298884237858],[-79.238178053610255,43.713136666281905],[-79.238121926806556,43.713019539356566],[-79.238076773990073,43.712884435032137],[-79.238032326683566,43.712758342563177],[-79.237981648211885,43.712641219046724],[-79.237958787350976,43.712542179800273],[-79.237945002628749,43.712433485002748],[-79.237937733834357,43.712324562106623],[-79.237941585765199,43.712218032035501],[-79.237934038562116,43.712173008436295],[-79.237944492675197,43.712092003067959],[-79.237950090057424,43.712020617910859],[-79.23796703233748,43.711903001287283],[-79.237989179680966,43.711804020196602],[-79.238020790575476,43.711669055750285],[-79.238048301438127,43.71156085164386],[-79.238084742054127,43.711408138755409],[-79.238155736151938,43.711165510405429],[-79.238233943185733,43.710913438193792],[-79.23830999922933,43.71067930050723],[-79.238374284878134,43.710480807821305],[-79.238409326253588,43.710364159654809],[-79.238436399193432,43.710265045702634],[-79.238451264088624,43.710211045139545],[-79.238459349370331,43.710172313205341],[-79.238478408071614,43.710081291039671],[-79.238487254466534,43.710030175106631],[-79.238493157240043,43.709973975725845],[-79.238507666959237,43.709841807373451],[-79.23851361529303,43.709752285418254],[-79.238516722364139,43.709676951953732],[-79.238514222659703,43.709609724801581],[-79.238508867070365,43.709548638978184],[-79.238503635583712,43.709459010431232],[-79.238495537668371,43.709383660330317],[-79.238484922638094,43.7093107438115],[-79.238464937496005,43.709232486104881],[-79.238448657317775,43.709183977047623],[-79.238428243326894,43.709133019185472],[-79.23839933420129,43.70907526392547],[-79.238367962375193,43.709018853210367],[-79.238326535729328,43.708946226193923],[-79.238287142101328,43.708888338886261],[-79.238242476803364,43.708827163032183],[-79.238198683148994,43.708779563063423],[-79.238141484375348,43.708724317298845],[-79.23807102558392,43.70866516157551],[-79.237993524402043,43.708604738490145],[-79.237918088980521,43.708551530101332],[-79.237826120779204,43.708490875702132],[-79.237702542003788,43.708414594509129],[-79.23757657473729,43.708336930504458],[-79.237551367249921,43.708321210428196],[-79.237482278716286,43.708278133744102],[-79.23739817697772,43.70831726708937],[-79.236682898243373,43.708655581358855],[-79.235978892135222,43.708990784728591],[-79.235245690275619,43.709413984483405],[-79.23452182217622,43.709825877591257],[-79.233827733733705,43.710451804430626],[-79.233200789264615,43.711002048102017],[-79.233200350235904,43.71101709718549],[-79.230649483582013,43.713084878795527],[-79.2285444450401,43.714653975693089],[-79.228329205609143,43.714882888308615],[-79.227681181288148,43.715509408786936],[-79.226660597327225,43.716476137662831],[-79.226090330850838,43.717041671357833],[-79.22487204449358,43.718247397299159],[-79.224006314449838,43.719133481392873],[-79.223092411796372,43.720023384639873],[-79.222867487921377,43.720222910220869],[-79.222477862884134,43.720493649493172],[-79.221932022705701,43.72088648744139],[-79.221017645196071,43.721481185870779],[-79.220358960527165,43.721816924906889],[-79.219838299281292,43.722002578741055],[-79.219508721070483,43.722094852304885],[-79.219337703255206,43.722119257937308],[-79.219252579119029,43.722110182664437],[-79.219157133827281,43.722100028823938],[-79.219131789010021,43.722094907849993],[-79.219047781826447,43.722138978507161],[-79.218974575754189,43.722177017822133],[-79.218859809571342,43.722211210358481],[-79.218765654570618,43.72224624560323],[-79.218620589807585,43.722169531045743],[-79.218441259167832,43.722092515872063],[-79.218185486595274,43.721986625011219],[-79.218233781233678,43.721911988748211],[-79.218273331054419,43.721868016148662],[-79.218263991057142,43.721837667938978],[-79.218240560976554,43.721815971196513],[-79.218205820838662,43.721808243499986],[-79.218169466944786,43.721808522920547],[-79.218145494311543,43.721825791203131],[-79.218086546646347,43.721888069452845],[-79.218047705293188,43.721931791700378],[-79.217694168348942,43.721784081795221],[-79.217719929292755,43.721745458073016],[-79.217715506854077,43.721727813715447],[-79.21770961475238,43.72171126387974],[-79.217677049215993,43.72168978749292],[-79.2176475707912,43.721684872009455],[-79.217606747426728,43.721701324446187],[-79.21750410596961,43.721788598907146],[-79.217196891940787,43.722067894898615],[-79.217116311515511,43.722140425542896],[-79.217086072791517,43.722173079220553],[-79.217080926470047,43.722198521996965],[-79.217080853275391,43.722216713327214],[-79.217100824218562,43.722234945267317],[-79.217135884188508,43.722245941541672],[-79.217191022444155,43.722249723482314],[-79.21726655472888,43.722184426300402],[-79.21735716795051,43.722108283857793],[-79.217422158811303,43.722152073570236],[-79.217446943508904,43.722210327874372],[-79.217451645329447,43.722279433035411],[-79.217446242750952,43.722359431725046],[-79.217415742898211,43.722450295877394],[-79.217344689983364,43.722631954287174],[-79.21729906656627,43.72273731800987],[-79.217218160287231,43.722878959444841],[-79.217167659175374,43.722955210029347],[-79.217127015132519,43.723067868002467],[-79.217081447083544,43.723158676760178],[-79.216985604538635,43.723274816538186],[-79.216874777985865,43.723383655117857],[-79.21681439700248,43.723430789056593],[-79.216663683542123,43.723488608582961],[-79.216563420714721,43.723481105003891],[-79.216473237950225,43.723462689833532],[-79.216427752493559,43.72345151447292],[-79.216602695695983,43.723285281380733],[-79.216606132489929,43.72326710739501],[-79.216591755997456,43.723241607239125],[-79.216575112128083,43.723231070523006],[-79.216556204615856,43.723218907967734],[-79.216527240211263,43.723218026027148],[-79.21649266397489,43.723222791940756],[-79.216316772897827,43.723395233369963],[-79.216258054036487,43.723437231431305],[-79.216108190547544,43.723575145373268],[-79.21600414103446,43.723665079327276],[-79.215970821267376,43.723698067092748],[-79.215962416747303,43.723722097522],[-79.215962331563944,43.723740126794503],[-79.215970537231939,43.723758185670413],[-79.215987076410642,43.723767246010119],[-79.216020183185918,43.723779353924456],[-79.216045029350042,43.723782404062959],[-79.216078192939619,43.72378248644479],[-79.216111413316852,43.723770543301193],[-79.21617390899516,43.723701568977795],[-79.216234736206445,43.723633688628581],[-79.216342183716378,43.723775742863012],[-79.21636702223806,43.723827768660072],[-79.216348646360274,43.723923865304599],[-79.216341104817005,43.724004398684883],[-79.216301232105792,43.724103043327183],[-79.216243326300429,43.724222445052234],[-79.216167375595063,43.724372955227082],[-79.216087972670778,43.72450009855735],[-79.215972601656432,43.724650510673243],[-79.215839405952138,43.724785306214187],[-79.215738701044344,43.724865607895353],[-79.215648842720853,43.724925161612383],[-79.215548321789029,43.724966479218651],[-79.215444349007583,43.724981828571828],[-79.215344012396088,43.724984171095429],[-79.215250874206689,43.724978754394101],[-79.215197205106364,43.724963030536294],[-79.215128370954034,43.724933730996412],[-79.215342145804726,43.724723067523783],[-79.21534636245346,43.724708054957553],[-79.215346462102644,43.724687010309687],[-79.215321688695568,43.724665903716094],[-79.215296842289277,43.724662835417654],[-79.215276128940118,43.724659786410477],[-79.215247096094615,43.724662729501546],[-79.214739203744315,43.72513342502414],[-79.214739103881001,43.725154469669242],[-79.214743163827862,43.725172518282299],[-79.214755529175889,43.725187572207162],[-79.214767910605119,43.725196622345173],[-79.214788595542672,43.725205693201417],[-79.214809323274594,43.725205744920366],[-79.214838356446066,43.725202792940443],[-79.214913277488535,43.725136847734845],[-79.21492988816857,43.725130876336301],[-79.214950603463151,43.725130927998592],[-79.214983696481042,43.725146051590805],[-79.215000221637894,43.725158118449656],[-79.21502077837107,43.725194237664169],[-79.215028983952095,43.725212296602834],[-79.215020251083459,43.72530546464494],[-79.214990590963751,43.725440643287975],[-79.214952781994299,43.725545764469821],[-79.214889956882644,43.725680878371385],[-79.214802138337703,43.725848991419006],[-79.214735279204234,43.725963059272686],[-79.214672695667545,43.726047082629364],[-79.214606021662817,43.726122058495939],[-79.214490824299929,43.726224015850903],[-79.214443453172194,43.726254078659849],[-79.214408907278653,43.72627556831273],[-79.214382225690755,43.726290272672195],[-79.214335159802573,43.726308319548451],[-79.214286529925602,43.726326371497066],[-79.214247322940949,43.726338767202485],[-79.21420030554755,43.72634659774134],[-79.214140753594791,43.726356665225119],[-79.214012273665872,43.726369971706241],[-79.213982986655424,43.726272235013816],[-79.214034972808079,43.726208789355674],[-79.214072743856264,43.726166866075765],[-79.214075163756377,43.726148698633004],[-79.21406975330207,43.726132779914053],[-79.214049451605362,43.726121378567669],[-79.214013464387676,43.726114474596194],[-79.213994650989022,43.726118973147294],[-79.2139742466927,43.726129138493199],[-79.213947547255216,43.726144976862699],[-79.213906666115207,43.726185758161186],[-79.213857857839031,43.726241281627644],[-79.213991819176613,43.726721976857526],[-79.213969375853083,43.72676411848866],[-79.213875419759802,43.726778735370722],[-79.213814338286411,43.726794505637955],[-79.213758088187703,43.7268226736714],[-79.213701766590802,43.72686323619881],[-79.213650343757962,43.726902037727406],[-79.213606202362186,43.72694439496253],[-79.213559615222067,43.726992056779899],[-79.213503254634176,43.727048551296313],[-79.213468839254091,43.727099781068922],[-79.213433477515196,43.72715944261504],[-79.213368077721285,43.727260758551168],[-79.213223070632452,43.727295751676614],[-79.213140695650551,43.7273230887496],[-79.213112784170633,43.727340454088619],[-79.213094349843757,43.727356457019489],[-79.213089815035787,43.727380757970735],[-79.213097313519228,43.727398671246441],[-79.213117494431984,43.727412025724142],[-79.21314974953853,43.727413024801798],[-79.213190966947778,43.727395701843648],[-79.213234067388044,43.727376538341801],[-79.213270541129475,43.727367457585501],[-79.213283630185416,43.727397347513524],[-79.213251786793151,43.727434937798002],[-79.213195796450606,43.727491730127809],[-79.213144845351948,43.727548544077614],[-79.213086252401553,43.727620055839758],[-79.213014925086128,43.727704362356775],[-79.212969053884208,43.727763034233298],[-79.212910421834863,43.727840045558082],[-79.21287472641788,43.727891397946706],[-79.21283897470849,43.727951922439154],[-79.212785318781542,43.728047317715806],[-79.212761290535909,43.72809355967938],[-79.212732458263176,43.728145064286537],[-79.212700775018035,43.728193141251438],[-79.212676079839724,43.728241253775998],[-79.212630141350786,43.728347595870893],[-79.212598251253311,43.72843370249376],[-79.212569934808712,43.728509655701487],[-79.212559300759423,43.728540053125847],[-79.212541629943033,43.728580577241345],[-79.212524019846285,43.728608400767641],[-79.212488884564522,43.728648880948761],[-79.212439711328159,43.728694375494129],[-79.212415112537286,43.728719661075566],[-79.212376440734872,43.728770258709474],[-79.212320158169177,43.728846177479276],[-79.212299047546807,43.728873992159187],[-79.212253374808313,43.728924581129377],[-79.212221738730165,43.728957454992923],[-79.212172565339131,43.72900547876651],[-79.212116428267464,43.729053511983423],[-79.212056754187799,43.729106576951821],[-79.211993616206925,43.729154592470884],[-79.211958540820348,43.72917984255222],[-79.211884950012248,43.729215139932485],[-79.211818408887211,43.729245405348529],[-79.211779200651733,43.729270500934675],[-79.211749167316526,43.729261558986082],[-79.21171179466161,43.729253318617204],[-79.211665043321403,43.729249132135749],[-79.211629487022591,43.729250392620969],[-79.211580809334322,43.729257047728836],[-79.211543325989496,43.729271877181496],[-79.211507717528562,43.729284001983373],[-79.21148145519102,43.729298859736588],[-79.211449543891831,43.729319121964416],[-79.211419468368163,43.729344825561761],[-79.211396927863873,43.729367847807403],[-79.211378059702213,43.729399007433322],[-79.211372377507047,43.72941391712623],[-79.211374108492905,43.72944376957944],[-79.211373978217239,43.729470898960791],[-79.211381352334953,43.729493978734993],[-79.211398066696717,43.729518441278309],[-79.211403598458418,43.729537447842702],[-79.211412880053814,43.729551045133398],[-79.211427745588168,43.729572784632488],[-79.211403225752207,43.729607314455457],[-79.211361844579017,43.729697087254131],[-79.211314980348305,43.729765441261982],[-79.211253109833052,43.72982582725794],[-79.211203591723304,43.729870366260037],[-79.211147264670402,43.729918857576038],[-79.21111016393472,43.729949530016945],[-79.211041555702863,43.729986072610714],[-79.210944127599504,43.730037457322382],[-79.210878321602223,43.730059118869598],[-79.210805644539363,43.730084741538128],[-79.210736949435301,43.730103155251143],[-79.210615816459665,43.730143318164039],[-79.210566478241859,43.730158081274496],[-79.210537706233623,43.730162968091932],[-79.210514446518843,43.730159929778274],[-79.210492612409837,43.730146975715378],[-79.210457091773634,43.730132987842403],[-79.210428396309922,43.730121987655444],[-79.210406533566129,43.730114983316483],[-79.210388758401493,43.730114938279876],[-79.21036138808023,43.730114877928017],[-79.210340830540702,43.730117796239277],[-79.210306570117254,43.730125648496916],[-79.210270927962625,43.730139456056108],[-79.210235259058436,43.730156233942161],[-79.210189250935215,43.73019086204485],[-79.210178846755255,43.730219612596187],[-79.210175981940736,43.730247392128398],[-79.210177175040712,43.730283130035581],[-79.21018664769889,43.730305981172584],[-79.210192030888379,43.730324843396517],[-79.210190550587669,43.730348665897985],[-79.210174001095965,43.73037244118904],[-79.210141036985689,43.730397164987764],[-79.210117696232174,43.730413488032568],[-79.21009164052974,43.730421361033301],[-79.21006838598656,43.730419807844967],[-79.210039349658118,43.730412551207685],[-79.209983157178669,43.730399410868458],[-79.209938280122657,43.73039251006567],[-79.20989897371598,43.730396478866709],[-79.209853984636737,43.730415357267745],[-79.209812679397785,43.730445100486236],[-79.209791967828579,43.730472177607204],[-79.209774980068133,43.730499273180797],[-79.209761694462969,43.730538583819374],[-79.209763509158293,43.73055351246542],[-79.209765227005292,43.730583355902247],[-79.209783776026029,43.730615969447832],[-79.209813545734406,43.730651311846508],[-79.209848991525391,43.730673121796315],[-79.209886292809884,43.730696277627693],[-79.209940412300284,43.730724903868442],[-79.209998300845939,43.730746761720852],[-79.210073069642476,43.73078182215891],[-79.210142095049761,43.730870146256485],[-79.210159181955405,43.730933162182225],[-79.210088868542329,43.731109263921077],[-79.209949042796438,43.731297790956368],[-79.209792080999364,43.731435912437696],[-79.209617935088204,43.731536202891192],[-79.209478703126265,43.731598812673688],[-79.209340474839181,43.731654034830377],[-79.209314756046496,43.731661413441365],[-79.20929043212567,43.731662710764454],[-79.209253085228283,43.731646341551958],[-79.20921389606562,43.73162589908555],[-79.20917473319399,43.731600028932348],[-79.209141122106573,43.731586360555418],[-79.209114963213196,43.731579516062034],[-79.209086910294317,43.731576726295742],[-79.20906258056948,43.731576664370237],[-79.209030771563363,43.731577942585588],[-79.209000798244702,43.731584653205815],[-79.208952085425722,43.731598112029502],[-79.208923952936416,43.731614314610724],[-79.208897682358725,43.731630530928157],[-79.208875148121749,43.731646756756049],[-79.208860105581635,43.731661642476752],[-79.208846891415362,43.731686029147703],[-79.208839301152324,43.73170771177238],[-79.208831716712155,43.731730753596629],[-79.208837209197014,43.731755178916501],[-79.20884835697349,43.731775550086809],[-79.208866913199202,43.731804086236757],[-79.208891132025343,43.731824499696195],[-79.208919098939489,43.73184763206487],[-79.208939582096562,43.731865335632364],[-79.20896009092985,43.73188030288847],[-79.208983378079395,43.731903432326398],[-79.208986079833068,43.731919713423743],[-79.208955943929183,43.7319702145872],[-79.208929263818135,43.732029950800182],[-79.208905189108975,43.732074589583029],[-79.208857187808732,43.732130706990638],[-79.2087911941626,43.732208399485344],[-79.208719243478612,43.732283205369029],[-79.208621414837339,43.732362256827862],[-79.208511649725821,43.732442726959576],[-79.208439866314521,43.732482923376303],[-79.208328331499843,43.732518697728629],[-79.208214803428476,43.732555907079664],[-79.208131174575243,43.732578754703354],[-79.208100148986404,43.732577082257684],[-79.208083223317715,43.732580891556537],[-79.208065338951442,43.732575067092469],[-79.208037518213459,43.732562727361234],[-79.208001717548939,43.732552545534233],[-79.207981827612343,43.732548165130922],[-79.207954943894805,43.732547367345205],[-79.207925059895302,43.732550900477491],[-79.207891201997796,43.732557312839809],[-79.207855277039883,43.732575259480541],[-79.207829318012443,43.732591080291876],[-79.207815318192871,43.732603313176178],[-79.207794308838672,43.732624916417947],[-79.207785276206891,43.732639331292297],[-79.207776211970838,43.732660244970127],[-79.207775148656452,43.732674689219081],[-79.207772106251639,43.732687679210798],[-79.207777010302337,43.732702849812917],[-79.207786874562515,43.732721642587343],[-79.207800718107421,43.7327390053375],[-79.207810613977188,43.732751299305633],[-79.207828391539564,43.732781651876344],[-79.207851171388157,43.732806976543564],[-79.207870991176719,43.732825803757244],[-79.207899736485473,43.732849703464858],[-79.207958827870002,43.73288997292245],[-79.207972474315724,43.732912150803351],[-79.207966335293676,43.732946744830272],[-79.207940211903463,43.733001468541723],[-79.207896144626687,43.733067685961785],[-79.207846099384184,43.733135328280461],[-79.20780012986674,43.73318424044529],[-79.207744225729698,43.733228797600482],[-79.207680348821924,43.733279104123312],[-79.207594502613972,43.733346663765076],[-79.207542646026667,43.733378260410014],[-79.207486857561079,43.733404077184019],[-79.207431098832856,43.733421225827456],[-79.207375341553018,43.733435521059128],[-79.207333561431227,43.733439743677778],[-79.207297773288346,43.733439652036594],[-79.207277907981322,43.733435262573224],[-79.207254744074916,43.733414878483224],[-79.207216000697684,43.733379278417431],[-79.207175046761535,43.733351521743081],[-79.207136287549559,43.733324283747137],[-79.207094508596441,43.73331299717119],[-79.207057809168319,43.733313965264145],[-79.207029918089361,43.733316027068597],[-79.206953553214774,43.733325426613511],[-79.206909427163339,43.733342334789505],[-79.206866764758487,43.733364566425848],[-79.206844680919005,43.733377282525659],[-79.20681964671472,43.733394248632813],[-79.206803409410483,43.733419743457276],[-79.206791541515614,43.733445276491693],[-79.206787010128878,43.733470801341525],[-79.206783955903063,43.733496338981695],[-79.206789723679535,43.733517632672324],[-79.206795486234114,43.73353999749488],[-79.206811509602602,43.733563450781716],[-79.206828953110914,43.733598609300394],[-79.206842015736299,43.733628445857867],[-79.206856600296064,43.733646575724222],[-79.20686234734508,43.733672126936547],[-79.206834199716681,43.73372419883659],[-79.206811993161978,43.73376458437734],[-79.206772106875775,43.733825843403558],[-79.206601479241115,43.734034494973095],[-79.206427086739268,43.734185168731919],[-79.206200703812755,43.734310523172887],[-79.206078752848398,43.734335368061878],[-79.206020082891598,43.734328187222765],[-79.205997752927402,43.734317517345907],[-79.205967698235199,43.734302452998953],[-79.205939390208229,43.734280534205645],[-79.205911106817155,43.734256122129764],[-79.205887118956966,43.734236716778916],[-79.205862653689323,43.734223548042138],[-79.205833835067637,43.734219729368554],[-79.205806276934197,43.734222151779775],[-79.205781285461654,43.734227722218137],[-79.205759726739132,43.734237027994332],[-79.205741594388641,43.734248835926309],[-79.205724306321258,43.734263148369138],[-79.205713883214074,43.734279971823362],[-79.205704326017312,43.734297418590522],[-79.205693912429581,43.734317365491776],[-79.205690388433624,43.734337330132107],[-79.205692037339745,43.734350440158657],[-79.205695421122513,43.734364175736616],[-79.2057039535066,43.734378554656573],[-79.20571414722086,43.734406043633982],[-79.205720103850823,43.734421667090885],[-79.205723456894034,43.734439147097454],[-79.205725102928994,43.734455380540282],[-79.205719822677835,43.73447908516814],[-79.20570062261308,43.734531458855471],[-79.205685425665649,43.734554750894986],[-79.205614528688869,43.734615821639267],[-79.205472054337065,43.734706997035154],[-79.205299951485358,43.734802416451366],[-79.205238625804782,43.734838011174162],[-79.205129932744896,43.734877777258944],[-79.204995581788879,43.734914623633443],[-79.20487706527031,43.734950088542249],[-79.204708673993949,43.735004795118577],[-79.204595712367421,43.735031425884557],[-79.204414994897377,43.735098467848978],[-79.204229656436723,43.735160987957173],[-79.204025696738483,43.735223468548078],[-79.203827183666945,43.735281462276795],[-79.203618170688472,43.735343929044852],[-79.203401388739792,43.735410884882278],[-79.203201707498351,43.735468883492381],[-79.202983007770555,43.735526823332407],[-79.202778320400014,43.735580298580828],[-79.202570427661044,43.73565176756307],[-79.202376455613717,43.735732264634393],[-79.202208694201985,43.735844342939565],[-79.202041217835173,43.735978924790217],[-79.201865731027155,43.736086490838993],[-79.201689339865865,43.736221057915955],[-79.201523820285075,43.73635113449491],[-79.201344798403909,43.736467682723422],[-79.201188123485451,43.736611310752949],[-79.201012563779159,43.736727858505219],[-79.200822339662125,43.736839893996581],[-79.200659125546167,43.736969975342831],[-79.20047536508433,43.737100011613897],[-79.200298377680269,43.737198579084058],[-79.200119293608338,43.737324117428471],[-79.199983691328441,43.737440795415132],[-79.199890743948984,43.737485557497045],[-79.199457137730363,43.737776966759704],[-79.199360088700615,43.737862214099017],[-79.199203600350273,43.737974335601848],[-79.199055285815305,43.738072949580491],[-79.198990598939147,43.738131287155234],[-79.198858221461151,43.738225469239865],[-79.198707946509415,43.738328578206371],[-79.198567753800759,43.738436232173378],[-79.19840149679176,43.73855731001732],[-79.198229041966314,43.738673879646761],[-79.198052698707187,43.738795776462311],[-79.197888343267493,43.738916030463251],[-79.197705830639478,43.73903255470816],[-79.197544270967072,43.739144660502113],[-79.197431846618883,43.739279372178558],[-79.197315945504869,43.739414101537783],[-79.197198084622627,43.73955329918801],[-79.19709298759949,43.739697058150433],[-79.197003795724427,43.739845332779971],[-79.196895968581444,43.739993584923276],[-79.196766845289574,43.740132752247419],[-79.196650330366651,43.74023597503524],[-79.196573187288664,43.740375280077849],[-79.196502228459565,43.740519129096185],[-79.196403757812632,43.740662877990836],[-79.196367117360595,43.740697930398156],[-79.196262410608412,43.740800536060028],[-79.196127233846497,43.740930685342157],[-79.196035716312764,43.741032290716333],[-79.195950181690364,43.741126719962352],[-79.195886543262702,43.741192520541269],[-79.1958428073943,43.741231145381754],[-79.195803151195804,43.741251121550867],[-79.195751635496293,43.74126676355916],[-79.195712039495859,43.741272391925158],[-79.195680393418826,43.741272298671134],[-79.195623335235283,43.741259563046235],[-79.195589077963007,43.741245555941049],[-79.195558874133553,43.741227905130124],[-79.195534650981443,43.741225644312351],[-79.195497178883272,43.74124824554584],[-79.195406133185941,43.741280965393521],[-79.195362628441913,43.741298419815486],[-79.195340364575728,43.741306407557516],[-79.195318087100077,43.741319525949599],[-79.195300078182385,43.741330648446379],[-79.195217769067696,43.741393437477612],[-79.195134565050964,43.741488196365061],[-79.19506517947876,43.741577978382232],[-79.195030334442649,43.741652847502166],[-79.194960986790747,43.741732647211549],[-79.194676983448531,43.741996812553396],[-79.194358270913142,43.742310850085232],[-79.194074325565722,43.742565004711381],[-79.193846088126762,43.742704353404449],[-79.193714582796161,43.742808982191811],[-79.193583204589302,43.74288859680636],[-79.193490023807158,43.742947313886688],[-79.193344298406672,43.743057394846467],[-79.193215509176753,43.743181724984495],[-79.193178802240439,43.743219404527842],[-79.193121110830333,43.743274472062446],[-79.193027514026269,43.743348795739905],[-79.192909632815415,43.743391351840785],[-79.192783987017066,43.743497930546653],[-79.192610706352824,43.743596279928163],[-79.192489358699646,43.743726480033366],[-79.19233588599603,43.743843073724527],[-79.192185938652941,43.74395969470357],[-79.192035219148877,43.744071821800468],[-79.191891464434008,43.74418394046743],[-79.19175189961318,43.744321453654294],[-79.19161717516144,43.744391479678022],[-79.191459056312908,43.744495827002027],[-79.191342078923483,43.744610717611472],[-79.191214250620803,43.744744715349064],[-79.191061554899164,43.744861336409691],[-79.190917498583786,43.744971022694457],[-79.19078687509618,43.745068809537528],[-79.190683968436844,43.74517535740388],[-79.190580120897749,43.745283711870677],[-79.19045291718335,43.745413956928509],[-79.190318473580305,43.74549135415446],[-79.190141556658105,43.745563406385493],[-79.190021787436535,43.745648179022787],[-79.189912177605819,43.745727506363416],[-79.189845194754213,43.745782321981018],[-79.189780079745617,43.745872130309685],[-79.189690817483694,43.745915777878011],[-79.189643866011409,43.745933697814031],[-79.189544149384275,43.745965273268709],[-79.189492802491245,43.745983190204818],[-79.189470761796457,43.746002761952276],[-79.189468451684704,43.746024511586363],[-79.189510065477776,43.746044796335617],[-79.189533357498874,43.746071395155219],[-79.18954205892193,43.74608627077702],[-79.18953601345757,43.746124464466881],[-79.189527058257084,43.746156286401252],[-79.189519648350142,43.746174997778411],[-79.189345107376099,43.746274427881701],[-79.18926562851081,43.746337229262465],[-79.189161270665011,43.746408946131574],[-79.189072514717651,43.746539240172673],[-79.188972781608072,43.746616910241741],[-79.188865462699553,43.74670639615529],[-79.188771707241116,43.746775738203219],[-79.188688331556534,43.746845108445022],[-79.188628464091167,43.746882552394432],[-79.188514116433765,43.746952891270269],[-79.188359589390714,43.747020726166546],[-79.188254912598637,43.747096041810259],[-79.188164812681279,43.747154582881748],[-79.188054467868369,43.747204679509984],[-79.187912209393247,43.747267308581606],[-79.187816375847092,43.74731325004047],[-79.187691290669093,43.747368382732937],[-79.187655825015099,43.747304683327982],[-79.18767962877223,43.747268617549544],[-79.187713919312756,43.747228763908709],[-79.187782421356175,43.747173791683188],[-79.187835152326784,43.747126373358732],[-79.187887806674937,43.747096075087178],[-79.188069303188541,43.747009078865673],[-79.188100845052503,43.746993952909939],[-79.188155931322044,43.746999809979627],[-79.188182199119112,43.746996074135438],[-79.188208530897398,43.746975227173735],[-79.188227022961755,43.746950542311751],[-79.188224570940889,43.746918203303579],[-79.188201120555263,43.7468838897586],[-79.188164519004289,43.746857173349397],[-79.1881278707381,43.74684185232357],[-79.18809642260878,43.746834160494082],[-79.188057075501789,43.746834053114569],[-79.188036072259735,43.746837803299265],[-79.187993994115374,43.746856707985323],[-79.187822999625155,43.746941824518856],[-79.187659827015793,43.747036494443499],[-79.187488675653412,43.74715396036612],[-79.187322800427225,43.747261926192991],[-79.187175379950133,43.747354748258815],[-79.187085900943629,43.747405846182261],[-79.186930706978927,43.747479609106662],[-79.186703462297814,43.747564686884196],[-79.186482427023336,43.747608987796085],[-79.186350203378254,43.747646916143182],[-79.186231103281102,43.747699228279195],[-79.186135109973137,43.747751603744703],[-79.186058895616185,43.747808840098827],[-79.185979303420226,43.747880397033384],[-79.185909569363744,43.747959172961615],[-79.185839747452889,43.748057085157477],[-79.185803066106132,43.748128768904309],[-79.185773127967423,43.748171775349732],[-79.18574659273348,43.748198021906539],[-79.185726713247391,43.748212324162459],[-79.18568308911226,43.748236858493357],[-79.185584786077726,43.748298507377207],[-79.185413621730603,43.748379056206943],[-79.185236698373728,43.748470912429255],[-79.185049110077827,43.748564827267408],[-79.18485711686364,43.748669882137285],[-79.184673448358112,43.748766678545572],[-79.184478341996552,43.748863731121396],[-79.184278129082571,43.748954189380122],[-79.184082619690457,43.749052086276372],[-79.183870905084206,43.749154798663895],[-79.183672242243162,43.749242928832935],[-79.183474267091427,43.749332401738179],[-79.18327813163647,43.749428450271679],[-79.183111106485626,43.74951403877526],[-79.182913944590297,43.749625538891877],[-79.182712916248008,43.749742500661291],[-79.18251937121893,43.749850706693096],[-79.182383014458779,43.749926811035124],[-79.182206695154051,43.750027143346443],[-79.182025068978618,43.750118882479221],[-79.181901689169791,43.750189864658154],[-79.181773366458387,43.750267988892723],[-79.181672158045643,43.750342263978922],[-79.181514576583268,43.750442080324071],[-79.181412684029709,43.75050241941927],[-79.181303721305596,43.750570641759971],[-79.181190842722287,43.750637313868907],[-79.181007800722156,43.750754178765376],[-79.180840812461426,43.75086189797382],[-79.180773369994512,43.750904762351347],[-79.180720189409371,43.750915955315449],[-79.180672082027087,43.750907152769827],[-79.180639090142492,43.750904666273094],[-79.180609324810533,43.750916554691983],[-79.180599314206646,43.75093566326079],[-79.180602477236349,43.750961982595555],[-79.180618839553759,43.750988356816002],[-79.180638593955905,43.750997980285227],[-79.180671547749441,43.751007640628771],[-79.18071441035903,43.751017337644321],[-79.180734785114154,43.751022390222332],[-79.180714127461371,43.751098581647327],[-79.180686489373031,43.751151764512841],[-79.180650286158084,43.751202070061311],[-79.180615674229344,43.751245008065325],[-79.180585843255443,43.751271541238957],[-79.180531735387689,43.751309924134532],[-79.180487848102246,43.751336417993116],[-79.180444757750109,43.751357819386264],[-79.180406397273444,43.751372429085016],[-79.180365707941945,43.75138364780878],[-79.180304698088406,43.751395934831763],[-79.180255449235915,43.751400891746201],[-79.180216381695004,43.751401358525364],[-79.180186716259414,43.751396756922901],[-79.180157065975862,43.751389310977437],[-79.180134464966713,43.751377915225028],[-79.180108783402218,43.751359723945214],[-79.180151070596764,43.751342262954765],[-79.180167788707337,43.751332120384276],[-79.180167627456356,43.751313433451486],[-79.180152835386039,43.751302338590719],[-79.180127856214696,43.751299154273241],[-79.180086390640966,43.751309236574706],[-79.180029912876748,43.751326234760178],[-79.1797512312762,43.751509987767051],[-79.179751116469532,43.751531518303885],[-79.179754304642955,43.751553058095205],[-79.179764111499964,43.751572231113961],[-79.179777259944146,43.751581845223654],[-79.179803782633243,43.751586672159185],[-79.179808435305347,43.751606028761131],[-79.179780434259143,43.751650236194507],[-79.179754712075834,43.751681578297251],[-79.179690020847048,43.751732127756554],[-79.17962759522149,43.751774618458846],[-79.179566321852832,43.751808264182827],[-79.179479527907418,43.751835420458278],[-79.179390562480563,43.751855288610265],[-79.179329422167442,43.751863974267714],[-79.179263857936178,43.751868623944389],[-79.179222730862776,43.751873351170573],[-79.179202948952465,43.751878165296773],[-79.179184049171582,43.751887536499943],[-79.179206619004461,43.751941967062074],[-79.179232278991563,43.752017667112419],[-79.179149313014619,43.752083620024486],[-79.179081671520734,43.752130713396447],[-79.17900535871037,43.752176189164231],[-79.178939982665582,43.752205961515564],[-79.178831053429732,43.752250562438505],[-79.178752643314681,43.752279487949011],[-79.178717777952613,43.752295151040308],[-79.17869376506178,43.752313220944473],[-79.17867844441777,43.752331297277841],[-79.178671815683629,43.752351765359244],[-79.178670554147246,43.752385633304335],[-79.178637924985779,43.752389484090479],[-79.17859770505801,43.752389370999602],[-79.178557514409604,43.752386107559147],[-79.178503205704686,43.75237806976611],[-79.17847063980966,43.752370102115222],[-79.178449017912001,43.752363686445918],[-79.178412803893565,43.752352909144001],[-79.17836849789245,43.752336699342713],[-79.178317596515427,43.752309210468759],[-79.178287719604697,43.75229303224372],[-79.178262159811382,43.752296182725068],[-79.178246551923579,43.752312223922218],[-79.178266359092078,43.752344458946347],[-79.178286243911245,43.752362202263662],[-79.178301696694717,43.752375117464666],[-79.178221330122923,43.75245855733256],[-79.178069964292675,43.752543408401401],[-79.177952002351446,43.752602618981882],[-79.177878600421778,43.752632971189264],[-79.177745202611362,43.75267605291954],[-79.177620748562546,43.752704649797082],[-79.17752747022179,43.752715656157754],[-79.177445311391438,43.752718655757462],[-79.177427563081764,43.752716994455518],[-79.177347829628872,43.752684590136539],[-79.177330107253511,43.752678104253178],[-79.177305698358154,43.752679637554678],[-79.177290099269598,43.752691664112774],[-79.177298852383629,43.752715019918661],[-79.177338687000784,43.752736042150339],[-79.177356314324101,43.752760224109423],[-79.177304946141405,43.752819630985634],[-79.17696443942711,43.752990816936766],[-79.176766321398716,43.753098064110674],[-79.176418810105034,43.753328771503526],[-79.176276253596896,43.753423312402127],[-79.176151601493274,43.753490522227516],[-79.176060332356357,43.753538545982138],[-79.175957844060392,43.753610643047793],[-79.175893188080508,43.753665186968533],[-79.1758366603121,43.753725325642783],[-79.175819072151683,43.753735357093113],[-79.175635400538937,43.753824856911159],[-79.175447927537149,43.753905344447233],[-79.17525692790106,43.753990322250111],[-79.175072906492517,43.754075319570532],[-79.174886250588685,43.754146807313546],[-79.174682904767167,43.754218247248318],[-79.174502481191709,43.754285260507075],[-79.174299891933217,43.754356701912975],[-79.174121307151637,43.754441695184845],[-79.173928837441281,43.754513164782836],[-79.173728221123341,43.754584619801854],[-79.17353219981986,43.754665061778894],[-79.173318766980515,43.754731969872239],[-79.173132192819281,43.754789962191758],[-79.172936378188808,43.754829907383083],[-79.172746747721931,43.754874370539895],[-79.172542987363613,43.754950315065948],[-79.172340729668889,43.75503525572335],[-79.172136968137522,43.755106671921638],[-79.171921583063309,43.755182572988758],[-79.171734919940064,43.755254064549938],[-79.171528523583063,43.755311988312336],[-79.171332496975381,43.755392426489792],[-79.171159990427086,43.755495452974664],[-79.170944987641533,43.755571362296592],[-79.170764704222719,43.755627163561051],[-79.170743233998536,43.755633789596146],[-79.17052277876185,43.755709664412194],[-79.170318603203782,43.755790086354743],[-79.170124957323992,43.755861555136356],[-79.169914621043219,43.755928456792439],[-79.169715721026733,43.755972879138469],[-79.169521316270803,43.756039844108038],[-79.169321136687444,43.75609776384767],[-79.169108948274982,43.756151156878346],[-79.168884651734686,43.756218034221227],[-79.168676014158507,43.756266927138753],[-79.168460285273412,43.756329327889439],[-79.168265083331349,43.756400761994826],[-79.168091488374102,43.756490278888826],[-79.167910168752442,43.756579773073774],[-79.167742446753635,43.756664787902743],[-79.167558493680332,43.756736280499894],[-79.167385443764033,43.756798776340062],[-79.167280471168993,43.75683447555523],[-79.166342884470595,43.756971287758738],[-79.166168492913314,43.756997773093396],[-79.165987419497668,43.757037749415211],[-79.165812555014526,43.757077743604071],[-79.165632623388049,43.757122223294346],[-79.165463172594059,43.757166733378028],[-79.165278696324393,43.757193196837392],[-79.165103508836509,43.757219687216008],[-79.164922036285873,43.757264179273584],[-79.164748300275875,43.75730866673198],[-79.164570342007721,43.757348649943289],[-79.164390433713649,43.757388645153675],[-79.164210550500258,43.757424112558098],[-79.164034938962345,43.757459601236661],[-79.163864084803222,43.757477119268678],[-79.163691268585637,43.757494604268459],[-79.163513472810948,43.757507582755935],[-79.163349162091194,43.757534120466495],[-79.163182813122617,43.75757862730029],[-79.163036284128722,43.757618700734575],[-79.162864520527506,43.757658717552218],[-79.162721096238329,43.757694290146077],[-79.162563227225206,43.757747831285656],[-79.162407395861422,43.757787894450871],[-79.162239878109816,43.757832405458885],[-79.16208122550178,43.757890435206519],[-79.161915568492617,43.757948453015821],[-79.161751514186008,43.757997474143345],[-79.161582531565571,43.758028478074799],[-79.16141162433766,43.758054993465166],[-79.161254277561056,43.758086031380053],[-79.161088683058892,43.758130537396852],[-79.160937481954846,43.758170594281893],[-79.160761904173057,43.758201577433923],[-79.160606570295258,43.758219118655006],[-79.160444899734969,43.758259152800093],[-79.160331321140291,43.75831119320739],[-79.160068364719919,43.75844513215506],[-79.159792091069647,43.758513853288513],[-79.15949200919934,43.758556408396963],[-79.159227780001089,43.758616495907361],[-79.158975460512053,43.758693981623473],[-79.158627391199047,43.758736427274812],[-79.158255303763696,43.758778782051706],[-79.157931077876142,43.758847364295704],[-79.157678929160809,43.758890076088818],[-79.15747493950208,43.758906873236434],[-79.157270974628389,43.758914956949646],[-79.157187011761323,43.75891469614573],[-79.157102713722267,43.758975300269988],[-79.156874569200895,43.75901810030166],[-79.156442533626745,43.759051574047319],[-79.156118602967013,43.75906799018243],[-79.155722481291733,43.759118959537737],[-79.155314612055193,43.759126407382411],[-79.154822929275284,43.75910755126209],[-79.154463196089765,43.759089074007356],[-79.154127305931169,43.759096744199041],[-79.153827543144914,43.759078446405319],[-79.153659516602971,43.759095327657],[-79.153443566423434,43.759103386223046],[-79.153227666509906,43.759102731389355],[-79.152963278167093,43.759188853346373],[-79.152770817887074,43.759283915374361],[-79.15252990555895,43.75945706805723],[-79.152320669692116,43.759592169582781],[-79.152229945978419,43.759661202666649],[-79.152125494630525,43.759737412843656],[-79.152006303195989,43.759809050452326],[-79.151878205708755,43.759885188403921],[-79.151753572828468,43.75996132776595],[-79.151628091423007,43.760050948172996],[-79.151515707688816,43.760154128148663],[-79.151418447254699,43.760266364317495],[-79.151318070636137,43.760374081303624],[-79.151225403366979,43.760490804902254],[-79.151130411955705,43.760612039921298],[-79.151020295040382,43.76072872808728],[-79.150915232219262,43.760845440582287],[-79.150815160141548,43.760966668815009],[-79.150719039690017,43.76107889885354],[-79.150639995244163,43.761191181005337],[-79.150567304334601,43.761319243588211],[-79.150322750272707,43.761554353529903],[-79.150117395054792,43.761797170933505],[-79.149936335476752,43.761996595687613],[-79.149815717800124,43.762109253978515],[-79.149658803952789,43.762273953708387],[-79.149489738585984,43.762473414501841],[-79.149416892443355,43.762620990397316],[-79.14933223832638,43.762742444606921],[-79.149143835518316,43.762954222157752],[-79.149133144581086,43.762964423675719],[-79.148997544500162,43.763126055490467],[-79.148862780411648,43.763274160941549],[-79.148742386614302,43.763417818807774],[-79.14862287854254,43.763547977504231],[-79.148480866992202,43.763673566277198],[-79.148328240790448,43.763821625147223],[-79.148186108520761,43.763969716111433],[-79.148034701068582,43.764108777158931],[-79.147891028788791,43.764252380421503],[-79.147754402728822,43.764382476451921],[-79.147709093190855,43.764420771813995],[-79.147647985732704,43.764520352451207],[-79.147603183322701,43.764588596236678],[-79.147547466304516,43.764624636154444],[-79.14749173806598,43.764664690533316],[-79.14743599728034,43.764704753847219],[-79.147385560676597,43.764789074262154],[-79.147307081822063,43.764921572411339],[-79.147223192707244,43.765029921661423],[-79.147122742532673,43.76512215262548],[-79.146999930812498,43.765238437579335],[-79.146921900042983,43.765294507886487],[-79.146815957022,43.765378665559048],[-79.146732185983211,43.765470911708412],[-79.146603964288332,43.765567061889413],[-79.146497996752416,43.765655224708425],[-79.14640869550081,43.765739424466695],[-79.146347437271018,43.76577545564998],[-79.146280638619103,43.765807419126801],[-79.146219320451237,43.765851488101205],[-79.146158120829384,43.765875430790977],[-79.146058106988548,43.765895247735628],[-79.145844009725622,43.765955441446799],[-79.145789511579352,43.765967649174705],[-79.145731049531264,43.765978053357131],[-79.14567618280357,43.76599377934626],[-79.145638398278521,43.766002483352032],[-79.145587146736844,43.766024368306503],[-79.145562675053853,43.766048100517033],[-79.145540625179891,43.766071858235264],[-79.145506387881483,43.766098224493746],[-79.145467276735459,43.766125439736065],[-79.145434230554997,43.766156211239831],[-79.145410973938382,43.766178182957255],[-79.145410864514815,43.766196707026637],[-79.145112220638609,43.766372266067066],[-79.144753544464166,43.766585982730405],[-79.144636449475712,43.766650076096809],[-79.144566708008057,43.766694162993382],[-79.144474639019748,43.766756326754972],[-79.144198311677812,43.766960837556368],[-79.144139957726949,43.767013555755511],[-79.144021783542229,43.767190258751384],[-79.14390062919567,43.767303899148224],[-79.14376270103557,43.767424733074854],[-79.143618425132814,43.767484933172149],[-79.143551129226807,43.767547776501075],[-79.14347354400833,43.767646979416718],[-79.143288547603632,43.767804075654595],[-79.143170874097535,43.767895871293355],[-79.142999337687783,43.768040875503644],[-79.142808998497486,43.768143596216319],[-79.142705057822297,43.76828810011515],[-79.142573704819696,43.768403219395793],[-79.142443276832836,43.768533949439842],[-79.142342932631678,43.768664539445638],[-79.142133856610357,43.768801080777557],[-79.142000730222591,43.768904942378519],[-79.141824150208478,43.768990818343447],[-79.141668522257802,43.769056174058122],[-79.141547168985326,43.769087351618154],[-79.141414495776147,43.769113002823573],[-79.141289485114001,43.76912221479185],[-79.141172087921788,43.76912321445959],[-79.140998116114957,43.769088373699539],[-79.140848873216427,43.769033033718799],[-79.140737690198748,43.768942141562562],[-79.140969791117172,43.768754899540504],[-79.140975619308875,43.768731595826523],[-79.140975767044878,43.768706897090247],[-79.140964508748311,43.768689030414315],[-79.140945628848428,43.768680735037627],[-79.14092669544786,43.768679307379699],[-79.140894505199313,43.768680574421758],[-79.140869842305932,43.768690101174329],[-79.140293717855201,43.769159122439618],[-79.140288946986004,43.769177973867677],[-79.140296277981861,43.769196197296559],[-79.140310137720121,43.769211065834327],[-79.140327751975732,43.769221229574804],[-79.140354669095444,43.76922940632484],[-79.140375154506899,43.769224745171826],[-79.140394753023102,43.769214698527712],[-79.140548848687558,43.769100616421241],[-79.14057486685725,43.769105414855282],[-79.140599667249759,43.769160084912855],[-79.140600405105545,43.769192437422113],[-79.140563281461482,43.769179512021729],[-79.140523278644466,43.769182761649446],[-79.140475585242797,43.7692257362188],[-79.140462584357294,43.769303870444119],[-79.140175432904044,43.769815808158377],[-79.140049363761662,43.769980528553567],[-79.139721702863199,43.770187738100546],[-79.139431583400537,43.770331831965137],[-79.139288521657093,43.770386530682032],[-79.139184180385257,43.770415851166511],[-79.139071589373017,43.770428961412065],[-79.138968220295894,43.770453568159546],[-79.138897296996291,43.77049446141973],[-79.138789363109609,43.770503553579509],[-79.138697727800476,43.770429805446867],[-79.138672823121766,43.770392659924866],[-79.138925164105459,43.770158968075798],[-79.138936114076671,43.770133052312424],[-79.138936272351671,43.770106742410029],[-79.138921895995111,43.77009105297001],[-79.138899162013317,43.770077119353822],[-79.138879556476397,43.77007172872122],[-79.13886094209569,43.770068825538353],[-79.138837102845031,43.770075501083184],[-79.138812268659692,43.770088573306523],[-79.138791585191129,43.770101307596804],[-79.138211086066846,43.770652314011613],[-79.138200690810663,43.770666502943477],[-79.138200821327231,43.770686062884053],[-79.13820978543545,43.77070529074053],[-79.138227868463417,43.770716005356839],[-79.138247440245991,43.770724960454373],[-79.13826751577146,43.77073071272882],[-79.138287620918092,43.770733611724815],[-79.138309245244372,43.770727640378091],[-79.138329967541949,43.770708515473707],[-79.138425686554513,43.77061779856384],[-79.138539885137618,43.770676091265486],[-79.138584183666381,43.770735251979382],[-79.138598417601131,43.770811734864388],[-79.138582804415208,43.770883847816393],[-79.138569639831616,43.770939190341302],[-79.13851341734815,43.771040770679178],[-79.138433700597858,43.771161755181652],[-79.138316836183009,43.771300408374437],[-79.138195043259927,43.771403473250821],[-79.138106873332831,43.771461494634529],[-79.137998338271885,43.771520522587352],[-79.137793759091792,43.771600218811905],[-79.13763768089477,43.77160662797192],[-79.137535723881058,43.771594441146213],[-79.137442617931796,43.771574946360069],[-79.13733942915691,43.771521998191723],[-79.13745965351778,43.771395112179846],[-79.137468611777763,43.771374158886601],[-79.137476061316505,43.771360320726288],[-79.137466851042603,43.771340740988336],[-79.137453683059221,43.771328601657778],[-79.137439512680999,43.771317899331819],[-79.137416484665835,43.771313550728536],[-79.137391922620495,43.771318450448376],[-79.137353495941099,43.771344278879752],[-79.136938547344911,43.771772784994425],[-79.136931052060575,43.771796209210123],[-79.136935876762792,43.771809735279383],[-79.136949543778186,43.771821516207282],[-79.13696909639954,43.771833666873434],[-79.136985733150354,43.771841181678134],[-79.137019574879119,43.771842360297754],[-79.137045652261932,43.771829301417391],[-79.137134471081467,43.771746394705573],[-79.137193589826623,43.771786754566463],[-79.137236419237439,43.771840222393742],[-79.1372493870428,43.771887546651996],[-79.137240573624126,43.77196465862977],[-79.137206179020225,43.772056982380612],[-79.137090637407042,43.77225960074265],[-79.136953839793321,43.772452223184423],[-79.136785584929655,43.772649687128649],[-79.13656752501528,43.772808989562051],[-79.136431246114384,43.772870394105674],[-79.136314342142285,43.772889221646786],[-79.136198504538797,43.772898106181302],[-79.136099521607008,43.772878591598158],[-79.135988879489375,43.772839849324491],[-79.136071844207521,43.77274980489193],[-79.136080831102291,43.772724243210014],[-79.136072128746804,43.772702882752014],[-79.136043756736299,43.772690703850159],[-79.13601241116173,43.772681359837961],[-79.135977049817171,43.772686935951242],[-79.135960290056829,43.772699682219766],[-79.135589951977252,43.773091672692296],[-79.135574086969726,43.77311864358748],[-79.135583805058545,43.77313431858785],[-79.135608238465565,43.773150751595367],[-79.135638595337895,43.773157248199524],[-79.135670995797,43.773154507119514],[-79.135704502211183,43.773133281174616],[-79.135758827962505,43.773075162811047],[-79.135818576052273,43.773091708312379],[-79.135891695257939,43.773170872438222],[-79.135909985915433,43.773231364487515],[-79.135865941211165,43.773374126569621],[-79.135786246845868,43.773498214644647],[-79.135604941029897,43.773773594253882],[-79.135406493498351,43.773977017633442],[-79.135247872847259,43.774083886336939],[-79.135145560088134,43.774125514169029],[-79.13506986798339,43.774148711529051],[-79.135004067310803,43.774157034510807],[-79.134931405439573,43.774166046630718],[-79.134862699692306,43.774167960428869],[-79.134819586231643,43.774157165314136],[-79.134806103383056,43.774113061568094],[-79.134798871313848,43.774084882838878],[-79.134782899658106,43.774047630019204],[-79.134764096288507,43.774010296138819],[-79.134723870275494,43.773963919637083],[-79.134690923817928,43.773931797218793],[-79.134627297326702,43.77390133194293],[-79.134578291467065,43.773885171212008],[-79.134514538803131,43.773873400874749],[-79.13443351848754,43.773874041876482],[-79.134374569477117,43.773879191000013],[-79.134327878612282,43.773888807882365],[-79.134287322422423,43.77389668014839],[-79.134224571883536,43.773922267661028],[-79.134185174909518,43.773941710088366],[-79.13414057633679,43.773974880619427],[-79.134094913098849,43.774011522171278],[-79.134062521161326,43.774063706189999],[-79.134043601374131,43.774098498094268],[-79.134011293309598,43.77414098811964],[-79.134003092276984,43.774171943841999],[-79.133992126115572,43.774218372699323],[-79.133997184023784,43.774264870872706],[-79.134041843174586,43.774390886058264],[-79.134070844337955,43.774456813376403],[-79.134061098934026,43.7746330608297],[-79.134040107310881,43.7746755330841],[-79.13401409271944,43.774708538035682],[-79.134028178319184,43.774720950728337],[-79.134087049606507,43.774767396164783],[-79.134068568793566,43.774785168287416],[-79.13401853145271,43.77476898601401],[-79.133988695157939,43.774760537397299],[-79.133968180844903,43.774753252773195],[-79.133950301882706,43.774774177208975],[-79.133908340256866,43.774808697262031],[-79.133854557685538,43.774862747944844],[-79.133795411778465,43.774926457660293],[-79.133771114614561,43.774967047031282],[-79.133754746938394,43.775021208546484],[-79.133743838816272,43.775056035068928],[-79.133730071512417,43.775123760653486],[-79.133735046607697,43.775183805305197],[-79.133761281860046,43.775263288570699],[-79.133769093868239,43.775298157076591],[-79.133771622667794,43.775321424165718],[-79.133811496031953,43.775356404398877],[-79.133883395383336,43.775397301958058],[-79.133928633976751,43.775428428839469],[-79.133985672307446,43.775445551688691],[-79.134054774916834,43.775484729963622],[-79.134055998402104,43.775526508242777],[-79.133981381733236,43.775639827884447],[-79.133874210930173,43.775758389882043],[-79.133790164369557,43.775845350808424],[-79.133238903988087,43.776337656531958],[-79.133187966135836,43.776389357712247],[-79.133148412961773,43.776417773422295],[-79.133017084870175,43.776508677522948],[-79.132977547026641,43.776532529637528],[-79.132952256567648,43.776546436213714],[-79.132923891215484,43.776547191224338],[-79.132875172287243,43.776526494110207],[-79.132788743158571,43.776490823918969],[-79.132746255723461,43.776476987647499],[-79.132721022861418,43.776481479150917],[-79.132709922041542,43.776492847939785],[-79.132712993457574,43.776506557565909],[-79.132718428587197,43.776519707715067],[-79.132808754067895,43.776566236867303],[-79.132805443554403,43.776593625742976],[-79.132797428106045,43.776616426916391],[-79.132770339617778,43.776664298028443],[-79.132746446828889,43.776707597815289],[-79.132711501949231,43.776754291520042],[-79.132684560111997,43.776778184009672],[-79.132655848846355,43.776837454338938],[-79.132644003943355,43.776854689480984],[-79.132589854547604,43.776923527263776],[-79.132517379755669,43.776998750925877],[-79.132420377146786,43.777101196155513],[-79.132344516248011,43.777187651254955],[-79.132278657452574,43.777267693658317],[-79.13217702235589,43.777402230881975],[-79.132132219046639,43.777480351703083],[-79.132111123642346,43.777488708880945],[-79.132074711795227,43.77746451358977],[-79.132060331238577,43.777449516382035],[-79.132047947408893,43.777439116188305],[-79.132023431527173,43.777460315983447],[-79.132009899669015,43.777475061308515],[-79.131995882276954,43.777489976090457],[-79.131995264589563,43.777507643363137],[-79.132009961611189,43.777519653215343],[-79.132039425106242,43.7775303244292],[-79.13201984723122,43.777556589767045],[-79.132006332244202,43.777570606052436],[-79.131982796848021,43.77759396927172],[-79.131953154063481,43.777598347392093],[-79.131814341922194,43.777740046492788],[-79.131649756678073,43.777884983785761],[-79.131506923606608,43.778007587105947],[-79.131354957433516,43.778112266498532],[-79.131153300778948,43.778257083488597],[-79.131052300483447,43.778326084358028],[-79.13089453316185,43.778478909561748],[-79.130733640417446,43.778644893128295],[-79.130592544194144,43.7788399241525],[-79.13043160250956,43.779009525586794],[-79.130360992927493,43.779117896116048],[-79.130300504856137,43.779204588567715],[-79.130225057011017,43.779287596122757],[-79.130159673768418,43.779356162347646],[-79.130049299572946,43.779431828837858],[-79.129973813769212,43.779514845101865],[-79.129898196418949,43.779623181119938],[-79.1298326138768,43.779727958128511],[-79.12974217010678,43.77981092578856],[-79.129596699699832,43.779904561440112],[-79.129496376435711,43.779965786115497],[-79.129426109353076,43.780016234771381],[-79.129375843266786,43.780066748243996],[-79.129309814194713,43.780128957068172],[-79.129307951286975,43.780185163193941],[-79.129311412510148,43.780234212672518],[-79.12930935989074,43.780262811662318],[-79.129301663101188,43.780290042173533],[-79.129280831169481,43.780315852904096],[-79.129254312999421,43.780347099880977],[-79.129237232864,43.780372913772325],[-79.129201373331384,43.780395948390002],[-79.129188095399584,43.780413610568544],[-79.129172945534677,43.780432634846306],[-79.129152101074709,43.780458445512068],[-79.129118083633855,43.78048694077556],[-79.129082245174359,43.780504538730831],[-79.12900681243795,43.780538354241827],[-79.128929524177465,43.780574882024936],[-79.128860666920176,43.780612121220869],[-79.128804021504976,43.780651416293942],[-79.12878320203825,43.780673149452973],[-79.128771795370298,43.780693545007516],[-79.128764110814984,43.780720757517827],[-79.128739556382243,43.780739751189437],[-79.128707490355779,43.780755993106126],[-79.128643429617838,43.78077895393082],[-79.128586927105701,43.780795116412321],[-79.128530458734332,43.780801746762428],[-79.128477728874373,43.780816553277276],[-79.128436312931868,43.780825959857211],[-79.128415628345678,43.780825883608692],[-79.12838552639154,43.780829881259692],[-79.128361153509886,43.780817533447205],[-79.128327456109773,43.78079427292063],[-79.128293758791571,43.780771003383173],[-79.128265642513469,43.780757293203678],[-79.128246879963058,43.780751786483357],[-79.128216322909864,43.780753046260941],[-79.128199790208868,43.780766611215249],[-79.128209064063768,43.780785696811009],[-79.128229647404837,43.780802109848871],[-79.128244632841032,43.780811690806935],[-79.128272753322321,43.780824725919132],[-79.12827642493734,43.780837681509631],[-79.128270624465358,43.780863540940636],[-79.128213944514741,43.78090830830412],[-79.12817413427355,43.780961303563409],[-79.128132422667264,43.781018388143544],[-79.12809436601988,43.781089094334291],[-79.12804870882654,43.78117338550949],[-79.128016393013013,43.78123185079415],[-79.127986591505717,43.781259486326988],[-79.127901741746101,43.781375171877642],[-79.127690514744302,43.78163165572623],[-79.127321851727842,43.781990355987517],[-79.127275887942432,43.78201572434719],[-79.127249309139515,43.782042443075525],[-79.127238562288198,43.782070491596805],[-79.127174783635553,43.782127710868814],[-79.127028062811704,43.78220510106658],[-79.126941586159361,43.782232263321887],[-79.126890476947167,43.782235921972244],[-79.126807785585825,43.782217766720152],[-79.126749743303236,43.782203553399775],[-79.126689881408808,43.782198254240676],[-79.126675705906862,43.782212231721616],[-79.126686175075065,43.782228855026844],[-79.126759910830216,43.782268664877911],[-79.12684235177268,43.782325092212375],[-79.126880402202715,43.782437532715591],[-79.126869548513284,43.782484717283552],[-79.126858984244734,43.782507338673163],[-79.126823063536563,43.782605765916628],[-79.126771846539427,43.782728545297459],[-79.126688596873962,43.782837943342336],[-79.126559064973364,43.783013672553466],[-79.126383519348764,43.783212483153733],[-79.126235652477547,43.783381500204008],[-79.126106341867853,43.783527300810107],[-79.125889454836212,43.783742618492688],[-79.125778778770751,43.783838622388998],[-79.12571364736327,43.783887114291289],[-79.125675213842698,43.783913928838643],[-79.125577152400396,43.783943473416855],[-79.125504613253128,43.783962543202442],[-79.125451942774191,43.783975233238323],[-79.125428329866949,43.78398034951217],[-79.125360614005942,43.783992999197402],[-79.125313434593693,43.783999775416241],[-79.125277908590007,43.784000649070173],[-79.125238962821243,43.784000035312516],[-79.125215745665002,43.783997483867502],[-79.12517688032051,43.783983998720018],[-79.12513123142574,43.7839625613042],[-79.125107402075727,43.783948630386227],[-79.125092792228713,43.783938546190079],[-79.125137168120162,43.783889320484086],[-79.125172230255401,43.78385132464404],[-79.125193555163079,43.783828621689842],[-79.125202518613875,43.783815779451295],[-79.125205338455515,43.783801926939937],[-79.125196917673918,43.783783591003001],[-79.125178203953595,43.783770162936861],[-79.125157080230807,43.783762658716086],[-79.125139501730359,43.783758433533805],[-79.125111821219477,43.783768325008758],[-79.12459046318962,43.784261793511007],[-79.124590338368264,43.784281739629655],[-79.124594797974268,43.784301700806424],[-79.124624511417935,43.784318414506387],[-79.124658913269741,43.784318527489397],[-79.124677250984973,43.784318587710139],[-79.124866380226479,43.784146386725446],[-79.124925349935722,43.78425293774788],[-79.124938367791131,43.784372596631414],[-79.124896102068348,43.784535306563143],[-79.124821853154614,43.784674643541727],[-79.124729116401596,43.784833866292878],[-79.124631901534016,43.784960112082203],[-79.124542064972957,43.785023050004618],[-79.124452028367415,43.78508615821999],[-79.124364316833777,43.785115231694995],[-79.124278769623032,43.785145878415804],[-79.12423811777974,43.785159660531932],[-79.124201829709534,43.785161089416157],[-79.124148506943328,43.785154730291993],[-79.12410592161649,43.785136029890801],[-79.124194173091681,43.785018810227442],[-79.124198575065748,43.784996393860986],[-79.124190151100251,43.784978588910512],[-79.12416674716188,43.784966135384607],[-79.124143314189439,43.784958317345499],[-79.124114490374808,43.78495822255254],[-79.124089865547276,43.784972075327687],[-79.124061903953461,43.785002911274148],[-79.123756324768777,43.785405507824613],[-79.123749797552136,43.785424037685033],[-79.123747585740773,43.785437946164897],[-79.123751750123176,43.785453441833567],[-79.123770899728441,43.785462776045918],[-79.123792195948724,43.78547057812618],[-79.123824208164308,43.785471457592706],[-79.123856349183939,43.785453777125234],[-79.123877849035367,43.785429103749465],[-79.123912110945838,43.785390205559381],[-79.123986442559016,43.785414564183071],[-79.123997183068127,43.785572209464505],[-79.123958977243547,43.785699161845429],[-79.123840859272775,43.785885177733789],[-79.123751083275835,43.786027244230084],[-79.12365455490594,43.786128585271349],[-79.123492725304601,43.786195848846575],[-79.123343705759197,43.786164069882275],[-79.123364293999074,43.786144164205226],[-79.123377200544411,43.786128742781486],[-79.123381549447188,43.786114841352756],[-79.123383783513788,43.786099384759211],[-79.123379596925346,43.786085455203775],[-79.12336260365862,43.78607302264021],[-79.123339160582987,43.786066761601241],[-79.123317825380596,43.786065143090809],[-79.123291108846757,43.786069699622509],[-79.123253625481965,43.786091223807041],[-79.122839291060984,43.786468742152884],[-79.122839184154117,43.786485744948898],[-79.122845475857446,43.786502759858898],[-79.122864562386113,43.786522157284999],[-79.122896511940922,43.786533091075178],[-79.122927458960646,43.786535506472781],[-79.123023411587198,43.78645688302565],[-79.123073179684823,43.786518965994063],[-79.123084636820764,43.786556277488685],[-79.123098420803444,43.786596999085162],[-79.123093364155011,43.786656290903302],[-79.12308839614191,43.786705429730176],[-79.12304571475913,43.786796794526722],[-79.123005411697235,43.786881380293622],[-79.122915665975626,43.787020052779205],[-79.122818790014406,43.787172239369198],[-79.122790406907427,43.787226368542022],[-79.122696336739935,43.787305718087865],[-79.122597593138281,43.787383323904855],[-79.122478189351696,43.787403272125239],[-79.122412665756542,43.787406440098856],[-79.122287161180736,43.787361289750287],[-79.122268446131201,43.787353918976187],[-79.122282083944341,43.787338869142957],[-79.12229155499368,43.78732452562874],[-79.122294264014627,43.787308674579492],[-79.122290706418866,43.787293540913595],[-79.122274113049414,43.787278751214672],[-79.122243944491942,43.787263151548693],[-79.122217408316189,43.787254755789299],[-79.122193889773953,43.787258449523875],[-79.122177156003872,43.787265955161203],[-79.122056525706142,43.787372120770108],[-79.121745865967682,43.787662090764321],[-79.121688145869072,43.787716320586895],[-79.121681788483144,43.787731421450964],[-79.12167802834476,43.787748421150447],[-79.121688329186256,43.787769994964549],[-79.121706493322392,43.787785924089448],[-79.121722093030385,43.787792780580418],[-79.121742408833668,43.78779851853465],[-79.121772145771772,43.787797860852699],[-79.121796219307512,43.787786977134665],[-79.121911659342416,43.787678517351459],[-79.121925151738651,43.787706276481508],[-79.121956799084273,43.787733690611681],[-79.121989272742169,43.787777858579041],[-79.122012444118994,43.787813516702855],[-79.122023957618481,43.78784576084243],[-79.122030644720098,43.787896630370668],[-79.122018611428004,43.787950813413566],[-79.122004185431862,43.788010065181467],[-79.121970969303476,43.788089597363282],[-79.121944970705883,43.788131879709454],[-79.121848346740279,43.788243417155357],[-79.121718698252565,43.788403964408097],[-79.121636232836167,43.78849859039331],[-79.121596206228674,43.788540826215971],[-79.121549189889507,43.788576261025447],[-79.121497555271404,43.788603201452553],[-79.121438966468574,43.788621648755182],[-79.121405011465299,43.788625154738376],[-79.121375248523719,43.788620024509221],[-79.121282398136415,43.788598033143423],[-79.121242947734785,43.788582420462042],[-79.121268778733423,43.788556951842423],[-79.12128226497002,43.788536473945584],[-79.121281877444503,43.788513231732871],[-79.121267022878371,43.788494604168257],[-79.121245713402971,43.788484848331294],[-79.121222759326088,43.788479740626322],[-79.121191210763044,43.788483893601921],[-79.12117512636641,43.78849080716823],[-79.120998592420506,43.788689236974172],[-79.120884456242393,43.788822804301937],[-79.120800532299981,43.788910025906745],[-79.120761812535491,43.788947846213198],[-79.120748837895647,43.788967938695926],[-79.120745519643762,43.788985740928126],[-79.120748632457264,43.789002394353197],[-79.120768844506472,43.789020661712854],[-79.1207896047611,43.78902886762063],[-79.120810449034082,43.789031646119909],[-79.120832920071095,43.789024744792769],[-79.120852244525523,43.789012423341575],[-79.120869429251883,43.788998546594144],[-79.120925402617118,43.788939873845514],[-79.120958544715904,43.788939200666178],[-79.120973743924495,43.788956380229912],[-79.121007388466964,43.789025638508754],[-79.121024411487014,43.789092411357025],[-79.12104022992952,43.789149251957973],[-79.121027456471722,43.789202406300888],[-79.120990762758126,43.789295158314928],[-79.120912218476803,43.789459042480011],[-79.120893005596486,43.789500870023438],[-79.120859331237341,43.789573901523049],[-79.120832889735453,43.789623122008706],[-79.120805396611459,43.789659827424686],[-79.120767947395208,43.789701000364779],[-79.120719350465521,43.789748410087711],[-79.120668267351235,43.789794020312634],[-79.120618442593809,43.78983515212758],[-79.120569928491307,43.78986550491544],[-79.120515224468022,43.789892254679472],[-79.120458105683042,43.78991181349484],[-79.120403507032336,43.789927789200114],[-79.120332814721507,43.789938319740159],[-79.120276402402496,43.789950292857107],[-79.120257102925535,43.789935052825761],[-79.12029457941226,43.789883762873082],[-79.120312755429907,43.789860564332109],[-79.120320787396793,43.789838151192619],[-79.120315308643029,43.789814469015404],[-79.120301903915077,43.789796458223044],[-79.120286198519395,43.789786612813508],[-79.120271601068922,43.789778400287858],[-79.120245708229334,43.78977423674371],[-79.120212434515906,43.789781885156195],[-79.120007405276468,43.790048474273583],[-79.119801723528767,43.790333423147459],[-79.119789201149189,43.790354597156416],[-79.119788492476417,43.79037622451731],[-79.119799065922251,43.79039788040879],[-79.119821509984135,43.790411015710681],[-79.119847375068062,43.790417636567057],[-79.119867658157673,43.79041688492773],[-79.119886838496683,43.790413681309552],[-79.119909422222364,43.7904047822895],[-79.11992299768707,43.790395853308063],[-79.12005933445316,43.790212674537358],[-79.12008573238694,43.790221475385202],[-79.120199924164766,43.790283899712655],[-79.12027632058647,43.790347881570526],[-79.120334178856169,43.7904117927946],[-79.120377190543181,43.790467580661293],[-79.12042371967101,43.790556594366763],[-79.120429822208507,43.790570080325978],[-79.120424994756675,43.790594646382104],[-79.120389541570617,43.790716881003199],[-79.120338427484015,43.790861431397204],[-79.120281087338356,43.791013927079611],[-79.120174710143502,43.791147645436439],[-79.120078756471557,43.791267806634934],[-79.119939862177489,43.791434585832583],[-79.119746576352696,43.79163523517655],[-79.119569344731318,43.791808232150849],[-79.119341628194448,43.792002447391475],[-79.118990041989818,43.792323048187789],[-79.11880327734157,43.792491844649135],[-79.118526826377675,43.792820048488927],[-79.118165498911395,43.793117625307666],[-79.117913764288687,43.793306212716907],[-79.117574454066755,43.793581700471705],[-79.117267141992642,43.793907196604621],[-79.117015763494138,43.794122723568393],[-79.11695253701636,43.794171657823526],[-79.116969802233598,43.794209754441979],[-79.117017644542173,43.794254299317636],[-79.116251507416109,43.794372335521409],[-79.116020647993778,43.794464217715863],[-79.115451495054685,43.794555969821964],[-79.11564324027411,43.794686654064918],[-79.115792849356282,43.794768725289309],[-79.116017958490218,43.794787214028581],[-79.116220554362627,43.794748901643949],[-79.116446374322436,43.794656264046111],[-79.116665796214718,43.794539958586967],[-79.116759737163846,43.79449164055459],[-79.117135929985139,43.79436522944134],[-79.117437975330304,43.794343774066206],[-79.117738216607634,43.794351880554061],[-79.118113247611006,43.794401596347434],[-79.118235875488566,43.794433924016793],[-79.118413050384675,43.794480628460526],[-79.118637294194571,43.794586294045509],[-79.118980139766009,43.794720654179748],[-79.11932124133088,43.794797211255208],[-79.119674526673762,43.794818108900131],[-79.119994649163388,43.794815024212362],[-79.120329272457454,43.79475709794422],[-79.120674292841699,43.794725200451111],[-79.121003344312982,43.794740603878672],[-79.12121032481511,43.794947964872932],[-79.121231111,43.795202252505227],[-79.12111203319462,43.795325407229676],[-79.120627445916853,43.795497080350245],[-79.120272547082109,43.795618443042471],[-79.120178164155462,43.795858342381706],[-79.12030618409311,43.796154463633613],[-79.12058845781911,43.79645451733893],[-79.120880904701281,43.796726223543352],[-79.12117402169963,43.797022099218054],[-79.121510483262242,43.79725155439187],[-79.121932277709291,43.797403008135404],[-79.122344592515645,43.797426217039309],[-79.122734489410092,43.797328960472662],[-79.123107168134197,43.797234589161214],[-79.123474186814249,43.797178560762383],[-79.123572280099609,43.797204969135045],[-79.12384502350929,43.797278443160593],[-79.124225222619728,43.797427303230052],[-79.124355274119409,43.797732139635698],[-79.124258612521487,43.798048202243166],[-79.124201774364991,43.798353063293831],[-79.124177080164131,43.798688381775854],[-79.124226673095677,43.799010226802757],[-79.124387990055851,43.799341647168909],[-79.12460109619812,43.799640896396191],[-79.124874355325801,43.799925895872015],[-79.125013674452362,43.800010090452652],[-79.125178567933688,43.800126367706483],[-79.125572574057671,43.800216941274861],[-79.125973996668932,43.800206545234182],[-79.126400329418203,43.800157353394304],[-79.126794191483782,43.800151610338013],[-79.127245806783307,43.800187378425335],[-79.127683111203041,43.800286375954578],[-79.128082200318147,43.800439812220247],[-79.128463536981769,43.800634639516687],[-79.12881134334225,43.800840004959177],[-79.129154409875156,43.80107065609068],[-79.129510974055421,43.801265345481653],[-79.129863285660761,43.801446689331677],[-79.130231408339284,43.801607749729847],[-79.130635065139359,43.801710137510227],[-79.13102706754168,43.801781990465294],[-79.131424522764931,43.801777665232329],[-79.131621516147774,43.801753340265975],[-79.131785215077429,43.801733102216261],[-79.13216276616906,43.801634693651359],[-79.132493099496898,43.801490226331033],[-79.132833684757145,43.801380148241911],[-79.133241646494099,43.801264830693434],[-79.13356674221032,43.801140847991142],[-79.133916424389966,43.800991469961517],[-79.13426985436503,43.800871203456808],[-79.134605262832252,43.800791734304362],[-79.134942399816808,43.800716023152624],[-79.135256129350878,43.800671857224337],[-79.135432751075825,43.800831092426286]]]},"properties":{"AREA_NAME":"43"}},{"type":"Feature","geometry":{"type":"Polygon","coordinates":[[[-79.360456753891256,43.671889646454531],[-79.360525540330485,43.671970733335677],[-79.36061374288812,43.672042851526612],[-79.360701569644547,43.672105967864987],[-79.360774907643091,43.672165681991196],[-79.360790157000309,43.672178104389701],[-79.360876830844731,43.672241219187946],[-79.360972419217134,43.672299835098123],[-79.36107107686783,43.672371965647315],[-79.361169381425654,43.672430602695236],[-79.361259549065011,43.672484720118632],[-79.361365583962694,43.672552358702475],[-79.361465032091857,43.672615479541037],[-79.361566417057475,43.672683103300386],[-79.361666303779046,43.672728230845507],[-79.361758816123299,43.672782350709774],[-79.361852477784893,43.672827470563114],[-79.361955882715137,43.672863600781383],[-79.362047612142774,43.672913227804351],[-79.362096650362218,43.672922342306144],[-79.362169253139285,43.672935877848545],[-79.362238565541844,43.672967466036191],[-79.362327684521404,43.672976574726832],[-79.3624462006984,43.672999202710024],[-79.362575570082086,43.673026362283203],[-79.362691333806907,43.673075999677003],[-79.362789651367663,43.673130125676856],[-79.362860012868595,43.673185937308901],[-79.362950982929874,43.673242826761687],[-79.363010460923121,43.673323909969817],[-79.36304249075063,43.673395967940863],[-79.36305667308612,43.673463494859277],[-79.363055333386072,43.673540004504282],[-79.363045112228704,43.673611984843532],[-79.363044410577288,43.6736369536738],[-79.363042991227587,43.673688493550316],[-79.363027305333901,43.673769486664341],[-79.363008478069361,43.673868496659026],[-79.362988887813827,43.673953985747538],[-79.362964692268591,43.674030467988032],[-79.362942425374428,43.674120445517339],[-79.362929017321008,43.674219443987596],[-79.362902471785972,43.674309425376826],[-79.362879770582182,43.674399429372535],[-79.362880349075951,43.674493943947787],[-79.362886352963827,43.67457496304646],[-79.362910992025689,43.674647003171977],[-79.362949167685414,43.674732561503887],[-79.362985429292237,43.674809116206127],[-79.363026744332444,43.674872174969217],[-79.36310220690757,43.67492175463201],[-79.363390788031779,43.675322640650272],[-79.364252274165466,43.675161625160463],[-79.364322411140691,43.675148107432783],[-79.364455327622551,43.675122494334332],[-79.364739634333418,43.675067680004517],[-79.366312875858128,43.674767977475881],[-79.366735888097608,43.674669465870259],[-79.366781277818305,43.674647015472281],[-79.366877821305067,43.674620105975755],[-79.366998798175359,43.674575240187302],[-79.367091511877135,43.674530341412634],[-79.367186182398569,43.674480944174924],[-79.367272308134474,43.674431545938596],[-79.36737010845269,43.674368650198332],[-79.368204104312809,43.673775491498226],[-79.368833574286327,43.673330640999907],[-79.369916694912547,43.672575758434206],[-79.369984809304171,43.672526346640559],[-79.370697147097275,43.672009542389794],[-79.370853391964658,43.671955315003807],[-79.370990904130863,43.671921697303581],[-79.371141710704478,43.671899337081108],[-79.371327950845824,43.671886665971734],[-79.371458466311338,43.671888910117808],[-79.373588719340617,43.672166042180073],[-79.374854938298952,43.672333536877325],[-79.375892586017471,43.672465502421666],[-79.375952447795953,43.672470698153099],[-79.376050671783389,43.672479193935992],[-79.376162665836077,43.672479315317659],[-79.376316938041342,43.672465989354897],[-79.37645573050132,43.672448136790905],[-79.37685427389188,43.672358553574384],[-79.379068345952192,43.671915315672564],[-79.379415245465083,43.671837550622641],[-79.379468060056013,43.671825715571146],[-79.380566380576482,43.671610818539108],[-79.382375753492539,43.67122112793303],[-79.383160445417431,43.671046406782317],[-79.384209559607854,43.670804429425772],[-79.385719249385133,43.670459388528663],[-79.386050757095362,43.670387123748952],[-79.386788067979708,43.670226399505452],[-79.386557477161816,43.669687072274954],[-79.38642495862473,43.669368311601438],[-79.386160263650041,43.668742275780069],[-79.386113055466652,43.668630855282402],[-79.385856034893848,43.667995833990489],[-79.385692381679249,43.667562310287884],[-79.385293116220566,43.666687187710352],[-79.385243422283679,43.666567465088583],[-79.385028839231467,43.666055856610882],[-79.384933607252677,43.665823058256514],[-79.384595886447116,43.664937283321109],[-79.384157664864929,43.663903954517075],[-79.384137287402936,43.663855164610034],[-79.383779528182373,43.663033294167313],[-79.38372420159024,43.66289919894254],[-79.383421800460923,43.66213609929158],[-79.383386484951927,43.662054502112049],[-79.383110370528485,43.661371819332714],[-79.38279616862269,43.660583357970985],[-79.382490696619243,43.659912831237939],[-79.382117834958834,43.659095980259167],[-79.381935356536786,43.658690830342081],[-79.381925222231203,43.658668037464864],[-79.381587227209806,43.657907821066388],[-79.381359439863914,43.657396299267035],[-79.381225776799766,43.657037933758446],[-79.380926392226542,43.656328774958212],[-79.380368719022457,43.656458208218432],[-79.380318280572311,43.656460324748373],[-79.380279516382188,43.656458447881938],[-79.380187107434921,43.65644384088796],[-79.379576200871455,43.656291328171719],[-79.379449624255784,43.655979180921932],[-79.379847789142033,43.65588574302113],[-79.380036812375408,43.655844265282916],[-79.380651067551426,43.655712768396256],[-79.379973983421664,43.654062813546645],[-79.37925893488827,43.652439944210805],[-79.378984678436794,43.651692010441764],[-79.37873954752375,43.65105548963659],[-79.378470073282912,43.650407492627892],[-79.377918323289066,43.649148757456302],[-79.377644636307366,43.648551071408285],[-79.377626265854147,43.648507998224041],[-79.377370342052828,43.647846303762677],[-79.376974317595128,43.646884793501236],[-79.376503064744725,43.645783877296381],[-79.376352829821556,43.645439511593025],[-79.376165064810849,43.644997791225556],[-79.375989076307889,43.644587084007945],[-79.375874442385154,43.644323003431609],[-79.375811061457668,43.644162359155516],[-79.375769706104563,43.644062399012149],[-79.375752259159967,43.644017598233596],[-79.375735146300499,43.643979107775841],[-79.37547062242804,43.643329686063055],[-79.375286111021865,43.642921254707929],[-79.375208897583406,43.642761936171851],[-79.374664922561209,43.641943395301759],[-79.374586252587903,43.641848101492947],[-79.374534276611598,43.641814577352079],[-79.374062762071986,43.641116506377124],[-79.373532573559672,43.640328327713192],[-79.371895530451539,43.640943090181032],[-79.370522426001855,43.641459086262344],[-79.369041203838592,43.641997436427239],[-79.368266685489644,43.642271070411248],[-79.369129592779757,43.643572741772985],[-79.368814268275656,43.643688651059037],[-79.36829961649012,43.643877826197887],[-79.367441727930611,43.642594157207014],[-79.366190374420157,43.643056242981309],[-79.364904468144417,43.643540777617062],[-79.364299641681569,43.643769002115086],[-79.363750580440808,43.643973679287477],[-79.362408676000229,43.644482764759495],[-79.361141372624473,43.644958178941849],[-79.360203549392608,43.645299042920151],[-79.360964490439116,43.64642511482753],[-79.360802983044479,43.647022428943082],[-79.360751559907328,43.647212457145606],[-79.360079006296758,43.646401522020724],[-79.359428100486085,43.645585496670968],[-79.354503996022274,43.647739249282246],[-79.354444481952939,43.647765268474217],[-79.354372592310028,43.64768018603646],[-79.354345510944938,43.647647800631297],[-79.354220911159075,43.647486976453557],[-79.354248355206153,43.647435955708332],[-79.355165725184179,43.647035273734588],[-79.355564368971585,43.646867506584179],[-79.356532213381755,43.646324529758836],[-79.356454979964283,43.646062457031981],[-79.356552349150377,43.646025457619039],[-79.356617087989093,43.645985302727439],[-79.356657832050843,43.645943776510386],[-79.356692997324686,43.645912972914495],[-79.356714325029444,43.645873429639536],[-79.356718082691884,43.645846601274144],[-79.356707803626364,43.645827046422063],[-79.356720283620376,43.645734176956559],[-79.3567443162232,43.64567783151211],[-79.356789168278368,43.645649704428564],[-79.356833968857529,43.645643234552885],[-79.356893678181464,43.645643300314084],[-79.356995174964894,43.645647756985284],[-79.357081752677516,43.645650025585923],[-79.357150410654569,43.645660958049412],[-79.357216045405778,43.645687053999609],[-79.357305554067892,43.645713170713634],[-79.357374199804823,43.645724085024604],[-79.357448840744297,43.645726329452359],[-79.35750560079417,43.645715571572701],[-79.357556373836914,43.64570477920077],[-79.357646017951495,43.645678858912333],[-79.357729726055879,43.645631273875992],[-79.357939033801401,43.645501419406862],[-79.358049671038657,43.645430013971861],[-79.358154349458275,43.645341237396501],[-79.358232178291416,43.64526327407831],[-79.35827416943637,43.645180954625808],[-79.358316129938657,43.64511162409314],[-79.358340229925858,43.645020587116477],[-79.358349421038525,43.644923041673735],[-79.358340614913104,43.644851478882245],[-79.358322874610508,43.644773415030087],[-79.358314083089297,43.644706208915373],[-79.358314164644682,43.644671508739123],[-79.35829336294853,43.644630283689189],[-79.358254660200657,43.644584715783161],[-79.358203977816743,43.644552148984822],[-79.35813835628727,43.644526044611773],[-79.357989110189664,43.644512870330495],[-79.357935333472952,43.644525819492898],[-79.357893485421727,43.644547433774932],[-79.357836736729894,43.644553871206455],[-79.357726293094444,43.644538566498781],[-79.357627829330781,43.644510260625111],[-79.357547401950569,43.644434287888963],[-79.357514672255348,43.644384397515275],[-79.357496843081336,43.644349684013505],[-79.357464154506133,43.644282439035329],[-79.358082820116607,43.644012168501106],[-79.358169382324533,43.643998971905425],[-79.356606642856747,43.642174037604136],[-79.352521670038598,43.643941840754181],[-79.352271034398598,43.643822158969293],[-79.352005383845025,43.643740001910913],[-79.352095897902743,43.643576519146833],[-79.35218185597509,43.643435902898574],[-79.356235691732593,43.641715662840163],[-79.355591817593009,43.640940769116206],[-79.354088900077741,43.639100851690969],[-79.349632939741369,43.641625391083601],[-79.349493501562023,43.641708704329055],[-79.348860458101427,43.641112680278994],[-79.348585753370173,43.640852006006099],[-79.348711916534384,43.640778451780939],[-79.353343692626595,43.638134473257992],[-79.351617985518999,43.63610449629352],[-79.351184433021302,43.635571797982266],[-79.350703465037242,43.634981454210198],[-79.350299461627216,43.635272606721493],[-79.348096618448778,43.633607856159188],[-79.34788889558854,43.633746273310805],[-79.347819433289331,43.633696691242889],[-79.3477904999191,43.633670332669993],[-79.347764473604826,43.633646093286714],[-79.347736968999129,43.633628161900226],[-79.347721071409879,43.633612343291908],[-79.347693556239037,43.633598606526789],[-79.347673308684676,43.633582791117583],[-79.347660290723709,43.633570135824307],[-79.34764291482665,43.633560634208159],[-79.347609574459213,43.63355689920067],[-79.34757336067301,43.633542655734345],[-79.347548819096005,43.633504727172401],[-79.347525660191224,43.633483633041827],[-79.347505416304486,43.633461498634141],[-79.34746927231825,43.633424589736471],[-79.347444680283047,43.633406653163689],[-79.347404173074082,43.633375013234911],[-79.347284832852381,43.633275208522555],[-79.347224386942216,43.633252759312072],[-79.347163274753257,43.633229166002621],[-79.347116521055185,43.633217347674893],[-79.347084178009084,43.633201605997662],[-79.347062566233362,43.633210731497464],[-79.347039160802495,43.633218540390715],[-79.347031910756101,43.633238135710258],[-79.347022847168432,43.633264254607901],[-79.347022807394055,43.633279934970425],[-79.347022770930366,43.633294310136257],[-79.347040800479874,43.633319655162261],[-79.347045469828785,43.633359861602671],[-79.347051332251894,43.633388979930551],[-79.347049784936814,43.633412696513965],[-79.347042323233708,43.633427781855673],[-79.347012600938911,43.633443908573575],[-79.346982827934681,43.633475130540923],[-79.346970865100175,43.633510706009709],[-79.346964854988741,43.63353979944641],[-79.346972212755816,43.633565688281529],[-79.346985501343795,43.633593736385905],[-79.347010670693734,43.633618568891336],[-79.347042493945921,43.63365365387169],[-79.34704459753678,43.633703794406983],[-79.347040384179749,43.633830717313344],[-79.347036048117218,43.634049985267545],[-79.347026611468451,43.634169385019739],[-79.346995847245793,43.634293184907143],[-79.346971247721029,43.634390447951617],[-79.346931416803614,43.634487699597123],[-79.346906968664911,43.634525256642142],[-79.346845927847411,43.634580461385937],[-79.346757497748456,43.634635647387519],[-79.346662981300341,43.634686378472573],[-79.346562413346447,43.634723833316151],[-79.346346065907795,43.634781061576298],[-79.346065789983854,43.634849239058767],[-79.345873854370993,43.634897623928097],[-79.34569714305924,43.634943841688653],[-79.345510089135729,43.634992502576907],[-79.345442378073741,43.635101228782091],[-79.345348448610025,43.63522198133338],[-79.345271908302522,43.635327653020795],[-79.345205850396084,43.635395560043428],[-79.34510850754242,43.635498665058108],[-79.345063322591201,43.635541414405573],[-79.344979957584499,43.635601736675426],[-79.344882685805729,43.635672112562126],[-79.344709008567179,43.635790253953992],[-79.344573516953375,43.635893306677559],[-79.344510966800385,43.635946104739602],[-79.344427600047624,43.636011476375337],[-79.344292068408365,43.636129651028831],[-79.344201721754942,43.636210108308155],[-79.34415996741113,43.63626293451486],[-79.344128655566493,43.636308213783792],[-79.344062647344444,43.636355993111806],[-79.344023522930016,43.636393403487702],[-79.343880095914784,43.636530316749614],[-79.343870350527027,43.636565345818539],[-79.343866946664875,43.636635443928348],[-79.343854003384877,43.636665796910656],[-79.343815288065031,43.636707825480606],[-79.343699195947963,43.636803450509838],[-79.343589572897329,43.636899120276304],[-79.34350896806572,43.636969103716723],[-79.343428405514146,43.637022731648486],[-79.343389720082911,43.637053049316229],[-79.343360634456616,43.637099744634938],[-79.343244474735059,43.637235110197736],[-79.343154177551099,43.637314432527035],[-79.343025249200821,43.637407734895774],[-79.342928573856298,43.637466012060898],[-79.342831885884195,43.637524307129034],[-79.342758210843343,43.637554999534743],[-79.342581033967633,43.637647469905865],[-79.342416631030375,43.637722377915615],[-79.342259020751371,43.637782622812331],[-79.342108190561817,43.637833056350722],[-79.341946106428892,43.637883474130597],[-79.341831298152101,43.637917637599813],[-79.341711977935645,43.637956673453772],[-79.341635430041123,43.637985974943071],[-79.34160162599288,43.638002265612357],[-79.341574567531509,43.638026747873731],[-79.341563253219221,43.638054510449336],[-79.34156093313689,43.638079008987674],[-79.341563156178012,43.638096159695785],[-79.341581081898937,43.638118237916913],[-79.341603507816046,43.63814931474824],[-79.34162140950427,43.638185273055839],[-79.341632547876969,43.638224498493045],[-79.341630214955032,43.638253893764336],[-79.341621147777403,43.638284917956724],[-79.341596212882678,43.638350224416286],[-79.341581678849053,43.638405229703601],[-79.341510585227525,43.638481111797347],[-79.341426430713327,43.638551259854125],[-79.341375174516983,43.638605566069465],[-79.341307499609073,43.63865849926367],[-79.341221561076011,43.638714062458419],[-79.34113196607322,43.638769638509388],[-79.341071623971615,43.638805335112593],[-79.340985716465255,43.638848971346071],[-79.340929033888173,43.638883376765399],[-79.340875605437191,43.638924555722085],[-79.340767349577575,43.639015615943144],[-79.340698682954397,43.639072931062451],[-79.340648504261779,43.639113052277551],[-79.340595728226617,43.639141711095228],[-79.3405429499593,43.639166508294437],[-79.340487569367255,43.639181742375342],[-79.340400558694967,43.63919695027743],[-79.34015537708062,43.639229147692433],[-79.339955010425044,43.639257590747583],[-79.339791571082174,43.639284158913995],[-79.339570106239862,43.639318305601599],[-79.339372363711377,43.639352485194756],[-79.339301167560038,43.639367714479491],[-79.339208911438632,43.63937906151083],[-79.339050755077096,43.63939032470585],[-79.338907383970692,43.639397350866702],[-79.33880696208648,43.639398604524189],[-79.338669941549085,43.639394594652209],[-79.338556626128295,43.639392517386327],[-79.338443336305133,43.639380889583386],[-79.338322146328636,43.639371140784462],[-79.338251006420009,43.639365297271183],[-79.338174588635852,43.639363298831825],[-79.338135051025333,43.639363242856184],[-79.338121901641969,43.639353655773128],[-79.338106122587348,43.639340230377869],[-79.338074515179002,43.639336360026419],[-79.338013902269282,43.639338182446579],[-79.337953256374902,43.639347664959672],[-79.337863627538781,43.639359041633661],[-79.33781350853873,43.639376181171436],[-79.3377844978084,43.639383800180774],[-79.337755461348081,43.639400978608492],[-79.33772905961311,43.639420105066151],[-79.337669004547067,43.639412647675705],[-79.338524541137886,43.640474050414127],[-79.33872949767165,43.640728574572492],[-79.340282200456684,43.642656742320248],[-79.341929967797938,43.644625706016498],[-79.342713164466232,43.645568068347096],[-79.345037752346826,43.648533835345411],[-79.346320054947924,43.650043636494324],[-79.346347248295331,43.650084314189975],[-79.346890620084935,43.650949416803336],[-79.347347077409808,43.650856530138732],[-79.347368031518315,43.650889305062229],[-79.347420749320548,43.650989281520232],[-79.347723610995217,43.651411822063963],[-79.347858073654422,43.651575861820504],[-79.347997514947082,43.651747046110948],[-79.348140824771619,43.651918262369485],[-79.348176547494418,43.651954711307937],[-79.348650729801221,43.65253150794296],[-79.349520941953926,43.653596824022053],[-79.349660030226161,43.653729407952426],[-79.350838752387276,43.654769105189494],[-79.351741781782295,43.65556567541752],[-79.351978088273668,43.655744136396493],[-79.352065849084866,43.655820770488951],[-79.352151301513018,43.655888373172331],[-79.352249108945003,43.655978522142142],[-79.352334167770593,43.656055143531852],[-79.35242077519257,43.65612724817845],[-79.352515495024889,43.656212883253858],[-79.352607136300122,43.656285021255769],[-79.352689095182967,43.656357137705172],[-79.352794220303636,43.65645177830352],[-79.352897122319362,43.656532913917701],[-79.352939789644338,43.656565832744604],[-79.353002293386041,43.656614061357317],[-79.353101629624859,43.656708712227378],[-79.353202175472092,43.65678534386074],[-79.353308131359213,43.656875484371611],[-79.353376711192752,43.656928599305402],[-79.353418735290546,43.656961139069601],[-79.353533963923951,43.657046808586252],[-79.353646868013001,43.657150450703789],[-79.353755120253538,43.657245112411886],[-79.353874189839516,43.657357763537796],[-79.353985542322278,43.657452419985923],[-79.354109646265968,43.657565104296971],[-79.354205081968459,43.657664240887584],[-79.354282673908685,43.657790358697213],[-79.354324877941039,43.657872000706739],[-79.354345535758682,43.657911957009858],[-79.354395626312296,43.658029038345049],[-79.354425174920593,43.658150594172128],[-79.354450832160254,43.658276645708106],[-79.354481487494155,43.658407204271732],[-79.354518786857327,43.658533270606327],[-79.354560304859717,43.658668334638833],[-79.354603020997985,43.658789925161187],[-79.354645667606974,43.658924990592133],[-79.354676756086192,43.659051048966276],[-79.354708952739301,43.659190628759355],[-79.354731336074721,43.659307125620472],[-79.354769172991993,43.659447234635842],[-79.354804528599203,43.659577799057587],[-79.354848333870407,43.659726394887805],[-79.354897228929588,43.659856976465655],[-79.354941849869888,43.659996544939439],[-79.354986074263536,43.660136112889397],[-79.355025364698704,43.660254872454935],[-79.355032245411337,43.66027569228897],[-79.355076075014651,43.660419769370009],[-79.35517029530547,43.660712432455405],[-79.355209882022791,43.660847511756543],[-79.355219533493667,43.660881432041116],[-79.355255975371051,43.66100959430775],[-79.355294012655008,43.661144662609523],[-79.355339780945286,43.661297725361749],[-79.355378190560913,43.661432794099881],[-79.355414656930719,43.661576861706351],[-79.355444548886211,43.661711919642016],[-79.355450235624303,43.661734403184028],[-79.35547984846346,43.661851494075634],[-79.355522153603189,43.661991068347987],[-79.355569457358868,43.662135131584947],[-79.355612280747636,43.662275921652885],[-79.355664111801246,43.662414301714392],[-79.355717594177392,43.662567374021307],[-79.355759861567137,43.662702438469069],[-79.355805185804513,43.662855518435769],[-79.35583738393133,43.662986051473574],[-79.355855161719617,43.663049317306658],[-79.355880389981891,43.663139110476692],[-79.355914150651586,43.663269672460366],[-79.355959474151703,43.663418215674838],[-79.355997486481897,43.66354426431257],[-79.356046723555892,43.663679337410926],[-79.356086344863201,43.663796377699484],[-79.356127434372141,43.66392693082895],[-79.356156208158097,43.664048494109714],[-79.356199715819315,43.664179068252921],[-79.356230086029555,43.664291650182697],[-79.356267008260943,43.664417724344638],[-79.356303742915614,43.664534130819547],[-79.356347844787038,43.664665389743945],[-79.356374697426574,43.664786959541146],[-79.356399254595203,43.664904025777417],[-79.356429988451865,43.665025618434818],[-79.356463053590147,43.665147196005989],[-79.356497670507935,43.665273267179927],[-79.356531515389989,43.665390354038102],[-79.356577341872395,43.665516430249312],[-79.357183512616672,43.667697033304279],[-79.357320728384153,43.668190756698841],[-79.357346105688023,43.668271800356536],[-79.357384597058271,43.668370863032365],[-79.357427426931906,43.668465412436326],[-79.357465194093763,43.668550972181571],[-79.35750223847765,43.668632840466323],[-79.357507986977936,43.66864553950893],[-79.357557022714218,43.668722111936106],[-79.357608783119701,43.668789686404388],[-79.357686114833626,43.668861802353227],[-79.35774571100211,43.668930025607267],[-79.3577529489894,43.668947398181082],[-79.357805863040085,43.669014973993022],[-79.357885165218576,43.669082564586311],[-79.35797105213129,43.669150181307963],[-79.358058880714594,43.669204298379981],[-79.358142071686203,43.669258418630307],[-79.35818803151669,43.669293661855299],[-79.358230253214032,43.669326038002708],[-79.358313446363553,43.669384640792202],[-79.358389261395061,43.669443243382069],[-79.358462745290069,43.66950184303473],[-79.358541650159026,43.669564950012877],[-79.358643056537943,43.669614582768872],[-79.358745630574901,43.669668717542109],[-79.358849303453169,43.669740856238462],[-79.358942942705838,43.669808481794568],[-79.359026473874877,43.669871594143387],[-79.3591251233468,43.669939225727404],[-79.359233503687975,43.669997876881119],[-79.359329471320223,43.670056494654602],[-79.359420371054597,43.670124125446087],[-79.359512814395814,43.670205251053254],[-79.359593622396872,43.670277360965173],[-79.359658494894674,43.670376446239992],[-79.359712270578328,43.670464203188793],[-79.35975300060565,43.670552079126161],[-79.359795042056021,43.670646644642844],[-79.359837453711137,43.670736718933838],[-79.359876777734343,43.670826780421592],[-79.359923050155558,43.670925851736705],[-79.359963492413428,43.671020424226967],[-79.360005906563842,43.671114981113647],[-79.360051410589065,43.671214042429476],[-79.360090348891916,43.671299593699253],[-79.360130058084792,43.671389655562507],[-79.360178274382719,43.67147972781644],[-79.360224963540347,43.671565306519369],[-79.360278646974322,43.67165087574854],[-79.360344719005113,43.671736487091117],[-79.360402303124829,43.671808568037221],[-79.360456753891256,43.671889646454531]]]},"properties":{"AREA_NAME":"51"}},{"type":"Feature","geometry":{"type":"Polygon","coordinates":[[[-79.374072501034576,43.728982049322127],[-79.37423420575152,43.729193774404884],[-79.374397050252,43.729418975352928],[-79.374617715352628,43.729626246031714],[-79.374823288109965,43.729815515282922],[-79.375030113060504,43.729982255437456],[-79.375245451359518,43.730144512889289],[-79.375469393147029,43.730270774368663],[-79.375710875439083,43.730361049545635],[-79.375942930139189,43.730316304472623],[-79.376017332741824,43.730154344984861],[-79.376104569855471,43.729992426360177],[-79.376246128358886,43.729817037634753],[-79.376422932624337,43.729668717548563],[-79.376603608875939,43.729520374361343],[-79.376807918494393,43.729390085833153],[-79.37703235801149,43.729273293444258],[-79.377259139390532,43.729152029512704],[-79.377425078120282,43.729003669186646],[-79.377658357246929,43.728927408604861],[-79.377902295777773,43.728950163530108],[-79.378190742169664,43.729017980556122],[-79.378437948296948,43.729162263506289],[-79.378523234168327,43.729378401835675],[-79.378617951821909,43.729540515694858],[-79.378879733768983,43.729567806099297],[-79.379053730952378,43.729459957517491],[-79.379147134761595,43.729307044310602],[-79.379106644865729,43.728991949236679],[-79.379052265690675,43.728843362309824],[-79.37916856320814,43.728681454052172],[-79.379352130704305,43.728627649539732],[-79.379561074088471,43.728695379166986],[-79.379764518172024,43.728794606954487],[-79.379958620888928,43.728916318657603],[-79.38010608552058,43.729064993827684],[-79.380225235237234,43.7292271589927],[-79.380387807059577,43.729407344943866],[-79.380525980187215,43.729560519454957],[-79.380665746846546,43.72968668275238],[-79.380778732046991,43.72983533903475],[-79.380911488160237,43.729979488181158],[-79.380957201144284,43.730006539503002],[-79.38108932200231,43.730083187520563],[-79.381268021996036,43.7301508915453],[-79.381454436120478,43.730241106376148],[-79.381880796731238,43.728062663604106],[-79.381899404551135,43.7279356033577],[-79.38190150296802,43.727714130064989],[-79.381889519126602,43.727527567018406],[-79.382188526133376,43.727576419275231],[-79.382887013010276,43.727690768704782],[-79.383325480703633,43.727762767955845],[-79.383592447652632,43.72782098112129],[-79.383984695066218,43.727904722382817],[-79.384474733014116,43.728038347021808],[-79.384970739243627,43.72817424387523],[-79.385378141381054,43.728273774769313],[-79.385536728977584,43.728330236429755],[-79.385704588924611,43.728373736359039],[-79.385899513487416,43.728414688707765],[-79.386056154374756,43.728424674315924],[-79.386247453938651,43.728426755115578],[-79.386398597423224,43.728416346981291],[-79.386542409906312,43.728396759109849],[-79.386711151778997,43.728381138310404],[-79.389531454136872,43.727790717252908],[-79.390076511848562,43.727682165724708],[-79.391994158508922,43.727257767167877],[-79.393970120997423,43.72685863899212],[-79.395153197285168,43.726597074141104],[-79.396095574282839,43.726395262748987],[-79.396400534015314,43.726342504250816],[-79.397246807531559,43.726148157254876],[-79.397569374306499,43.726090190742624],[-79.398857119869234,43.725833613946691],[-79.399204255419377,43.725748372790534],[-79.399307611286275,43.725725861768865],[-79.400013568033472,43.725572101189975],[-79.400731610800733,43.725410623677732],[-79.402195290771203,43.725101792669676],[-79.403177858750723,43.724916222458759],[-79.403571733457042,43.724841845102191],[-79.404554155885464,43.72460969949654],[-79.405610309052776,43.724385563446042],[-79.407120430149092,43.724062746721508],[-79.408794978241062,43.723731058102402],[-79.410027983292636,43.723462006945766],[-79.411345568603579,43.723188507484522],[-79.412108748610308,43.723031548059801],[-79.413203247656583,43.722798352014486],[-79.414204427714438,43.722566146620224],[-79.415609514129585,43.722255596470575],[-79.416759805336312,43.72201792489254],[-79.417657537693501,43.721838568178896],[-79.418500549912025,43.721663675030896],[-79.419981360959767,43.721336202707207],[-79.421444335548557,43.72103568466791],[-79.422476286566905,43.720820350236913],[-79.424383479081712,43.720398587091942],[-79.425554662226418,43.720160840743496],[-79.426414712308585,43.719990391891763],[-79.426637399106511,43.719941046156293],[-79.428298536071424,43.719595570068563],[-79.42981612576753,43.719258992021693],[-79.429592583428388,43.718421747039343],[-79.429413560156675,43.717629544272576],[-79.429225650456857,43.716810295840673],[-79.429005564753155,43.715950530345722],[-79.428790233055082,43.715063763483222],[-79.428599285498635,43.714203997089392],[-79.428363897073467,43.713236196267054],[-79.428211326449627,43.712598559154223],[-79.428151341564686,43.712347593261626],[-79.427946333239106,43.711534695113642],[-79.427933277146849,43.711422171077956],[-79.427724232547689,43.710627461413118],[-79.42769433583301,43.71048588859869],[-79.427488553568878,43.709738626115445],[-79.427463104736631,43.7096035639563],[-79.427281479624099,43.708770759254108],[-79.42715286854002,43.708286058038212],[-79.42705913914628,43.707924417261495],[-79.426856563171683,43.707105100175092],[-79.426637379258494,43.706213779775617],[-79.426433199308832,43.705426883252883],[-79.426372229149365,43.705191919743115],[-79.426360521730871,43.705146815816946],[-79.426289264904497,43.704872312025088],[-79.426260864387345,43.704750128404285],[-79.426150040137642,43.70427365535658],[-79.425911167114535,43.70333746703615],[-79.425883026502945,43.703206948274172],[-79.425834058826538,43.702981920577287],[-79.425757686121131,43.702644341073622],[-79.425722617760925,43.702477785638386],[-79.42571924245398,43.702387770658369],[-79.425709691305997,43.702275266468497],[-79.425694007596675,43.702095221691785],[-79.425684555320103,43.701892704763821],[-79.425682060543622,43.701712668547316],[-79.425675226745213,43.701600148105364],[-79.425661015033057,43.701474129943833],[-79.425648674698067,43.701410086810085],[-79.425636741284819,43.701348096230952],[-79.425624859214878,43.701244591777588],[-79.425612204129351,43.701114073974615],[-79.425561957287982,43.700992523972815],[-79.423140015415143,43.701508449737673],[-79.422092487203273,43.701737255213331],[-79.420890238090919,43.702000364996486],[-79.419884215501014,43.702185774764828],[-79.419108566009953,43.702351725146883],[-79.418709628405779,43.701971381129773],[-79.418097743951094,43.701387949454904],[-79.418033331073801,43.701320861748442],[-79.417972895309831,43.701239743862715],[-79.417919772553162,43.701136686073241],[-79.417683330669377,43.700557508640621],[-79.417342540793271,43.699761036299485],[-79.417037152039512,43.699021296620124],[-79.416678918281093,43.698210731414861],[-79.416342302298403,43.697420541705682],[-79.416041824296414,43.696708463615657],[-79.415792451090553,43.696086741236819],[-79.415734525267908,43.695964416042742],[-79.41542927683841,43.695205516935722],[-79.415094654349929,43.694459115894396],[-79.415026700127427,43.694324640115525],[-79.414478145394412,43.692930713927915],[-79.41442498632999,43.692827645336415],[-79.414120590037967,43.692050632351581],[-79.41365336683414,43.690975957716937],[-79.413351575368409,43.690221078592089],[-79.413168214559818,43.689804026326222],[-79.413008572122322,43.689431080151607],[-79.412669085002676,43.68866901429417],[-79.412643206881853,43.688516872543737],[-79.412631270946633,43.688433412363665],[-79.412626235531349,43.688338885855892],[-79.412602244216359,43.688203073889653],[-79.412574976461087,43.688102670528281],[-79.412444931077516,43.687769081776686],[-79.412309585165801,43.687430673094923],[-79.412273186089536,43.687340632143034],[-79.412045042130487,43.686776426189311],[-79.411617359054958,43.685697848091614],[-79.411349289625065,43.685056405509748],[-79.411169166730616,43.684625364141802],[-79.411060741746198,43.684536481941585],[-79.411051386400317,43.684513359306301],[-79.410543538061688,43.683258810783187],[-79.410477447947741,43.683095511304359],[-79.410238053486026,43.682503982540211],[-79.410176935445975,43.682351164295476],[-79.410090698246094,43.682142347109355],[-79.410007790147034,43.681938825242291],[-79.409926418894941,43.681744719890418],[-79.409425369732276,43.680569040656231],[-79.409025414551365,43.679561566042892],[-79.408756471282189,43.678927308049516],[-79.408747419978866,43.678876578410488],[-79.408758418873873,43.678845190600924],[-79.408662383859394,43.678626525950051],[-79.408298853471152,43.677798968883081],[-79.408258821591318,43.677707852430451],[-79.408196654519017,43.677566265801687],[-79.408130891114581,43.677416557056532],[-79.407480235646432,43.675860874361717],[-79.407423866162418,43.675677498827199],[-79.407348215316958,43.67546801280286],[-79.407333814927981,43.675429016408323],[-79.407122763920384,43.674857324212866],[-79.406041888700159,43.672188151376226],[-79.4053051218484,43.670308714283593],[-79.404772708495216,43.668962078048509],[-79.404186507479054,43.66746418054386],[-79.403870737912101,43.666657287866272],[-79.402707164637093,43.666905442399944],[-79.401538955464773,43.667161862312561],[-79.399836477223403,43.66751688106163],[-79.398364578023418,43.667831627681856],[-79.397380791868358,43.668033224743048],[-79.395875747609097,43.668332787288357],[-79.394141413451436,43.668720258936894],[-79.390989788056487,43.669382963365003],[-79.390585143082532,43.669447476363828],[-79.3895075819499,43.669669060785324],[-79.388018406442768,43.669974412991841],[-79.387387451869785,43.670100756909683],[-79.386788067979708,43.670226399505452],[-79.386050757095362,43.670387123748952],[-79.385719249385133,43.670459388528663],[-79.384209559607854,43.670804429425772],[-79.383160445417431,43.671046406782317],[-79.382375753492539,43.67122112793303],[-79.380566380576482,43.671610818539108],[-79.379468060056013,43.671825715571146],[-79.379415245465083,43.671837550622641],[-79.379068345952192,43.671915315672564],[-79.37685427389188,43.672358553574384],[-79.37645573050132,43.672448136790905],[-79.376316938041342,43.672465989354897],[-79.376162665836077,43.672479315317659],[-79.376050671783389,43.672479193935992],[-79.375952447795953,43.672470698153099],[-79.375892586017471,43.672465502421666],[-79.374854938298952,43.672333536877325],[-79.373588719340617,43.672166042180073],[-79.371458466311338,43.671888910117808],[-79.371327950845824,43.671886665971734],[-79.371141710704478,43.671899337081108],[-79.370990904130863,43.671921697303581],[-79.370853391964658,43.671955315003807],[-79.370697147097275,43.672009542389794],[-79.369984809304171,43.672526346640559],[-79.369916694912547,43.672575758434206],[-79.368833574286327,43.673330640999907],[-79.368204104312809,43.673775491498226],[-79.36737010845269,43.674368650198332],[-79.367272308134474,43.674431545938596],[-79.367186182398569,43.674480944174924],[-79.367091511877135,43.674530341412634],[-79.366998798175359,43.674575240187302],[-79.366877821305067,43.674620105975755],[-79.366781277818305,43.674647015472281],[-79.366735888097608,43.674669465870259],[-79.366312875858128,43.674767977475881],[-79.364739634333418,43.675067680004517],[-79.364455327622551,43.675122494334332],[-79.364322411140691,43.675148107432783],[-79.364252274165466,43.675161625160463],[-79.363390788031779,43.675322640650272],[-79.363468893747381,43.675399254191497],[-79.363760554197739,43.675647111479314],[-79.364030027819581,43.675939975226527],[-79.364331300146659,43.676228357405947],[-79.364686183801496,43.676458293678863],[-79.364956497399987,43.676728625895564],[-79.364831851635145,43.67700752844123],[-79.364443373438405,43.677232092364484],[-79.364106831072348,43.677479238007585],[-79.363837946021249,43.677789454474535],[-79.363595097587435,43.678063705099959],[-79.363598935006507,43.678428262978571],[-79.363731449199094,43.678797474958373],[-79.364048597036756,43.679085885665046],[-79.364184635948675,43.679202965453463],[-79.36443115193434,43.679410387325532],[-79.364869557389596,43.679730444066301],[-79.365278508964252,43.680045954740919],[-79.365628288048924,43.680307413520765],[-79.365704123937022,43.680366011173831],[-79.366108400748772,43.680690514665322],[-79.366344422437663,43.681032840728612],[-79.366368419019622,43.681397394891398],[-79.366166163961381,43.681721205461038],[-79.365830309992106,43.681990842060202],[-79.365408837621786,43.682242365261487],[-79.365032664847647,43.682507460358806],[-79.364653086716203,43.682741036590933],[-79.364253044829297,43.682934081364266],[-79.363790357675299,43.683064031940802],[-79.36357428500672,43.683144011930359],[-79.363390388179923,43.683212076230426],[-79.36327894100701,43.683306447721215],[-79.363397079042571,43.683860151375136],[-79.363215464701199,43.683954348906859],[-79.363178067844203,43.683976366354486],[-79.36314119073775,43.683998897486603],[-79.363104796457705,43.684021816241149],[-79.363069008710767,43.684045266787663],[-79.363033765807145,43.684069105031931],[-79.362998968457688,43.684093357859325],[-79.362964802857547,43.684117962484322],[-79.362931268740454,43.68414303592418],[-79.362898204963813,43.684168532979605],[-79.362865785196661,43.684194444858079],[-79.362833972454325,43.684220672501354],[-79.362802642517607,43.684247296772632],[-79.362772080543749,43.684274372022443],[-79.362742125759624,43.684301691028331],[-79.362712790117612,43.684329451833847],[-79.362684073802711,43.684357573427917],[-79.362655989362509,43.684385992816942],[-79.362628635922974,43.684414755127072],[-79.362601777694408,43.684443914083197],[-79.362575787132286,43.684473317111248],[-79.362550403537185,43.684503062912704],[-79.3625256518811,43.68453307950756],[-79.362501656138477,43.684563394049249],[-79.362478391359033,43.684594069517395],[-79.362455771150422,43.684624916781004],[-79.362433993559151,43.684656116104989],[-79.362412699211603,43.68468752303631],[-79.362392272578248,43.684719156040728],[-79.36237258943909,43.684751095980857],[-79.362353699532918,43.684783288909166],[-79.362335404526576,43.684815680579348],[-79.362317952534241,43.684848253287917],[-79.362301256587685,43.684881069939607],[-79.36228530442844,43.684914067510874],[-79.362270083550982,43.68494729099347],[-79.362255618907824,43.68498067740861],[-79.362241922883115,43.685014235772819],[-79.36222907012656,43.685047867161977],[-79.362211500401358,43.685083050089567],[-79.362198287659481,43.685116789056593],[-79.362185806327858,43.685150699928478],[-79.362173932350231,43.685184791557226],[-79.362162951177183,43.685218992276766],[-79.362152800647408,43.685253365021516],[-79.362143294830446,43.685287855559658],[-79.362134669542073,43.685322401166609],[-79.362126775629974,43.685357136682242],[-79.362119774797293,43.685391864273043],[-79.362113480762844,43.685426682728824],[-79.362107943101535,43.685461610112156],[-79.362103273530821,43.685496610552633],[-79.36209934815902,43.685531620891808],[-79.362096154583696,43.685566641114789],[-79.362093841527567,43.685601725408901],[-79.362092421292814,43.685636918795524],[-79.362091596685204,43.68567200488485],[-79.362091652642334,43.68570713704284],[-79.362092551913122,43.685742333227168],[-79.362094208064192,43.685777422308746],[-79.362096608425048,43.685812521289193],[-79.362099877220686,43.685847549306622],[-79.362103877845627,43.685882578206581],[-79.362108771818953,43.68591749116689],[-79.36211438511738,43.685952450000975],[-79.362120742962205,43.685987274713099],[-79.362127882380662,43.686022046359497],[-79.362135877962174,43.686056693019587],[-79.362144729584486,43.686091268700864],[-79.362154201802198,43.686125674104844],[-79.362164542487776,43.686159999543328],[-79.362175627727453,43.686194190858849],[-79.362187457295761,43.686228347065246],[-79.362200155851085,43.686262198273461],[-79.362213586477864,43.686295951348171],[-79.362227786533211,43.686329543325002],[-79.362243463289019,43.686362867040394],[-79.362283404810753,43.686465539024624],[-79.36232411598759,43.686568004890084],[-79.362365695972642,43.686670300760554],[-79.362408008120156,43.686772516483664],[-79.362451201734515,43.686874454209594],[-79.362495239216813,43.686976284916867],[-79.362539897585606,43.687077882318164],[-79.362585548945688,43.687179255861402],[-79.362631845616733,43.687280567150971],[-79.362679991706145,43.687381421575381],[-79.362693684240597,43.687414778844477],[-79.362706619706174,43.68744832422977],[-79.362718711334225,43.687482030623428],[-79.362730045993615,43.6875158801274],[-79.362740511963523,43.687549908612965],[-79.362750233489564,43.687584026216548],[-79.362759210549996,43.687618241939596],[-79.362767319040131,43.687652582637199],[-79.362774683267247,43.687686931441867],[-79.362781302758151,43.687721495383073],[-79.362787053859378,43.687756103287811],[-79.362791936589943,43.687790746154917],[-79.362796074990612,43.687825424133393],[-79.362799344997271,43.687860146075742],[-79.362801858041394,43.687895002128755],[-79.362803627079899,43.68792974927289],[-79.362804564891874,43.687964558428263],[-79.362804609536653,43.687999393515334],[-79.362803909925475,43.688034227708911],[-79.362802341993742,43.688069069861385],[-79.362800042248622,43.688103893132663],[-79.362796861919435,43.688138661338918],[-79.362792937677639,43.688173275629865],[-79.362788144863373,43.688208005894737],[-79.362782620558633,43.688242573257739],[-79.362776339604693,43.68827713071061],[-79.362769066523356,43.688311587957564],[-79.362761173627561,43.688345864433678],[-79.36275239993266,43.688380175856707],[-79.362742932056477,43.688414279415433],[-79.362732546514351,43.688448264854252],[-79.362721429185399,43.688482213407923],[-79.362709444031012,43.688515944886817],[-79.362696715073042,43.688549468440904],[-79.362683229474754,43.688582973081864],[-79.362669037324821,43.688616251839676],[-79.362653952597398,43.688649286487994],[-79.362638248003137,43.688682158365864],[-79.362621675350283,43.68871491218124],[-79.362612344509273,43.688732399493027],[-79.362604359072037,43.688747377058618],[-79.362586286393167,43.688779715005694],[-79.362565378394919,43.688815154989108],[-79.362547835828522,43.688843478987629],[-79.362527544484166,43.688875031143958],[-79.362506633245744,43.688906429528785],[-79.362484866941969,43.688937448826429],[-79.36246230738854,43.688968179123719],[-79.362451731551019,43.688982190422188],[-79.362439177474101,43.688998791713125],[-79.36241531659816,43.689028998359426],[-79.362390687402637,43.689058862026286],[-79.362365425965663,43.689088544900443],[-79.362339445928555,43.689117839847633],[-79.362312834060504,43.689146773975736],[-79.362285602497835,43.689175464315859],[-79.362257627668683,43.689203703688783],[-79.362228921359062,43.689231762147116],[-79.361697791037827,43.689811506469873],[-79.361653407811232,43.689854388951858],[-79.361609519920904,43.689897614065252],[-79.361566375336125,43.689941236118756],[-79.361523837958316,43.689985101926261],[-79.361482056126562,43.690029436700605],[-79.361440893866586,43.690074033247981],[-79.361400363355898,43.690118990598059],[-79.36136070053341,43.6901642010221],[-79.361321520605543,43.69020977206975],[-79.361283208243577,43.690255650200505],[-79.361245515271278,43.690301871119217],[-79.361208429492208,43.69034834479865],[-79.361172236133584,43.690395107591002],[-79.361136649700498,43.690442240161993],[-79.361101806937072,43.690489616660159],[-79.361067707927688,43.690537201081099],[-79.361034352341278,43.690585137445822],[-79.361001616338868,43.690633335591407],[-79.360969748184075,43.690681723809959],[-79.360938623684916,43.690730364960217],[-79.360908106264858,43.690779312884338],[-79.360878481381846,43.690828504921171],[-79.360849463830235,43.690877895717747],[-79.36082131398841,43.690927539599286],[-79.360793895550287,43.690977373391391],[-79.360767220755747,43.691027469119859],[-79.360741302177786,43.691077754790129],[-79.360716251295557,43.691128302548954],[-79.360691845218298,43.691178941100603],[-79.360668269542117,43.691229877701524],[-79.36064545044357,43.691280851224683],[-79.360623498860321,43.691332167849801],[-79.360602278840034,43.691383611380502],[-79.360581827661903,43.691435154858787],[-79.36056210788351,43.691486897253611],[-79.360543256086487,43.691538784724244],[-79.360525148077002,43.691590880128622],[-79.360507908178064,43.691643066601948],[-79.360491412383368,43.691695325990715],[-79.360475660173151,43.691747883326961],[-79.36046077635082,43.691800414716731],[-79.360446747929188,43.691853172180778],[-79.360432371640115,43.6919061452489],[-79.36042106198839,43.6919579968976],[-79.360408921259904,43.692009811524628],[-79.360395912362506,43.692061535076675],[-79.3603821716667,43.692113203725164],[-79.36036753825914,43.692164664251273],[-79.360359724536977,43.692190740456113],[-79.360352148259878,43.692216060841695],[-79.360336026581763,43.692267348520062],[-79.360319036996216,43.692318428105381],[-79.360301303427377,43.69236935375649],[-79.360282689207708,43.692420215318911],[-79.360263355978546,43.692470850966572],[-79.36024327853076,43.692521431692839],[-79.360222320948878,43.69257172329749],[-79.360200619311968,43.692621887969757],[-79.36017817384834,43.692671826695303],[-79.360154971879268,43.692721656474959],[-79.360130926859156,43.692771251184283],[-79.360106137986392,43.692820628946713],[-79.360080592707661,43.692869852755521],[-79.360054303594026,43.692918850615165],[-79.360027258322432,43.692967586504935],[-79.359999369782116,43.693016177334371],[-79.359970861643689,43.693064461353643],[-79.359941473268876,43.693112492250677],[-79.359911452615663,43.693160333337715],[-79.35988060128139,43.693207948365888],[-79.359849105596084,43.693255229547511],[-79.359816742031796,43.693302275622131],[-79.359783770931685,43.693349158918707],[-79.359750031612137,43.693395627203358],[-79.359715585679311,43.69344186057689],[-79.359680358573769,43.6934879129549],[-79.359644549431152,43.693533505541126],[-79.359607959050507,43.693578944134281],[-79.359570662450977,43.693623976789652],[-79.359532708917257,43.693668747587729],[-79.359493180046911,43.693713426423564],[-79.358420381142764,43.695057471583127],[-79.358350549187236,43.695152339669889],[-79.358300495157422,43.695219454253305],[-79.358279960832846,43.695246963739791],[-79.358208641036839,43.695341280813381],[-79.358172192312026,43.695388852413409],[-79.358136552430977,43.695435353851927],[-79.358063893590426,43.695529147095414],[-79.357990354537762,43.69562258814738],[-79.357916046774022,43.695715740153737],[-79.357841156533567,43.695808540335619],[-79.357765509941146,43.6959010694871],[-79.357688995298602,43.695993345470214],[-79.357611960266922,43.696085242698295],[-79.357534082205461,43.696176796773315],[-79.357455584248427,43.696268079982104],[-79.357376193462528,43.696359091982899],[-79.357296319477513,43.696449734271056],[-79.357215565321525,43.696539997348431],[-79.357134203818049,43.696629926560597],[-79.357052061067151,43.696719611701674],[-79.356969236657235,43.696808908873997],[-79.356885767805153,43.696897818122729],[-79.356801629526103,43.696986411425442],[-79.35671666047449,43.697074715582282],[-79.356638147301027,43.697160957475802],[-79.356586154543038,43.697212361608948],[-79.356533430547913,43.69726342275132],[-79.356480086712651,43.69731424905725],[-79.356426123444365,43.69736466950193],[-79.356371528207504,43.697414738076453],[-79.356316338220054,43.697464454826722],[-79.356260504136188,43.69751370267312],[-79.356204062615049,43.697562715694225],[-79.356147001615398,43.697611340852177],[-79.356089321330572,43.697659497134737],[-79.356031157863157,43.697707337734201],[-79.35597221369953,43.697754763260889],[-79.355912786331032,43.697801882103953],[-79.355852752168985,43.697848496078606],[-79.355792222373992,43.697894812353645],[-79.35573107312014,43.697940731757896],[-79.355669267382609,43.697986173232024],[-79.355606891789677,43.698031226897292],[-79.355544107645159,43.698075883955326],[-79.355480629560347,43.698120162047196],[-79.355416730734134,43.698163953501954],[-79.355352125582868,43.698207356971594],[-79.355287124265502,43.698250372847596],[-79.355221516177252,43.698292874844597],[-79.355155412650944,43.698334998121865],[-79.35508882622328,43.698376688686778],[-79.355021595676504,43.698417919330133],[-79.354953993973581,43.698458681395913],[-79.354885785089479,43.698499100601801],[-79.354817180346032,43.698539006190714],[-79.354748005945524,43.698578442947543],[-79.354678299107732,43.698617410918558],[-79.354608220769165,43.698656054328069],[-79.354537523453828,43.698694102821953],[-79.354466479909036,43.698731637757852],[-79.354394928459698,43.698768820952317],[-79.354318123989231,43.698808058700884],[-79.354251189098122,43.698844617598645],[-79.354183597977425,43.698880599537723],[-79.354115536027095,43.698916292794607],[-79.354047103023433,43.698951481465116],[-79.353978137770099,43.69898612933752],[-79.353908826103705,43.699020344663751],[-79.35383901921233,43.6990541002491],[-79.353768717074914,43.699087405093891],[-79.353698168085728,43.699120151499756],[-79.353626987249086,43.699152500996348],[-79.353555447728752,43.699184363919599],[-79.35348350003116,43.699215686197753],[-79.353411218355831,43.699246566939287],[-79.353338540956145,43.699276889047681],[-79.353265405690877,43.699306697448847],[-79.35319186185815,43.699336127224441],[-79.353118108557581,43.699364935594872],[-79.353043822867747,43.699393266165181],[-79.352969203383381,43.699421083184603],[-79.352894212754052,43.699448440612123],[-79.352818950410068,43.699475266564804],[-79.352743341979419,43.699501533942431],[-79.352667337506603,43.699527377699198],[-79.35259096211476,43.699552671848735],[-79.352514352278533,43.69957741656647],[-79.352437346757497,43.699601593641098],[-79.352360106641044,43.699625284291557],[-79.352282507864217,43.699648488356978],[-79.352204637606746,43.699671070930144],[-79.352126396108645,43.699693238910918],[-79.352048069145027,43.699714821644129],[-79.351969222395965,43.699735854572246],[-79.351898302040539,43.699757473798009],[-79.35182689912584,43.699778543276004],[-79.351755386142202,43.699798946471688],[-79.351683365456566,43.69981893490484],[-79.351611098143266,43.699838292882646],[-79.351538609039906,43.699857011435661],[-79.351465835581834,43.699875306512872],[-79.351392840404074,43.699892935160626],[-79.351319449770486,43.699909915155047],[-79.351245812163086,43.699926408711661],[-79.351172076642115,43.699942344013856],[-79.351097982846724,43.699957648712044],[-79.351023754144506,43.699972305094072],[-79.350949278631958,43.699986412027819],[-79.350916373486157,43.699992390973584],[-79.350874568650767,43.699999996532817],[-79.350799699067181,43.70001288768195],[-79.350724619698468,43.700025310441433],[-79.35064928161195,43.700036985707179],[-79.350573808028187,43.700048255688422],[-79.350510265829882,43.700061098445921],[-79.35044647647652,43.700073535787048],[-79.350382428144471,43.700085333662585],[-79.350318132973655,43.700096600103386],[-79.350253727753497,43.700107209270307],[-79.350189174683081,43.700117395146904],[-79.350124412223238,43.700126959624114],[-79.350059490070166,43.700135875762854],[-79.349994469788399,43.700144332670604],[-79.349929314765319,43.70015208726452],[-79.349863925142628,43.700159382447822],[-79.34979848742762,43.700166056442086],[-79.349733001532371,43.700172145252274],[-79.349667355752942,43.700177666733971],[-79.349601587288944,43.700182629937103],[-79.349535807713025,43.700187071013445],[-79.349469955330846,43.700190854862541],[-79.349404067162098,43.700194062544547],[-79.349338043931979,43.700196702929851],[-79.349272009710049,43.700198776181828],[-79.34920602673499,43.700200201371004],[-79.34913989613959,43.700201122255528],[-79.349073791755714,43.700201485056986],[-79.349019189325233,43.700201511963066],[-79.348964489244892,43.700200899623063],[-79.348909778092604,43.700199756166683],[-79.348855192615559,43.700197973759337],[-79.348800608476424,43.700195660252092],[-79.348746150264702,43.700192608780377],[-79.348691705597147,43.700189107236596],[-79.348637250318163,43.700184894551604],[-79.3485829328351,43.700180159948907],[-79.348528827657901,43.70017487652359],[-79.348474749162648,43.700168855002971],[-79.348420820851942,43.700162320582884],[-79.348366993190865,43.700155237192732],[-79.34831342774099,43.700147497031637],[-79.34825996287563,43.700139234904675],[-79.348206648518371,43.70013033386158],[-79.348153559020489,43.700120830006497],[-79.348100607490764,43.70011074122678],[-79.348047905341332,43.700100166684862],[-79.347995440666878,43.700088908337037],[-79.34794325018882,43.700077164260684],[-79.347891284736434,43.700064754365094],[-79.347839580985166,43.700051894730166],[-79.347788151980353,43.700038333337744],[-79.347737059073893,43.700024340308346],[-79.347686228395915,43.700009690511962],[-79.347635647085312,43.699994563957425],[-79.347585427099986,43.699978843777671],[-79.347557125842201,43.699969615729451],[-79.347535605547264,43.69996257502909],[-79.347486132778513,43.69994576664724],[-79.347436946806837,43.699928400547236],[-79.347388097077555,43.699910548805761],[-79.347339621062872,43.699892112459146],[-79.347252002724375,43.69986354235742],[-79.347161008843372,43.699835363731431],[-79.347070376305865,43.699806609434276],[-79.346979993545375,43.69977724331234],[-79.346890009352734,43.699747301570639],[-79.346800373828231,43.699716892158619],[-79.34671113698991,43.699685862122337],[-79.346622261275783,43.699654346431579],[-79.346533747100665,43.699622183064641],[-79.346445631250305,43.69958954309616],[-79.346357876828037,43.69955630045947],[-79.346270483329903,43.699522653182953],[-79.346183488483192,43.699488403289962],[-79.346127210269927,43.699469622881203],[-79.346070570964542,43.699451364032797],[-79.346013657389094,43.699433635862462],[-79.345956370220378,43.699416465239743],[-79.345898858497677,43.699399789356079],[-79.345841084723233,43.69938371617593],[-79.345782912907481,43.69936805648851],[-79.345724540978011,43.699353035592416],[-79.345665870119063,43.699338482329537],[-79.345606999166435,43.699324558856034],[-79.345547853979298,43.699311148054711],[-79.345488571144273,43.69929820510341],[-79.345428939447658,43.699285846732913],[-79.34536916973029,43.699274100231811],[-79.345309150678418,43.699262830429966],[-79.345272121322182,43.699256299388935],[-79.344022851999341,43.699159737010973],[-79.343959942390484,43.699162891612239],[-79.34389714282274,43.69916666741765],[-79.343834354252039,43.699170983280545],[-79.343771576629933,43.699175857203429],[-79.343709033085631,43.699181361501658],[-79.343646500556488,43.699187396856402],[-79.343584078316738,43.699193954402233],[-79.343521902462371,43.699201178346151],[-79.343459725305152,43.699208897325029],[-79.34339767062805,43.699217219523767],[-79.343335850088309,43.699226145095629],[-79.343274189760578,43.699235475911422],[-79.343212614195707,43.699245598923063],[-79.343151186409699,43.699256136163285],[-79.343090104624764,43.699267195919816],[-79.343029033580237,43.6992788857482],[-79.342968333229365,43.699291143133941],[-79.342907743126503,43.699303931714645],[-79.342847424485143,43.699317278715895],[-79.342787327606885,43.699331211073613],[-79.342727490015747,43.699345611823155],[-79.342667936100042,43.699360643021535],[-79.342611070759389,43.699377064088232],[-79.342554439558526,43.699394079533725],[-79.34249817903931,43.69941166254263],[-79.342442177894569,43.699429677942852],[-79.342386572148015,43.699448296946684],[-79.342331300119085,43.699467384450372],[-79.342276274724554,43.699487030347079],[-79.342221645172984,43.699507108825145],[-79.342167510102712,43.699527854054658],[-79.342113609634595,43.699549013641466],[-79.342060067739567,43.699570623762341],[-79.342007057897035,43.69959276566906],[-79.341954257415239,43.699615483922621],[-79.341902076114323,43.699638626068321],[-79.341850154035399,43.699662254617976],[-79.341798751717278,43.6996863699325],[-79.341747683083099,43.699710962753727],[-79.341697121730661,43.699736069327585],[-79.34164706770666,43.69976167165229],[-79.341597372343657,43.699787688510931],[-79.34154818428425,43.699814210122831],[-79.341499478951604,43.699841146441727],[-79.341451256345337,43.69986849746828],[-79.341403553186979,43.699896452280896],[-79.341356332991424,43.699924731789878],[-79.34130960788039,43.699953444028054],[-79.341263390117845,43.699982643020704],[-79.341217779337228,43.70001218488634],[-79.341172514450861,43.700042276292407],[-79.341127918508462,43.700072737662666],[-79.341083904472839,43.700103640887122],[-79.341040398212613,43.70013486884671],[-79.340997535750176,43.700166592755536],[-79.340955131340962,43.700198677336701],[-79.34091337082468,43.700231221863369],[-79.340872093270434,43.700264091093075],[-79.340831435033863,43.700297330222561],[-79.340791383470275,43.7003310292477],[-79.340623529017222,43.70045370782001],[-79.34015231967534,43.700798077919117],[-79.338458395330306,43.702043354835652],[-79.336875903343653,43.703198275617041],[-79.336360292638943,43.703579714803212],[-79.335439604368759,43.704260761694513],[-79.335648314271253,43.704401220814667],[-79.335828875972396,43.704512970068606],[-79.336009153532515,43.704624511598283],[-79.336438891444587,43.704826584827131],[-79.336914775854169,43.70498783849915],[-79.337361941728815,43.705079127438381],[-79.337831649866018,43.705148933567962],[-79.338169113646771,43.705335036087227],[-79.338179313146,43.705643992201779],[-79.33788126251514,43.705924742602406],[-79.337539623795678,43.706162602219777],[-79.337281184014543,43.706435153155198],[-79.337199663323219,43.70674215143459],[-79.337404743067339,43.706990878397207],[-79.337811344345624,43.707212995304914],[-79.33802843793697,43.707462287251886],[-79.337905801863016,43.707698900797382],[-79.337875379725162,43.707757581930977],[-79.337813767849696,43.708090532466166],[-79.337823289284259,43.708429551735499],[-79.33789306085626,43.708826048526241],[-79.337910906001611,43.708880711524536],[-79.338009127899667,43.709181889135039],[-79.338258509227799,43.709517080390071],[-79.338340729872897,43.709586182405893],[-79.338593174875484,43.709798320938198],[-79.339020963280134,43.709962288174339],[-79.33928226631906,43.71006052663472],[-79.33938779677338,43.710137401751304],[-79.339421481574988,43.710269506637545],[-79.339431730957571,43.710423028606549],[-79.339411150519041,43.710588109891241],[-79.339442956806678,43.710712813082324],[-79.339533449097814,43.710766362658703],[-79.339758214049255,43.710845177997825],[-79.339958182127631,43.710986210918954],[-79.340053402642468,43.711053943691688],[-79.34019323060032,43.711206998726226],[-79.340284082518309,43.711368644378176],[-79.340309493594518,43.711509900699284],[-79.340289778291933,43.71169575823405],[-79.340005746403591,43.711970295585161],[-79.339731295336307,43.712229570509344],[-79.339493965504573,43.712486124505389],[-79.33948303825332,43.712660787638434],[-79.33952801564061,43.712793484373215],[-79.3398549001828,43.713009360992658],[-79.340039134202954,43.713031438019065],[-79.340212951080147,43.713004299296095],[-79.340452382031842,43.712797334710288],[-79.340756924087472,43.712693164734006],[-79.341104151896729,43.712692855835023],[-79.341478183844643,43.712782046591649],[-79.341825702751947,43.712944910762658],[-79.342134700268986,43.713133041223401],[-79.342497464181861,43.713257110961962],[-79.342858711222178,43.713354371708647],[-79.34309887059834,43.713564457980112],[-79.343289835275627,43.713814441896702],[-79.34334815664144,43.713915957031752],[-79.343442625172102,43.714080350438508],[-79.343781587551589,43.714283990612522],[-79.344134285335883,43.714384026017115],[-79.344463703625209,43.71454642538032],[-79.344726038993244,43.714784685297303],[-79.344803175897823,43.715040515788836],[-79.344944808657672,43.715219013911394],[-79.345296489583944,43.715215511874725],[-79.345647006346496,43.715099869519499],[-79.345794565160446,43.715073595985018],[-79.345843590665609,43.715075903426943],[-79.345916540769878,43.715088540539533],[-79.345991382318161,43.715113718905691],[-79.346060428396058,43.715148637779592],[-79.346110272959663,43.715184916955501],[-79.346169674741361,43.715235151919458],[-79.346204159586549,43.715270015186896],[-79.346253901134943,43.715336952442598],[-79.346288334494659,43.715387144755539],[-79.346317047060253,43.715427572003613],[-79.34633805653651,43.715476360057899],[-79.346341766632037,43.715525115852515],[-79.346339516002047,43.715599697240464],[-79.346346946345633,43.715688387609212],[-79.346355010153047,43.715762298764524],[-79.346371295333711,43.715858184033827],[-79.346387673082276,43.71590813601334],[-79.34642883874011,43.715956132018491],[-79.346472827352926,43.715992133125781],[-79.34654157398333,43.716028185459884],[-79.346604825931507,43.71605823554227],[-79.346679138843484,43.716072305194757],[-79.346792030111814,43.716078451401323],[-79.34690763413839,43.716086590407315],[-79.347108608558855,43.716108831470144],[-79.34729304558104,43.716129060809671],[-79.347480285671608,43.716135296638953],[-79.347612452761453,43.716135463916281],[-79.347772165089637,43.716137675008397],[-79.34797035279361,43.716157912565784],[-79.348229042566672,43.716191840027918],[-79.348561883189248,43.716294706772366],[-79.348919515925061,43.716310455161128],[-79.349176337181007,43.716238793280027],[-79.349276406565338,43.716221300818582],[-79.349498734187506,43.716166578092519],[-79.349618019088155,43.716137201969168],[-79.349886803108774,43.716030332312386],[-79.350020269273656,43.715857854417258],[-79.350348969449556,43.715779875291261],[-79.350710575119606,43.71573889736014],[-79.351080617248201,43.71569866737935],[-79.351353035531986,43.715701155268576],[-79.351414438819646,43.715701730173208],[-79.351765033060346,43.715702068361715],[-79.352085682610635,43.715661780062732],[-79.35232116895132,43.71573487771191],[-79.352415087919312,43.715942198936823],[-79.352489925014495,43.716152861923149],[-79.352627641543876,43.716233204749074],[-79.352964604646886,43.716409352211635],[-79.353072687287366,43.716616520066871],[-79.35295529839091,43.716890925393884],[-79.352766625079056,43.717129251773677],[-79.352696419047945,43.717286692271742],[-79.352635623824526,43.717417132092358],[-79.352665559076954,43.717705237804751],[-79.352711127372615,43.717777297558172],[-79.352852914282437,43.718011521757504],[-79.353062054356926,43.718286329009644],[-79.353222271483901,43.718592577436844],[-79.35327849342768,43.718912212060943],[-79.35328282932231,43.719200248668983],[-79.353323662358875,43.71947934885376],[-79.353257484131888,43.71974030017779],[-79.352984701569568,43.719960489283515],[-79.352940800414856,43.719987436559848],[-79.352663437259878,43.720171631999975],[-79.352415876540249,43.720373849740582],[-79.352299414011085,43.720585219661906],[-79.352402890503583,43.72076988792687],[-79.352616980499619,43.720932168646577],[-79.352759256679747,43.720959346753318],[-79.352896878798333,43.720986536695861],[-79.353136506923477,43.720932828343884],[-79.353339273369912,43.720721541346293],[-79.353449165695025,43.720505652320703],[-79.353768324328797,43.720348521211818],[-79.353822304514125,43.720326087134154],[-79.354131716684492,43.720200455915503],[-79.354399832667269,43.719989268388254],[-79.354565689772329,43.719728434282565],[-79.354723055072768,43.719468174212835],[-79.354836042771851,43.719391096030897],[-79.355020657609728,43.719265627870449],[-79.355388431581602,43.71918037483816],[-79.355768124138748,43.719180845575757],[-79.356105234887039,43.719145274452018],[-79.356252641364804,43.719293980568629],[-79.356242367509793,43.719537010422187],[-79.356024780462462,43.719703259694192],[-79.355810358081087,43.719837999162358],[-79.355849351903544,43.720076581469797],[-79.356186026304854,43.720225517180452],[-79.356541621104697,43.720252967777483],[-79.356862892643463,43.720194862420925],[-79.357147370873449,43.720118689681556],[-79.357412421759946,43.720049251938761],[-79.357579275440742,43.720006704021209],[-79.357614606580555,43.719992112005514],[-79.357872384491628,43.719885542978972],[-79.358159724736865,43.719741888900579],[-79.358438795029983,43.719652213355161],[-79.35875800918248,43.719643597994178],[-79.359049253084891,43.719643939503513],[-79.359377796269925,43.719626323663284],[-79.359685337337936,43.719631193226917],[-79.359975708819789,43.719681047183933],[-79.360340256906753,43.719694986056567],[-79.360687671781321,43.719722413762902],[-79.361025005042947,43.719767821655545],[-79.361366676711128,43.719772728187699],[-79.361697112535253,43.719768618853742],[-79.361970320262046,43.719867944849327],[-79.362125915539266,43.720003142386794],[-79.36218048430726,43.720052715070203],[-79.362440499214088,43.720147532405775],[-79.363126618534139,43.720139345812079],[-79.3632515255578,43.720301508808085],[-79.36349494684616,43.720364808516116],[-79.363712522249315,43.7205405835062],[-79.363826427111633,43.720761249863237],[-79.364029790035687,43.720878508189848],[-79.364181661974357,43.720775174388351],[-79.364325923209989,43.720617823855399],[-79.364567267133893,43.720568585194655],[-79.364852798236299,43.720528426530315],[-79.365174543521562,43.720438775999057],[-79.365453696939895,43.720475109928429],[-79.365544659551077,43.72055170958059],[-79.365586194435338,43.720709280289917],[-79.365535317894441,43.720916258174789],[-79.365417688785683,43.721136641323483],[-79.365286525995671,43.721348016146308],[-79.365147962860391,43.721554899458837],[-79.365010235855451,43.72174826370977],[-79.364812122234341,43.721883039276797],[-79.364719374191054,43.722080956977713],[-79.364741782433413,43.72228801216874],[-79.364811411888738,43.722535637815902],[-79.364844207130844,43.722787693480946],[-79.364907257215776,43.723030801644356],[-79.365008736250431,43.723278446774763],[-79.364992421413007,43.723513260979367],[-79.364972022668908,43.723576920688529],[-79.364919270276417,43.723732903930397],[-79.364894838375491,43.723801734572298],[-79.364831447523514,43.72398034332052],[-79.36472849642746,43.724232265351418],[-79.364707871531451,43.724434786916312],[-79.364708144881263,43.724484294076547],[-79.364761413672241,43.724601373272307],[-79.36494247909296,43.724799614697105],[-79.365059845272953,43.724871763253731],[-79.365206267138277,43.724966449062855],[-79.365746310797917,43.725610655426841],[-79.365789197852393,43.725853739299836],[-79.365864307113569,43.726096860964191],[-79.366089677763497,43.726268148784357],[-79.366541804578048,43.726687235230948],[-79.366659524170359,43.726943916941075],[-79.366790151408097,43.72717360084448],[-79.367071483977512,43.727299936708498],[-79.367350878952905,43.727241762241242],[-79.367447531284938,43.727034827870554],[-79.367481361895116,43.726823346978236],[-79.367724222795644,43.726805607804557],[-79.367964105673721,43.726900398168773],[-79.368144895183605,43.727062629168088],[-79.368163873734332,43.727260678313634],[-79.368365150394823,43.72727891276606],[-79.368544287703912,43.727130607488704],[-79.368749819987229,43.726973303995486],[-79.369023194651732,43.726834089367578],[-79.3692597552118,43.726676847503157],[-79.369501207372181,43.72658710202559],[-79.369774941239868,43.726641421657526],[-79.370037788418585,43.726713712732433],[-79.370325571800521,43.72672304982175],[-79.370551090713988,43.726642276288274],[-79.370800013688736,43.726696574364816],[-79.370906329675762,43.726867709036767],[-79.370821760601714,43.727227672055875],[-79.370997862782374,43.727403395094619],[-79.371295960571985,43.727507245382434],[-79.371584876263242,43.727534583051849],[-79.371839542919702,43.727615880022597],[-79.37209804464544,43.727715183192316],[-79.372402117360437,43.727742517752127],[-79.372535488184752,43.72758513589087],[-79.372582466958633,43.727387170026532],[-79.372342477394525,43.727314892339372],[-79.372100181478231,43.727265114663638],[-79.371980218052727,43.727129961783774],[-79.372039915971897,43.726963478704],[-79.372187713934593,43.726774636042563],[-79.372398430336347,43.726725346650326],[-79.372589083677212,43.726824572961974],[-79.37282639222839,43.726860842197141],[-79.37308749482871,43.726838629305064],[-79.373319506483114,43.726802890720876],[-79.373525690008321,43.726884130201405],[-79.373674706568565,43.727046308294305],[-79.373800340887016,43.727248974950641],[-79.373951967585995,43.7274516881306],[-79.374136234556119,43.727627415331774],[-79.374256841608116,43.72782556630991],[-79.37419833459866,43.727983041594804],[-79.373961025933937,43.728311334330016],[-79.373819117382482,43.728468690407659],[-79.373809079978344,43.728626218971876],[-79.373929754025625,43.728792866007353],[-79.374072501034576,43.728982049322127]]]},"properties":{"AREA_NAME":"53"}},{"type":"Feature","geometry":{"type":"Polygon","coordinates":[[[-79.304217528822889,43.72471114774909],[-79.304807274748583,43.724758188719875],[-79.304939135574273,43.724762914441435],[-79.305056234387635,43.724776625077602],[-79.305226056549387,43.724794899064669],[-79.305418780685599,43.724808738171639],[-79.305630436816941,43.724840602629953],[-79.305773070991009,43.724872349432374],[-79.305999100442463,43.724904237630518],[-79.306188836696762,43.724932589369523],[-79.306212333525309,43.724936103687384],[-79.306423618175174,43.72496796604657],[-79.306741875733849,43.72502476234343],[-79.307014034026736,43.725058958825223],[-79.307495574070046,43.725122797522268],[-79.308110469295741,43.725213843862647],[-79.308309122224372,43.725245177459115],[-79.308802474048889,43.725323018384849],[-79.308959723763309,43.725349663949636],[-79.309282440063384,43.725391311534018],[-79.309695322345647,43.725455008379832],[-79.3098436480402,43.72547789335394],[-79.309991337957399,43.725497761663142],[-79.311231061023889,43.725664592476406],[-79.312986104367567,43.725950980486374],[-79.313523112098466,43.726023858757173],[-79.313692941879907,43.726037637556793],[-79.313841443184728,43.726064892229843],[-79.314036808216599,43.726105697819428],[-79.314233023438788,43.726128528981612],[-79.314359025078403,43.726146736172026],[-79.314614530325116,43.726178637193719],[-79.31480883744932,43.7261924630332],[-79.315072896513087,43.726219876268949],[-79.315299003722913,43.726233752719359],[-79.315554536066799,43.726261151063625],[-79.315792686095065,43.726266035729395],[-79.316028104106721,43.726275425122608],[-79.31629802665158,43.726289343106323],[-79.316642492019426,43.726276394339465],[-79.316879928790939,43.726258772497758],[-79.317147996035928,43.726250182403923],[-79.317359826358881,43.726232518599105],[-79.31762748252541,43.726228445345953],[-79.31779740816134,43.726215196479458],[-79.318025959712998,43.726188556853707],[-79.318098126160479,43.726179661482362],[-79.318294522428985,43.726134976664973],[-79.318494020306176,43.726094779052261],[-79.319071071008068,43.725996662283535],[-79.319513135451601,43.725911840392811],[-79.319979734483525,43.725786531851767],[-79.320414479223388,43.72567469122253],[-79.321899642713078,43.725289934632492],[-79.321936508001116,43.725280981826103],[-79.322296308539222,43.725200530598485],[-79.32234091874362,43.725191589702092],[-79.322654595624115,43.725111065646409],[-79.323652297362059,43.724830249329436],[-79.325299266405466,43.724399494648281],[-79.326195524974793,43.724166819673599],[-79.326908575226284,43.723978857584719],[-79.328495321289225,43.723567174221685],[-79.330070353333625,43.723164488633664],[-79.330357969486144,43.723092905904082],[-79.332024757100186,43.722588831448093],[-79.333449104494548,43.722158864947083],[-79.334712795994633,43.721777363206471],[-79.335125092344384,43.721652715313368],[-79.335212006997793,43.721625989929606],[-79.335504934834304,43.721535985333638],[-79.336255721466571,43.72130529021814],[-79.336669159620584,43.721178280053046],[-79.338162399250976,43.720719495121564],[-79.338871467562143,43.720501568495933],[-79.341198909047051,43.719793925021335],[-79.345037878210064,43.718562962198689],[-79.347258368874947,43.717879290411382],[-79.347746863161049,43.717729738219184],[-79.34812907908416,43.717631592955783],[-79.34883881636901,43.717419834127263],[-79.349979794494288,43.717098741372929],[-79.350450654169393,43.716923806924072],[-79.351127986419556,43.716686112843192],[-79.351791682462135,43.716475418826747],[-79.352372419692699,43.716307162769951],[-79.352627641543876,43.716233204749074],[-79.352489925014495,43.716152861923149],[-79.352415087919312,43.715942198936823],[-79.35232116895132,43.71573487771191],[-79.352085682610635,43.715661780062732],[-79.351765033060346,43.715702068361715],[-79.351414438819646,43.715701730173208],[-79.351353035531986,43.715701155268576],[-79.351080617248201,43.71569866737935],[-79.350710575119606,43.71573889736014],[-79.350348969449556,43.715779875291261],[-79.350020269273656,43.715857854417258],[-79.349886803108774,43.716030332312386],[-79.349618019088155,43.716137201969168],[-79.349498734187506,43.716166578092519],[-79.349276406565338,43.716221300818582],[-79.349176337181007,43.716238793280027],[-79.348919515925061,43.716310455161128],[-79.348561883189248,43.716294706772366],[-79.348229042566672,43.716191840027918],[-79.34797035279361,43.716157912565784],[-79.347772165089637,43.716137675008397],[-79.347612452761453,43.716135463916281],[-79.347480285671608,43.716135296638953],[-79.34729304558104,43.716129060809671],[-79.347108608558855,43.716108831470144],[-79.34690763413839,43.716086590407315],[-79.346792030111814,43.716078451401323],[-79.346679138843484,43.716072305194757],[-79.346604825931507,43.71605823554227],[-79.34654157398333,43.716028185459884],[-79.346472827352926,43.715992133125781],[-79.34642883874011,43.715956132018491],[-79.346387673082276,43.71590813601334],[-79.346371295333711,43.715858184033827],[-79.346355010153047,43.715762298764524],[-79.346346946345633,43.715688387609212],[-79.346339516002047,43.715599697240464],[-79.346341766632037,43.715525115852515],[-79.34633805653651,43.715476360057899],[-79.346317047060253,43.715427572003613],[-79.346288334494659,43.715387144755539],[-79.346253901134943,43.715336952442598],[-79.346204159586549,43.715270015186896],[-79.346169674741361,43.715235151919458],[-79.346110272959663,43.715184916955501],[-79.346060428396058,43.715148637779592],[-79.345991382318161,43.715113718905691],[-79.345916540769878,43.715088540539533],[-79.345843590665609,43.715075903426943],[-79.345794565160446,43.715073595985018],[-79.345647006346496,43.715099869519499],[-79.345296489583944,43.715215511874725],[-79.344944808657672,43.715219013911394],[-79.344803175897823,43.715040515788836],[-79.344726038993244,43.714784685297303],[-79.344463703625209,43.71454642538032],[-79.344134285335883,43.714384026017115],[-79.343781587551589,43.714283990612522],[-79.343442625172102,43.714080350438508],[-79.34334815664144,43.713915957031752],[-79.343289835275627,43.713814441896702],[-79.34309887059834,43.713564457980112],[-79.342858711222178,43.713354371708647],[-79.342497464181861,43.713257110961962],[-79.342134700268986,43.713133041223401],[-79.341825702751947,43.712944910762658],[-79.341478183844643,43.712782046591649],[-79.341104151896729,43.712692855835023],[-79.340756924087472,43.712693164734006],[-79.340452382031842,43.712797334710288],[-79.340212951080147,43.713004299296095],[-79.340039134202954,43.713031438019065],[-79.3398549001828,43.713009360992658],[-79.33952801564061,43.712793484373215],[-79.33948303825332,43.712660787638434],[-79.339493965504573,43.712486124505389],[-79.339731295336307,43.712229570509344],[-79.340005746403591,43.711970295585161],[-79.340289778291933,43.71169575823405],[-79.340309493594518,43.711509900699284],[-79.340284082518309,43.711368644378176],[-79.34019323060032,43.711206998726226],[-79.340053402642468,43.711053943691688],[-79.339958182127631,43.710986210918954],[-79.339758214049255,43.710845177997825],[-79.339533449097814,43.710766362658703],[-79.339442956806678,43.710712813082324],[-79.339411150519041,43.710588109891241],[-79.339431730957571,43.710423028606549],[-79.339421481574988,43.710269506637545],[-79.33938779677338,43.710137401751304],[-79.33928226631906,43.71006052663472],[-79.339020963280134,43.709962288174339],[-79.338593174875484,43.709798320938198],[-79.338340729872897,43.709586182405893],[-79.338258509227799,43.709517080390071],[-79.338009127899667,43.709181889135039],[-79.337910906001611,43.708880711524536],[-79.33789306085626,43.708826048526241],[-79.337823289284259,43.708429551735499],[-79.337813767849696,43.708090532466166],[-79.337875379725162,43.707757581930977],[-79.337905801863016,43.707698900797382],[-79.33802843793697,43.707462287251886],[-79.337811344345624,43.707212995304914],[-79.337404743067339,43.706990878397207],[-79.337199663323219,43.70674215143459],[-79.337281184014543,43.706435153155198],[-79.337539623795678,43.706162602219777],[-79.33788126251514,43.705924742602406],[-79.338179313146,43.705643992201779],[-79.338169113646771,43.705335036087227],[-79.337831649866018,43.705148933567962],[-79.337361941728815,43.705079127438381],[-79.336914775854169,43.70498783849915],[-79.336438891444587,43.704826584827131],[-79.336009153532515,43.704624511598283],[-79.335828875972396,43.704512970068606],[-79.335648314271253,43.704401220814667],[-79.335439604368759,43.704260761694513],[-79.336360292638943,43.703579714803212],[-79.336875903343653,43.703198275617041],[-79.338458395330306,43.702043354835652],[-79.34015231967534,43.700798077919117],[-79.340623529017222,43.70045370782001],[-79.340791383470275,43.7003310292477],[-79.340831435033863,43.700297330222561],[-79.340872093270434,43.700264091093075],[-79.34091337082468,43.700231221863369],[-79.340955131340962,43.700198677336701],[-79.340997535750176,43.700166592755536],[-79.341040398212613,43.70013486884671],[-79.341083904472839,43.700103640887122],[-79.341127918508462,43.700072737662666],[-79.341172514450861,43.700042276292407],[-79.341217779337228,43.70001218488634],[-79.341263390117845,43.699982643020704],[-79.34130960788039,43.699953444028054],[-79.341356332991424,43.699924731789878],[-79.341403553186979,43.699896452280896],[-79.341451256345337,43.69986849746828],[-79.341499478951604,43.699841146441727],[-79.34154818428425,43.699814210122831],[-79.341597372343657,43.699787688510931],[-79.34164706770666,43.69976167165229],[-79.341697121730661,43.699736069327585],[-79.341747683083099,43.699710962753727],[-79.341798751717278,43.6996863699325],[-79.341850154035399,43.699662254617976],[-79.341902076114323,43.699638626068321],[-79.341954257415239,43.699615483922621],[-79.342007057897035,43.69959276566906],[-79.342060067739567,43.699570623762341],[-79.342113609634595,43.699549013641466],[-79.342167510102712,43.699527854054658],[-79.342221645172984,43.699507108825145],[-79.342276274724554,43.699487030347079],[-79.342331300119085,43.699467384450372],[-79.342386572148015,43.699448296946684],[-79.342442177894569,43.699429677942852],[-79.34249817903931,43.69941166254263],[-79.342554439558526,43.699394079533725],[-79.342611070759389,43.699377064088232],[-79.342667936100042,43.699360643021535],[-79.342727490015747,43.699345611823155],[-79.342787327606885,43.699331211073613],[-79.342847424485143,43.699317278715895],[-79.342907743126503,43.699303931714645],[-79.342968333229365,43.699291143133941],[-79.343029033580237,43.6992788857482],[-79.343090104624764,43.699267195919816],[-79.343151186409699,43.699256136163285],[-79.343212614195707,43.699245598923063],[-79.343274189760578,43.699235475911422],[-79.343335850088309,43.699226145095629],[-79.34339767062805,43.699217219523767],[-79.343459725305152,43.699208897325029],[-79.343521902462371,43.699201178346151],[-79.343584078316738,43.699193954402233],[-79.343646500556488,43.699187396856402],[-79.343709033085631,43.699181361501658],[-79.343771576629933,43.699175857203429],[-79.343834354252039,43.699170983280545],[-79.34389714282274,43.69916666741765],[-79.343959942390484,43.699162891612239],[-79.344022851999341,43.699159737010973],[-79.345272121322182,43.699256299388935],[-79.345309150678418,43.699262830429966],[-79.34536916973029,43.699274100231811],[-79.345428939447658,43.699285846732913],[-79.345488571144273,43.69929820510341],[-79.345547853979298,43.699311148054711],[-79.345606999166435,43.699324558856034],[-79.345665870119063,43.699338482329537],[-79.345724540978011,43.699353035592416],[-79.345782912907481,43.69936805648851],[-79.345841084723233,43.69938371617593],[-79.345898858497677,43.699399789356079],[-79.345956370220378,43.699416465239743],[-79.346013657389094,43.699433635862462],[-79.346070570964542,43.699451364032797],[-79.346127210269927,43.699469622881203],[-79.346183488483192,43.699488403289962],[-79.346270483329903,43.699522653182953],[-79.346357876828037,43.69955630045947],[-79.346445631250305,43.69958954309616],[-79.346533747100665,43.699622183064641],[-79.346622261275783,43.699654346431579],[-79.34671113698991,43.699685862122337],[-79.346800373828231,43.699716892158619],[-79.346890009352734,43.699747301570639],[-79.346979993545375,43.69977724331234],[-79.347070376305865,43.699806609434276],[-79.347161008843372,43.699835363731431],[-79.347252002724375,43.69986354235742],[-79.347339621062872,43.699892112459146],[-79.347388097077555,43.699910548805761],[-79.347436946806837,43.699928400547236],[-79.347486132778513,43.69994576664724],[-79.347535605547264,43.69996257502909],[-79.347557125842201,43.699969615729451],[-79.347585427099986,43.699978843777671],[-79.347635647085312,43.699994563957425],[-79.347686228395915,43.700009690511962],[-79.347737059073893,43.700024340308346],[-79.347788151980353,43.700038333337744],[-79.347839580985166,43.700051894730166],[-79.347891284736434,43.700064754365094],[-79.34794325018882,43.700077164260684],[-79.347995440666878,43.700088908337037],[-79.348047905341332,43.700100166684862],[-79.348100607490764,43.70011074122678],[-79.348153559020489,43.700120830006497],[-79.348206648518371,43.70013033386158],[-79.34825996287563,43.700139234904675],[-79.34831342774099,43.700147497031637],[-79.348366993190865,43.700155237192732],[-79.348420820851942,43.700162320582884],[-79.348474749162648,43.700168855002971],[-79.348528827657901,43.70017487652359],[-79.3485829328351,43.700180159948907],[-79.348637250318163,43.700184894551604],[-79.348691705597147,43.700189107236596],[-79.348746150264702,43.700192608780377],[-79.348800608476424,43.700195660252092],[-79.348855192615559,43.700197973759337],[-79.348909778092604,43.700199756166683],[-79.348964489244892,43.700200899623063],[-79.349019189325233,43.700201511963066],[-79.349073791755714,43.700201485056986],[-79.34913989613959,43.700201122255528],[-79.34920602673499,43.700200201371004],[-79.349272009710049,43.700198776181828],[-79.349338043931979,43.700196702929851],[-79.349404067162098,43.700194062544547],[-79.349469955330846,43.700190854862541],[-79.349535807713025,43.700187071013445],[-79.349601587288944,43.700182629937103],[-79.349667355752942,43.700177666733971],[-79.349733001532371,43.700172145252274],[-79.34979848742762,43.700166056442086],[-79.349863925142628,43.700159382447822],[-79.349929314765319,43.70015208726452],[-79.349994469788399,43.700144332670604],[-79.350059490070166,43.700135875762854],[-79.350124412223238,43.700126959624114],[-79.350189174683081,43.700117395146904],[-79.350253727753497,43.700107209270307],[-79.350318132973655,43.700096600103386],[-79.350382428144471,43.700085333662585],[-79.35044647647652,43.700073535787048],[-79.350510265829882,43.700061098445921],[-79.350573808028187,43.700048255688422],[-79.35064928161195,43.700036985707179],[-79.350724619698468,43.700025310441433],[-79.350799699067181,43.70001288768195],[-79.350874568650767,43.699999996532817],[-79.350916373486157,43.699992390973584],[-79.350949278631958,43.699986412027819],[-79.351023754144506,43.699972305094072],[-79.351097982846724,43.699957648712044],[-79.351172076642115,43.699942344013856],[-79.351245812163086,43.699926408711661],[-79.351319449770486,43.699909915155047],[-79.351392840404074,43.699892935160626],[-79.351465835581834,43.699875306512872],[-79.351538609039906,43.699857011435661],[-79.351611098143266,43.699838292882646],[-79.351683365456566,43.69981893490484],[-79.351755386142202,43.699798946471688],[-79.35182689912584,43.699778543276004],[-79.351898302040539,43.699757473798009],[-79.351969222395965,43.699735854572246],[-79.352048069145027,43.699714821644129],[-79.352126396108645,43.699693238910918],[-79.352204637606746,43.699671070930144],[-79.352282507864217,43.699648488356978],[-79.352360106641044,43.699625284291557],[-79.352437346757497,43.699601593641098],[-79.352514352278533,43.69957741656647],[-79.35259096211476,43.699552671848735],[-79.352667337506603,43.699527377699198],[-79.352743341979419,43.699501533942431],[-79.352818950410068,43.699475266564804],[-79.352894212754052,43.699448440612123],[-79.352969203383381,43.699421083184603],[-79.353043822867747,43.699393266165181],[-79.353118108557581,43.699364935594872],[-79.35319186185815,43.699336127224441],[-79.353265405690877,43.699306697448847],[-79.353338540956145,43.699276889047681],[-79.353411218355831,43.699246566939287],[-79.35348350003116,43.699215686197753],[-79.353555447728752,43.699184363919599],[-79.353626987249086,43.699152500996348],[-79.353698168085728,43.699120151499756],[-79.353768717074914,43.699087405093891],[-79.35383901921233,43.6990541002491],[-79.353908826103705,43.699020344663751],[-79.353978137770099,43.69898612933752],[-79.354047103023433,43.698951481465116],[-79.354115536027095,43.698916292794607],[-79.354183597977425,43.698880599537723],[-79.354251189098122,43.698844617598645],[-79.354318123989231,43.698808058700884],[-79.354394928459698,43.698768820952317],[-79.354466479909036,43.698731637757852],[-79.354537523453828,43.698694102821953],[-79.354608220769165,43.698656054328069],[-79.354678299107732,43.698617410918558],[-79.354748005945524,43.698578442947543],[-79.354817180346032,43.698539006190714],[-79.354885785089479,43.698499100601801],[-79.354953993973581,43.698458681395913],[-79.355021595676504,43.698417919330133],[-79.35508882622328,43.698376688686778],[-79.355155412650944,43.698334998121865],[-79.355221516177252,43.698292874844597],[-79.355287124265502,43.698250372847596],[-79.355352125582868,43.698207356971594],[-79.355416730734134,43.698163953501954],[-79.355480629560347,43.698120162047196],[-79.355544107645159,43.698075883955326],[-79.355606891789677,43.698031226897292],[-79.355669267382609,43.697986173232024],[-79.35573107312014,43.697940731757896],[-79.355792222373992,43.697894812353645],[-79.355852752168985,43.697848496078606],[-79.355912786331032,43.697801882103953],[-79.35597221369953,43.697754763260889],[-79.356031157863157,43.697707337734201],[-79.356089321330572,43.697659497134737],[-79.356147001615398,43.697611340852177],[-79.356204062615049,43.697562715694225],[-79.356260504136188,43.69751370267312],[-79.356316338220054,43.697464454826722],[-79.356371528207504,43.697414738076453],[-79.356426123444365,43.69736466950193],[-79.356480086712651,43.69731424905725],[-79.356533430547913,43.69726342275132],[-79.356586154543038,43.697212361608948],[-79.356638147301027,43.697160957475802],[-79.35671666047449,43.697074715582282],[-79.356801629526103,43.696986411425442],[-79.356885767805153,43.696897818122729],[-79.356969236657235,43.696808908873997],[-79.357052061067151,43.696719611701674],[-79.357134203818049,43.696629926560597],[-79.357215565321525,43.696539997348431],[-79.357296319477513,43.696449734271056],[-79.357376193462528,43.696359091982899],[-79.357455584248427,43.696268079982104],[-79.357534082205461,43.696176796773315],[-79.357611960266922,43.696085242698295],[-79.357688995298602,43.695993345470214],[-79.357765509941146,43.6959010694871],[-79.357841156533567,43.695808540335619],[-79.357916046774022,43.695715740153737],[-79.357990354537762,43.69562258814738],[-79.358063893590426,43.695529147095414],[-79.358136552430977,43.695435353851927],[-79.358172192312026,43.695388852413409],[-79.358208641036839,43.695341280813381],[-79.358279960832846,43.695246963739791],[-79.358300495157422,43.695219454253305],[-79.358350549187236,43.695152339669889],[-79.358420381142764,43.695057471583127],[-79.359493180046911,43.693713426423564],[-79.359532708917257,43.693668747587729],[-79.359570662450977,43.693623976789652],[-79.359607959050507,43.693578944134281],[-79.359644549431152,43.693533505541126],[-79.359680358573769,43.6934879129549],[-79.359715585679311,43.69344186057689],[-79.359750031612137,43.693395627203358],[-79.359783770931685,43.693349158918707],[-79.359816742031796,43.693302275622131],[-79.359849105596084,43.693255229547511],[-79.35988060128139,43.693207948365888],[-79.359911452615663,43.693160333337715],[-79.359941473268876,43.693112492250677],[-79.359970861643689,43.693064461353643],[-79.359999369782116,43.693016177334371],[-79.360027258322432,43.692967586504935],[-79.360054303594026,43.692918850615165],[-79.360080592707661,43.692869852755521],[-79.360106137986392,43.692820628946713],[-79.360130926859156,43.692771251184283],[-79.360154971879268,43.692721656474959],[-79.36017817384834,43.692671826695303],[-79.360200619311968,43.692621887969757],[-79.360222320948878,43.69257172329749],[-79.36024327853076,43.692521431692839],[-79.360263355978546,43.692470850966572],[-79.360282689207708,43.692420215318911],[-79.360301303427377,43.69236935375649],[-79.360319036996216,43.692318428105381],[-79.360336026581763,43.692267348520062],[-79.360352148259878,43.692216060841695],[-79.360359724536977,43.692190740456113],[-79.36036753825914,43.692164664251273],[-79.3603821716667,43.692113203725164],[-79.360395912362506,43.692061535076675],[-79.360408921259904,43.692009811524628],[-79.36042106198839,43.6919579968976],[-79.360432371640115,43.6919061452489],[-79.360446747929188,43.691853172180778],[-79.36046077635082,43.691800414716731],[-79.360475660173151,43.691747883326961],[-79.360491412383368,43.691695325990715],[-79.360507908178064,43.691643066601948],[-79.360525148077002,43.691590880128622],[-79.360543256086487,43.691538784724244],[-79.36056210788351,43.691486897253611],[-79.360581827661903,43.691435154858787],[-79.360602278840034,43.691383611380502],[-79.360623498860321,43.691332167849801],[-79.36064545044357,43.691280851224683],[-79.360668269542117,43.691229877701524],[-79.360691845218298,43.691178941100603],[-79.360716251295557,43.691128302548954],[-79.360741302177786,43.691077754790129],[-79.360767220755747,43.691027469119859],[-79.360793895550287,43.690977373391391],[-79.36082131398841,43.690927539599286],[-79.360849463830235,43.690877895717747],[-79.360878481381846,43.690828504921171],[-79.360908106264858,43.690779312884338],[-79.360938623684916,43.690730364960217],[-79.360969748184075,43.690681723809959],[-79.361001616338868,43.690633335591407],[-79.361034352341278,43.690585137445822],[-79.361067707927688,43.690537201081099],[-79.361101806937072,43.690489616660159],[-79.361136649700498,43.690442240161993],[-79.361172236133584,43.690395107591002],[-79.361208429492208,43.69034834479865],[-79.361245515271278,43.690301871119217],[-79.361283208243577,43.690255650200505],[-79.361321520605543,43.69020977206975],[-79.36136070053341,43.6901642010221],[-79.361400363355898,43.690118990598059],[-79.361440893866586,43.690074033247981],[-79.361482056126562,43.690029436700605],[-79.361523837958316,43.689985101926261],[-79.361566375336125,43.689941236118756],[-79.361609519920904,43.689897614065252],[-79.361653407811232,43.689854388951858],[-79.361697791037827,43.689811506469873],[-79.362228921359062,43.689231762147116],[-79.362257627668683,43.689203703688783],[-79.362285602497835,43.689175464315859],[-79.362312834060504,43.689146773975736],[-79.362339445928555,43.689117839847633],[-79.362365425965663,43.689088544900443],[-79.362390687402637,43.689058862026286],[-79.36241531659816,43.689028998359426],[-79.362439177474101,43.688998791713125],[-79.362451731551019,43.688982190422188],[-79.36246230738854,43.688968179123719],[-79.362484866941969,43.688937448826429],[-79.362506633245744,43.688906429528785],[-79.362527544484166,43.688875031143958],[-79.362547835828522,43.688843478987629],[-79.362565378394919,43.688815154989108],[-79.362586286393167,43.688779715005694],[-79.362604359072037,43.688747377058618],[-79.362612344509273,43.688732399493027],[-79.362621675350283,43.68871491218124],[-79.362638248003137,43.688682158365864],[-79.362653952597398,43.688649286487994],[-79.362669037324821,43.688616251839676],[-79.362683229474754,43.688582973081864],[-79.362696715073042,43.688549468440904],[-79.362709444031012,43.688515944886817],[-79.362721429185399,43.688482213407923],[-79.362732546514351,43.688448264854252],[-79.362742932056477,43.688414279415433],[-79.36275239993266,43.688380175856707],[-79.362761173627561,43.688345864433678],[-79.362769066523356,43.688311587957564],[-79.362776339604693,43.68827713071061],[-79.362782620558633,43.688242573257739],[-79.362788144863373,43.688208005894737],[-79.362792937677639,43.688173275629865],[-79.362796861919435,43.688138661338918],[-79.362800042248622,43.688103893132663],[-79.362802341993742,43.688069069861385],[-79.362803909925475,43.688034227708911],[-79.362804609536653,43.687999393515334],[-79.362804564891874,43.687964558428263],[-79.362803627079899,43.68792974927289],[-79.362801858041394,43.687895002128755],[-79.362799344997271,43.687860146075742],[-79.362796074990612,43.687825424133393],[-79.362791936589943,43.687790746154917],[-79.362787053859378,43.687756103287811],[-79.362781302758151,43.687721495383073],[-79.362774683267247,43.687686931441867],[-79.362767319040131,43.687652582637199],[-79.362759210549996,43.687618241939596],[-79.362750233489564,43.687584026216548],[-79.362740511963523,43.687549908612965],[-79.362730045993615,43.6875158801274],[-79.362718711334225,43.687482030623428],[-79.362706619706174,43.68744832422977],[-79.362693684240597,43.687414778844477],[-79.362679991706145,43.687381421575381],[-79.362631845616733,43.687280567150971],[-79.362585548945688,43.687179255861402],[-79.362539897585606,43.687077882318164],[-79.362495239216813,43.686976284916867],[-79.362451201734515,43.686874454209594],[-79.362408008120156,43.686772516483664],[-79.362365695972642,43.686670300760554],[-79.36232411598759,43.686568004890084],[-79.362283404810753,43.686465539024624],[-79.362243463289019,43.686362867040394],[-79.362227786533211,43.686329543325002],[-79.362213586477864,43.686295951348171],[-79.362200155851085,43.686262198273461],[-79.362187457295761,43.686228347065246],[-79.362175627727453,43.686194190858849],[-79.362164542487776,43.686159999543328],[-79.362154201802198,43.686125674104844],[-79.362144729584486,43.686091268700864],[-79.362135877962174,43.686056693019587],[-79.362127882380662,43.686022046359497],[-79.362120742962205,43.685987274713099],[-79.36211438511738,43.685952450000975],[-79.362108771818953,43.68591749116689],[-79.362103877845627,43.685882578206581],[-79.362099877220686,43.685847549306622],[-79.362096608425048,43.685812521289193],[-79.362094208064192,43.685777422308746],[-79.362092551913122,43.685742333227168],[-79.362091652642334,43.68570713704284],[-79.362091596685204,43.68567200488485],[-79.362092421292814,43.685636918795524],[-79.362093841527567,43.685601725408901],[-79.362096154583696,43.685566641114789],[-79.36209934815902,43.685531620891808],[-79.362103273530821,43.685496610552633],[-79.362107943101535,43.685461610112156],[-79.362113480762844,43.685426682728824],[-79.362119774797293,43.685391864273043],[-79.362126775629974,43.685357136682242],[-79.362134669542073,43.685322401166609],[-79.362143294830446,43.685287855559658],[-79.362152800647408,43.685253365021516],[-79.362162951177183,43.685218992276766],[-79.362173932350231,43.685184791557226],[-79.362185806327858,43.685150699928478],[-79.362198287659481,43.685116789056593],[-79.362211500401358,43.685083050089567],[-79.36222907012656,43.685047867161977],[-79.362241922883115,43.685014235772819],[-79.362255618907824,43.68498067740861],[-79.362270083550982,43.68494729099347],[-79.36228530442844,43.684914067510874],[-79.362301256587685,43.684881069939607],[-79.362317952534241,43.684848253287917],[-79.362335404526576,43.684815680579348],[-79.362353699532918,43.684783288909166],[-79.36237258943909,43.684751095980857],[-79.362392272578248,43.684719156040728],[-79.362412699211603,43.68468752303631],[-79.362433993559151,43.684656116104989],[-79.362455771150422,43.684624916781004],[-79.362478391359033,43.684594069517395],[-79.362501656138477,43.684563394049249],[-79.3625256518811,43.68453307950756],[-79.362550403537185,43.684503062912704],[-79.362575787132286,43.684473317111248],[-79.362601777694408,43.684443914083197],[-79.362628635922974,43.684414755127072],[-79.362655989362509,43.684385992816942],[-79.362684073802711,43.684357573427917],[-79.362712790117612,43.684329451833847],[-79.362742125759624,43.684301691028331],[-79.362772080543749,43.684274372022443],[-79.362802642517607,43.684247296772632],[-79.362833972454325,43.684220672501354],[-79.362865785196661,43.684194444858079],[-79.362898204963813,43.684168532979605],[-79.362931268740454,43.68414303592418],[-79.362964802857547,43.684117962484322],[-79.362998968457688,43.684093357859325],[-79.363033765807145,43.684069105031931],[-79.363069008710767,43.684045266787663],[-79.363104796457705,43.684021816241149],[-79.36314119073775,43.683998897486603],[-79.363178067844203,43.683976366354486],[-79.363215464701199,43.683954348906859],[-79.363397079042571,43.683860151375136],[-79.36327894100701,43.683306447721215],[-79.363390388179923,43.683212076230426],[-79.36357428500672,43.683144011930359],[-79.363790357675299,43.683064031940802],[-79.364253044829297,43.682934081364266],[-79.364653086716203,43.682741036590933],[-79.365032664847647,43.682507460358806],[-79.365408837621786,43.682242365261487],[-79.365830309992106,43.681990842060202],[-79.366166163961381,43.681721205461038],[-79.366368419019622,43.681397394891398],[-79.366344422437663,43.681032840728612],[-79.366108400748772,43.680690514665322],[-79.365704123937022,43.680366011173831],[-79.365628288048924,43.680307413520765],[-79.365278508964252,43.680045954740919],[-79.364869557389596,43.679730444066301],[-79.36443115193434,43.679410387325532],[-79.364184635948675,43.679202965453463],[-79.364048597036756,43.679085885665046],[-79.363731449199094,43.678797474958373],[-79.363598935006507,43.678428262978571],[-79.363595097587435,43.678063705099959],[-79.363837946021249,43.677789454474535],[-79.364106831072348,43.677479238007585],[-79.364443373438405,43.677232092364484],[-79.364831851635145,43.67700752844123],[-79.364956497399987,43.676728625895564],[-79.364686183801496,43.676458293678863],[-79.364331300146659,43.676228357405947],[-79.364030027819581,43.675939975226527],[-79.363760554197739,43.675647111479314],[-79.363468893747381,43.675399254191497],[-79.363390788031779,43.675322640650272],[-79.36310220690757,43.67492175463201],[-79.363026744332444,43.674872174969217],[-79.362985429292237,43.674809116206127],[-79.362949167685414,43.674732561503887],[-79.362910992025689,43.674647003171977],[-79.362886352963827,43.67457496304646],[-79.362880349075951,43.674493943947787],[-79.362879770582182,43.674399429372535],[-79.362902471785972,43.674309425376826],[-79.362929017321008,43.674219443987596],[-79.362942425374428,43.674120445517339],[-79.362964692268591,43.674030467988032],[-79.362988887813827,43.673953985747538],[-79.363008478069361,43.673868496659026],[-79.363027305333901,43.673769486664341],[-79.363042991227587,43.673688493550316],[-79.363044410577288,43.6736369536738],[-79.363045112228704,43.673611984843532],[-79.363055333386072,43.673540004504282],[-79.36305667308612,43.673463494859277],[-79.36304249075063,43.673395967940863],[-79.363010460923121,43.673323909969817],[-79.362950982929874,43.673242826761687],[-79.362860012868595,43.673185937308901],[-79.362789651367663,43.673130125676856],[-79.362691333806907,43.673075999677003],[-79.362575570082086,43.673026362283203],[-79.3624462006984,43.672999202710024],[-79.362327684521404,43.672976574726832],[-79.362238565541844,43.672967466036191],[-79.362169253139285,43.672935877848545],[-79.362096650362218,43.672922342306144],[-79.362047612142774,43.672913227804351],[-79.361955882715137,43.672863600781383],[-79.361852477784893,43.672827470563114],[-79.361758816123299,43.672782350709774],[-79.361666303779046,43.672728230845507],[-79.361566417057475,43.672683103300386],[-79.361465032091857,43.672615479541037],[-79.361365583962694,43.672552358702475],[-79.361259549065011,43.672484720118632],[-79.361169381425654,43.672430602695236],[-79.36107107686783,43.672371965647315],[-79.360972419217134,43.672299835098123],[-79.360876830844731,43.672241219187946],[-79.360790157000309,43.672178104389701],[-79.360774907643091,43.672165681991196],[-79.360701569644547,43.672105967864987],[-79.36061374288812,43.672042851526612],[-79.360525540330485,43.671970733335677],[-79.360456753891256,43.671889646454531],[-79.360402303124829,43.671808568037221],[-79.360344719005113,43.671736487091117],[-79.360278646974322,43.67165087574854],[-79.360224963540347,43.671565306519369],[-79.360178274382719,43.67147972781644],[-79.360130058084792,43.671389655562507],[-79.360090348891916,43.671299593699253],[-79.360051410589065,43.671214042429476],[-79.360005906563842,43.671114981113647],[-79.359963492413428,43.671020424226967],[-79.359923050155558,43.670925851736705],[-79.359876777734343,43.670826780421592],[-79.359837453711137,43.670736718933838],[-79.359795042056021,43.670646644642844],[-79.35975300060565,43.670552079126161],[-79.359712270578328,43.670464203188793],[-79.359658494894674,43.670376446239992],[-79.359593622396872,43.670277360965173],[-79.359512814395814,43.670205251053254],[-79.359420371054597,43.670124125446087],[-79.359329471320223,43.670056494654602],[-79.359233503687975,43.669997876881119],[-79.3591251233468,43.669939225727404],[-79.359026473874877,43.669871594143387],[-79.358942942705838,43.669808481794568],[-79.358849303453169,43.669740856238462],[-79.358745630574901,43.669668717542109],[-79.358643056537943,43.669614582768872],[-79.358541650159026,43.669564950012877],[-79.358462745290069,43.66950184303473],[-79.358389261395061,43.669443243382069],[-79.358313446363553,43.669384640792202],[-79.358230253214032,43.669326038002708],[-79.35818803151669,43.669293661855299],[-79.358142071686203,43.669258418630307],[-79.358058880714594,43.669204298379981],[-79.35797105213129,43.669150181307963],[-79.357885165218576,43.669082564586311],[-79.357805863040085,43.669014973993022],[-79.3577529489894,43.668947398181082],[-79.35774571100211,43.668930025607267],[-79.357686114833626,43.668861802353227],[-79.357608783119701,43.668789686404388],[-79.357557022714218,43.668722111936106],[-79.357507986977936,43.66864553950893],[-79.35750223847765,43.668632840466323],[-79.357465194093763,43.668550972181571],[-79.357427426931906,43.668465412436326],[-79.357384597058271,43.668370863032365],[-79.357346105688023,43.668271800356536],[-79.357320728384153,43.668190756698841],[-79.357183512616672,43.667697033304279],[-79.356577341872395,43.665516430249312],[-79.356531515389989,43.665390354038102],[-79.356497670507935,43.665273267179927],[-79.356463053590147,43.665147196005989],[-79.356429988451865,43.665025618434818],[-79.356399254595203,43.664904025777417],[-79.356374697426574,43.664786959541146],[-79.356347844787038,43.664665389743945],[-79.356303742915614,43.664534130819547],[-79.356267008260943,43.664417724344638],[-79.356230086029555,43.664291650182697],[-79.356199715819315,43.664179068252921],[-79.356156208158097,43.664048494109714],[-79.356127434372141,43.66392693082895],[-79.356086344863201,43.663796377699484],[-79.356046723555892,43.663679337410926],[-79.355997486481897,43.66354426431257],[-79.355959474151703,43.663418215674838],[-79.355914150651586,43.663269672460366],[-79.355880389981891,43.663139110476692],[-79.355855161719617,43.663049317306658],[-79.35583738393133,43.662986051473574],[-79.355805185804513,43.662855518435769],[-79.355759861567137,43.662702438469069],[-79.355717594177392,43.662567374021307],[-79.355664111801246,43.662414301714392],[-79.355612280747636,43.662275921652885],[-79.355569457358868,43.662135131584947],[-79.355522153603189,43.661991068347987],[-79.35547984846346,43.661851494075634],[-79.355450235624303,43.661734403184028],[-79.355444548886211,43.661711919642016],[-79.355414656930719,43.661576861706351],[-79.355378190560913,43.661432794099881],[-79.355339780945286,43.661297725361749],[-79.355294012655008,43.661144662609523],[-79.355255975371051,43.66100959430775],[-79.355219533493667,43.660881432041116],[-79.355209882022791,43.660847511756543],[-79.35517029530547,43.660712432455405],[-79.355076075014651,43.660419769370009],[-79.355032245411337,43.66027569228897],[-79.355025364698704,43.660254872454935],[-79.354986074263536,43.660136112889397],[-79.354941849869888,43.659996544939439],[-79.354897228929588,43.659856976465655],[-79.354848333870407,43.659726394887805],[-79.354804528599203,43.659577799057587],[-79.354769172991993,43.659447234635842],[-79.354731336074721,43.659307125620472],[-79.354708952739301,43.659190628759355],[-79.354676756086192,43.659051048966276],[-79.354645667606974,43.658924990592133],[-79.354603020997985,43.658789925161187],[-79.354560304859717,43.658668334638833],[-79.354518786857327,43.658533270606327],[-79.354481487494155,43.658407204271732],[-79.354450832160254,43.658276645708106],[-79.354425174920593,43.658150594172128],[-79.354395626312296,43.658029038345049],[-79.354345535758682,43.657911957009858],[-79.354324877941039,43.657872000706739],[-79.354282673908685,43.657790358697213],[-79.354205081968459,43.657664240887584],[-79.354109646265968,43.657565104296971],[-79.353985542322278,43.657452419985923],[-79.353874189839516,43.657357763537796],[-79.353755120253538,43.657245112411886],[-79.353646868013001,43.657150450703789],[-79.353533963923951,43.657046808586252],[-79.353418735290546,43.656961139069601],[-79.353376711192752,43.656928599305402],[-79.353308131359213,43.656875484371611],[-79.353202175472092,43.65678534386074],[-79.353101629624859,43.656708712227378],[-79.353002293386041,43.656614061357317],[-79.352939789644338,43.656565832744604],[-79.352897122319362,43.656532913917701],[-79.352794220303636,43.65645177830352],[-79.352689095182967,43.656357137705172],[-79.352607136300122,43.656285021255769],[-79.352515495024889,43.656212883253858],[-79.35242077519257,43.65612724817845],[-79.352334167770593,43.656055143531852],[-79.352249108945003,43.655978522142142],[-79.352151301513018,43.655888373172331],[-79.352065849084866,43.655820770488951],[-79.351978088273668,43.655744136396493],[-79.351741781782295,43.65556567541752],[-79.350838752387276,43.654769105189494],[-79.349660030226161,43.653729407952426],[-79.349520941953926,43.653596824022053],[-79.348650729801221,43.65253150794296],[-79.348176547494418,43.651954711307937],[-79.348140824771619,43.651918262369485],[-79.347997514947082,43.651747046110948],[-79.347858073654422,43.651575861820504],[-79.347723610995217,43.651411822063963],[-79.347420749320548,43.650989281520232],[-79.347368031518315,43.650889305062229],[-79.347347077409808,43.650856530138732],[-79.346890620084935,43.650949416803336],[-79.346347248295331,43.650084314189975],[-79.346320054947924,43.650043636494324],[-79.345037752346826,43.648533835345411],[-79.342713164466232,43.645568068347096],[-79.341929967797938,43.644625706016498],[-79.340282200456684,43.642656742320248],[-79.33872949767165,43.640728574572492],[-79.338524541137886,43.640474050414127],[-79.337669004547067,43.639412647675705],[-79.337648664915491,43.639426678942137],[-79.337609149961892,43.639422797231632],[-79.337524855620686,43.639409274407789],[-79.33741156079806,43.639399562868583],[-79.337311464883356,43.639376457950036],[-79.337156049509389,43.639345604981777],[-79.337034934247853,43.639312901413341],[-79.336879552273331,43.639274396945979],[-79.3367083710164,43.639230135823233],[-79.336629357055017,43.639216628882473],[-79.336605652720607,43.639209888978172],[-79.33658461943638,43.639191685132666],[-79.336534567639362,43.639183953401087],[-79.336510850319726,43.639182011192574],[-79.336488461225045,43.639183887462877],[-79.33648708834933,43.639201105133758],[-79.336505510174007,43.639208782652432],[-79.336476678448292,43.639228058369518],[-79.336423669365232,43.639264186069852],[-79.336381452320168,43.639283262581323],[-79.336339266424048,43.639290853364663],[-79.336275992741704,43.639300331225911],[-79.336225920088239,43.639300259501326],[-79.336202197548999,43.639300225513253],[-79.336178487379584,43.63930020053936],[-79.33616002196483,43.63930400866272],[-79.336138892572762,43.639321207013538],[-79.336128292480794,43.639345108477585],[-79.336028087249744,43.639366973157671],[-79.335980670135555,43.639361162256144],[-79.335943782911315,43.639357283740139],[-79.335898990105491,43.639357237452046],[-79.335846251384339,43.639366730197672],[-79.335803560180821,43.639377776586301],[-79.335781541276418,43.639421176601189],[-79.335765580238359,43.639474747869087],[-79.335744398517264,43.639511091999509],[-79.335717949254175,43.639547410553291],[-79.335667751206174,43.639593272428634],[-79.335609645475387,43.639639140913197],[-79.335548917367575,43.639683061298129],[-79.335440660084231,43.639757571929771],[-79.335332451605609,43.639818652474929],[-79.335240050905455,43.639877847409409],[-79.335168753682822,43.639929439532303],[-79.335076357896611,43.639986717047258],[-79.335039644971005,43.640009617584617],[-79.334936434288309,43.64007840114013],[-79.334801835633883,43.640149011533644],[-79.334696284885467,43.640198618559019],[-79.334598636340701,43.640250154213177],[-79.33451947440328,43.640290248793121],[-79.334485096862664,43.640324647288061],[-79.334448097308282,43.640370527730155],[-79.334434813165302,43.640401122168761],[-79.334424158873318,43.640448958048218],[-79.334434622466077,43.640479595881345],[-79.334450362332205,43.640502590185605],[-79.334466146113883,43.640514107797969],[-79.334492475753493,43.640521797089747],[-79.334539921789158,43.640521865772065],[-79.334561046797376,43.640506585007074],[-79.334587507699027,43.64046643215827],[-79.334640308677535,43.640430142991541],[-79.334703673009386,43.640388126197308],[-79.334735377105247,43.640361365939803],[-79.334761764388219,43.640348010037584],[-79.334788167420271,43.64032890227319],[-79.334804024665814,43.6403136138496],[-79.334825139029292,43.640302167605753],[-79.334864717292092,43.640283078859447],[-79.334877960699217,43.640258218187547],[-79.334907076989722,43.64021233522223],[-79.334936151392824,43.640181736524418],[-79.334970503806005,43.640147337856668],[-79.335031224287846,43.640111059939713],[-79.335099845110889,43.640072894096335],[-79.335171116380167,43.640030879444232],[-79.335267950013488,43.639973356209651],[-79.335428639606732,43.639906671423105],[-79.335643145441836,43.639794444821149],[-79.335854984970936,43.639659719546238],[-79.336013379448943,43.639524926222947],[-79.336186796228006,43.639421650022022],[-79.336389065418658,43.639414612568437],[-79.336538752196347,43.639473713709556],[-79.336712023747424,43.639570132046494],[-79.336878153472895,43.6396769095143],[-79.336974571911128,43.639744629389405],[-79.336987070949093,43.639756340001206],[-79.336991457495031,43.63978882322187],[-79.337022702341358,43.639812253346157],[-79.337070915249683,43.639844808037942],[-79.337149461523637,43.639912502290109],[-79.337185251005351,43.639909960872174],[-79.337222821794967,43.639908709176261],[-79.337246036878796,43.639926934011122],[-79.337299522124241,43.63999456547279],[-79.337354787094682,43.640068716436893],[-79.337379709941075,43.640115541044686],[-79.337399262604279,43.640163636203745],[-79.337413451990358,43.640210436534609],[-79.33741696013162,43.640228633304041],[-79.33741460034291,43.6402534107348],[-79.337373002335553,43.640341529039212],[-79.337232889376168,43.640453837818932],[-79.337099357057099,43.640561682118786],[-79.33696459857542,43.640696519634993],[-79.336825947868974,43.640835834118],[-79.336708193915612,43.640979696970412],[-79.336563535150262,43.641108173892761],[-79.336490327566608,43.641173941261648],[-79.336474248115138,43.641166123071812],[-79.336450068126837,43.641174531769579],[-79.336328979350426,43.641290665220019],[-79.336330693656961,43.641316645639392],[-79.33631452951154,43.641340017066305],[-79.336298398937856,43.641355584347835],[-79.336215944988595,43.641416540564748],[-79.336176487743771,43.64145027518336],[-79.336133434318782,43.641493744119479],[-79.336067116040127,43.641537170677672],[-79.336045310303078,43.641529308210721],[-79.336026902304653,43.641520865523994],[-79.335894180494918,43.641638926116507],[-79.3359102458368,43.641651947160831],[-79.33589053829995,43.641661010258034],[-79.335910164502181,43.64168183160335],[-79.335736224343719,43.641824514601787],[-79.335693338517729,43.641806270196774],[-79.335653852409834,43.641850392175542],[-79.335573073915228,43.641946428681926],[-79.335537350485794,43.641924287924752],[-79.335445844927335,43.642017707510163],[-79.335395819742416,43.64199034332789],[-79.335245215359208,43.642101869414041],[-79.335330928552892,43.64216436342322],[-79.33528424213074,43.642230582270031],[-79.335253816329228,43.642238333614728],[-79.335271645248383,43.642259152477379],[-79.335293093542958,43.642270876164666],[-79.335216202063634,43.642336574386349],[-79.335187259985304,43.642363779817174],[-79.335103794316609,43.642431178744502],[-79.335030740502006,43.642516586378285],[-79.334929785634458,43.64260645436493],[-79.334827615932568,43.642709831564474],[-79.33470106511372,43.642822183791665],[-79.334576782267447,43.64294351352553],[-79.334440897085827,43.643055842950766],[-79.33429219502527,43.643181655690448],[-79.334153172911684,43.643311973961573],[-79.334009502041766,43.643437784625306],[-79.333860413922892,43.643559086547555],[-79.333754670778077,43.643711974113458],[-79.333643535422013,43.643837822617158],[-79.333532449205109,43.643950196031234],[-79.333378810152283,43.644039976892586],[-79.333222381310463,43.644156784587913],[-79.333069794210871,43.644287090728945],[-79.332918706118775,43.644430873903268],[-79.332775389199909,43.64457018556076],[-79.332634389619855,43.644705008745007],[-79.332486460811211,43.644826292542056],[-79.332336188411318,43.64495658307716],[-79.332160406237278,43.645064350544089],[-79.331977273146649,43.645167588247844],[-79.331810773819882,43.645279842496251],[-79.331659346197156,43.645405638748933],[-79.331466083395043,43.645526845441331],[-79.331279068140077,43.64562556660951],[-79.331109404266144,43.645760336575819],[-79.330957974222983,43.645881622200235],[-79.330851055505704,43.646016457538487],[-79.330744161024938,43.646151319813463],[-79.330666258783864,43.64629971798189],[-79.330564729774551,43.646452563756995],[-79.33044591498674,43.64658975743037],[-79.330320245090888,43.646669593104306],[-79.330159540412239,43.646755218478624],[-79.329950983661874,43.646850961999064],[-79.32971144505207,43.646956893541635],[-79.329671939755542,43.646987511337457],[-79.329629632172441,43.647014020320825],[-79.32955357572871,43.647034340042644],[-79.329460572473835,43.647077137844818],[-79.329299872947857,43.647168882939624],[-79.32915043494674,43.647262696949419],[-79.329057412940031,43.647307510699335],[-79.329001018162529,43.647340128311235],[-79.328927733492591,43.64737069531391],[-79.328905194354675,43.647384973750988],[-79.328891077860973,43.647397203478661],[-79.328874148239237,43.647413533615428],[-79.328834735920182,43.647415517919633],[-79.328791148222933,43.647425507170915],[-79.328762177337637,43.647395516239847],[-79.328667409192178,43.647430839618004],[-79.32868486392637,43.647452208011266],[-79.328360608241837,43.647614178231493],[-79.328336544426847,43.647571781680547],[-79.328243127783395,43.647606800688919],[-79.328262654239509,43.647631925827326],[-79.328243049119763,43.647634407753166],[-79.328211945346766,43.647635198142979],[-79.328183414707624,43.647624776692602],[-79.327822888597154,43.647482057711649],[-79.327466395900458,43.647346940829237],[-79.327357403165038,43.647297718842829],[-79.327296051494088,43.64724729954407],[-79.327305877660891,43.647222659651902],[-79.32732784081594,43.647197525014377],[-79.327367314368615,43.647143828483685],[-79.327376675073609,43.647108566271989],[-79.327385982106961,43.647083385506505],[-79.327388348247453,43.647066583531732],[-79.327388401164583,43.647048103810171],[-79.327353748634124,43.647032920187264],[-79.327284424256561,43.647009312905539],[-79.327233589687594,43.646987398779444],[-79.327180435086802,43.646970521887546],[-79.327138840985683,43.646955336706384],[-79.327085649953389,43.64694685798856],[-79.32701861215196,43.646929960020699],[-79.326956231787094,43.646901304279915],[-79.326914671545424,43.646874363285811],[-79.326866138003282,43.646854135735012],[-79.326805986176524,43.646852361362619],[-79.326743541136423,43.646850583483015],[-79.326662456050698,43.646890777675168],[-79.326632301781444,43.646919284277224],[-79.326609098756308,43.646944452907164],[-79.326590538685366,43.646962904556027],[-79.326548797646979,43.646947142849918],[-79.326431998732289,43.646914542655516],[-79.326273633093237,43.646891807685343],[-79.32610354945605,43.646900559447772],[-79.326006936126433,43.646913518426409],[-79.325956932978926,43.646917240884633],[-79.325900907164566,43.646898909806509],[-79.325850760560641,43.646870767168451],[-79.325800580900207,43.646841211243597],[-79.325752351263603,43.646806041417229],[-79.325709927118055,43.64677370685034],[-79.325673324369731,43.646730129438758],[-79.325640597240223,43.646683758501929],[-79.325621390041945,43.64664302503148],[-79.325596483189017,43.646567195540264],[-79.32558109095298,43.646488941190064],[-79.325566049565694,43.646400830876807],[-79.325554654380255,43.646329225627653],[-79.325549056702556,43.646267467716648],[-79.325537612820384,43.646212703945366],[-79.325526193521114,43.646153736572032],[-79.325516654919284,43.646108814198513],[-79.325503322068371,43.646038610196172],[-79.325482295229236,43.645958573955269],[-79.32544203657983,43.645825049229252],[-79.325408314241287,43.645758738672058],[-79.325376030578099,43.645687902614398],[-79.325359946162038,43.645634814986622],[-79.325368176282552,43.645596490738264],[-79.32538451694559,43.645561113323666],[-79.325396821287526,43.645519851848988],[-79.325405034266581,43.645487432467782],[-79.325461944401098,43.645460983342574],[-79.325518917282437,43.645425685940829],[-79.325559601693016,43.64539919399742],[-79.32562070067938,43.645334414361677],[-79.325685878403348,43.645260801569286],[-79.325718554426516,43.64519596953415],[-79.325767430349515,43.645140028527862],[-79.325820447848329,43.645066379119037],[-79.325889767364529,43.644966236485182],[-79.325958993070898,43.644898507590732],[-79.326032263329495,43.644833755260123],[-79.32609745709415,43.644754219350602],[-79.3261911489151,43.644657048048032],[-79.326301146927023,43.644527469514017],[-79.32641163825437,43.644398593727011],[-79.32648440640088,43.644335649613424],[-79.326582227246178,43.644254785729423],[-79.326654885044249,43.644178366288749],[-79.326677987157993,43.644097379993866],[-79.326741360572939,43.644020973423174],[-79.326822778029367,43.643975900915464],[-79.326924020279776,43.643976594324272],[-79.327090790456779,43.643970617746739],[-79.327231810046896,43.64399256926626],[-79.327295924915944,43.643998877091128],[-79.327368494681409,43.644039348843556],[-79.327573601003948,43.6440862404813],[-79.327829883804199,43.64417355297492],[-79.328077561472725,43.644279493786797],[-79.328239822378919,43.644351163561396],[-79.328329572938287,43.64436993120998],[-79.328380880518665,43.644373095717349],[-79.328470747739885,43.644342175874179],[-79.328513617341272,43.644304983525252],[-79.328505205943188,43.644255292351573],[-79.328488232993195,43.644208702805749],[-79.32844561439363,43.6441620657721],[-79.328360189925476,43.644121575404199],[-79.328202126161116,43.644077870358387],[-79.328031348791868,43.643993765825989],[-79.327881852448286,43.643940765808225],[-79.327745300760256,43.643847395955149],[-79.32757037451627,43.643710509447978],[-79.327459485151223,43.643620301430275],[-79.327352788906609,43.643554934416557],[-79.327293205253326,43.64345548729036],[-79.327225076228515,43.643362229160644],[-79.327161184544039,43.643278311816758],[-79.327127285895543,43.643169578010436],[-79.327123187665279,43.643107480357486],[-79.327109251479555,43.642983582415191],[-79.327100913379311,43.642809393273133],[-79.327152593159326,43.642660633749202],[-79.327174584787315,43.642560148682129],[-79.327204250118186,43.642493799409031],[-79.327239332637149,43.642444515913922],[-79.327272485576401,43.642393807275369],[-79.327309510303294,43.642350134547208],[-79.327346502346302,43.642313527834411],[-79.327391249742874,43.642282576679946],[-79.327428205365734,43.642258661819987],[-79.327449610079682,43.642241771550815],[-79.327490453556976,43.642219284755662],[-79.327525430850827,43.642206645598009],[-79.327558478555943,43.642192599304863],[-79.327579871110927,43.642179939637714],[-79.327597388124147,43.642165860906353],[-79.327611049724055,43.642143324069806],[-79.327609164225052,43.642122168001457],[-79.327595627597702,43.642101003363514],[-79.327580169569217,43.642075578176808],[-79.327564185574474,43.642026037517581],[-79.327499245917608,43.641962155817787],[-79.327452130048215,43.641898300984792],[-79.327421929406512,43.641827099544642],[-79.32741195910863,43.64176818850985],[-79.327412134712134,43.641706844418223],[-79.327419037340263,43.641655321978412],[-79.327429297244464,43.641608719355602],[-79.327442997016789,43.64154250793159],[-79.327470150813994,43.641495930803664],[-79.327487185216924,43.641446863020711],[-79.327527924660686,43.641378226010048],[-79.327609317450367,43.641275301054918],[-79.327680515094485,43.641191983667362],[-79.327727919695391,43.641150342748062],[-79.327789442773749,43.641112674681381],[-79.327863810870696,43.641069175030729],[-79.327995568572589,43.641024762543346],[-79.328291138359944,43.640974223101153],[-79.328396478519011,43.640957386683695],[-79.328513567725025,43.640927821848457],[-79.328595549426495,43.640900328583335],[-79.328633636269672,43.640879142440241],[-79.328662923286089,43.64086219174434],[-79.328663002085392,43.640838824294512],[-79.328657218272966,43.640815448057602],[-79.328642719492109,43.640770824514753],[-79.328625572276252,43.640716079454343],[-79.328580714077262,43.640664569341695],[-79.328560553732117,43.640627732488063],[-79.328577649701387,43.640556611258944],[-79.32861158507535,43.640500223520611],[-79.328642210274978,43.640426665187597],[-79.328710093111624,43.640313880676068],[-79.328784694190148,43.640218307812646],[-79.328906619874147,43.640112985236712],[-79.329048787548217,43.640019952674429],[-79.329184138789572,43.639944093375142],[-79.329302505901126,43.639900109431494],[-79.32942422329333,43.63986348448821],[-79.329603385270644,43.639836765555501],[-79.329785878278557,43.639819853800176],[-79.329839950679343,43.639812580175125],[-79.329873765311461,43.639802810001655],[-79.329894090873211,43.639785665622718],[-79.329883144475417,43.639751291081033],[-79.329810039167526,43.639638314011783],[-79.329803374302998,43.6396064122128],[-79.329773054259491,43.639576923565684],[-79.329749526704603,43.639525355648587],[-79.329729450603523,43.639454178867425],[-79.329732986643648,43.639400211879646],[-79.32974665577531,43.639343775602981],[-79.32978653707535,43.639283543769437],[-79.329824725657048,43.639212624767012],[-79.329895910866981,43.63913176332612],[-79.329984008431708,43.639048478618932],[-79.330044967795118,43.638989682252905],[-79.330082233227884,43.638960294143828],[-79.330146512380679,43.638928488786796],[-79.330224301046869,43.638896712458987],[-79.330302143470377,43.638850209904135],[-79.330346111117564,43.638830634157429],[-79.330410369283925,43.638806191747072],[-79.330528642239173,43.638799004016981],[-79.330650286340102,43.638791830159938],[-79.330795531529631,43.638796968987791],[-79.330859731674579,43.638801969745266],[-79.330910431885712,43.6387946726202],[-79.330947644480474,43.638775095651482],[-79.330954488655209,43.638743222892472],[-79.330951193142397,43.63871622288719],[-79.330937733090948,43.638694122602246],[-79.330907400580244,43.638664625231449],[-79.330765638415713,43.638615339943151],[-79.330664374711162,43.638585755482211],[-79.330566496177894,43.638551234192185],[-79.330505759851306,43.638526615401368],[-79.330458520723866,43.638502007595001],[-79.330418036366041,43.638477418790821],[-79.330374229201254,43.638435641410787],[-79.330333921678559,43.638357044568963],[-79.33029700059943,43.638268659239252],[-79.330279342465644,43.638152965309487],[-79.330260430472137,43.638060043001452],[-79.330270762131775,43.637991350816428],[-79.330233889695705,43.637885799902989],[-79.330173150124622,43.637853817799716],[-79.330129267583402,43.637839017342827],[-79.330092240574686,43.637797240923597],[-79.329987719549777,43.637723490250934],[-79.329859724426072,43.637588333141743],[-79.329768757879179,43.637490046674962],[-79.329714978506217,43.637394290912965],[-79.329688167931522,43.637320619685411],[-79.329661860276204,43.637226885123717],[-79.329647423421406,43.637147219399189],[-79.329618288133204,43.637106822791047],[-79.329589129282951,43.637079163093304],[-79.329554059792045,43.637064240530101],[-79.329521885598098,43.637064192554256],[-79.329478017325485,43.637057754149133],[-79.329428263531597,43.637068301551786],[-79.329290690463651,43.637112707038916],[-79.329135464567074,43.637184702211165],[-79.328918182058217,43.637261150014631],[-79.328827942991651,43.637330811632324],[-79.32871359880734,43.637426235017379],[-79.328657892417681,43.637477126350277],[-79.328613849185103,43.637536532444081],[-79.328584442679613,43.637591720818818],[-79.328581396947683,43.637634202763053],[-79.328587138183451,43.637672440230382],[-79.32862210482989,43.637719227817399],[-79.328680477199981,43.637763944149548],[-79.328730037964206,43.637812877898575],[-79.328779623926479,43.637866060314416],[-79.32880866890909,43.637942561526906],[-79.328843587644968,43.638006343575633],[-79.328860986748239,43.638059477759555],[-79.328863815256966,43.638093471200243],[-79.32886084199535,43.63811047935495],[-79.328757748936582,43.638219430683094],[-79.328735578404306,43.638240397686587],[-79.328655171816763,43.638316788914089],[-79.32856508488608,43.638397666256459],[-79.328469171692987,43.638487536162756],[-79.328383297018561,43.638581912745295],[-79.328310993575613,43.63867631864607],[-79.328220854357866,43.638775198388757],[-79.3281237626083,43.638865066228135],[-79.328031343603783,43.638950440324265],[-79.327916466515973,43.639031297854167],[-79.327820167585202,43.639116665936399],[-79.327726928379334,43.639215531611256],[-79.327652664390371,43.639314434818758],[-79.327576889488313,43.639399833632424],[-79.327514635008541,43.6394987728629],[-79.327431087033972,43.639597652911711],[-79.327324697059879,43.639687506022426],[-79.327232301453961,43.63976387811914],[-79.327136730095674,43.639862757779213],[-79.327064397317855,43.639966173202552],[-79.327001731954383,43.640069585205779],[-79.326929795867002,43.640168491451348],[-79.326855926014645,43.640267394721029],[-79.326790212475558,43.640357326927386],[-79.326707495228789,43.640433713254673],[-79.326594690059991,43.640460546323069],[-79.326465087464001,43.640410824092385],[-79.326359557828582,43.640338661848581],[-79.326242325842159,43.640284475469016],[-79.326099125440308,43.640248252218719],[-79.325964029956737,43.640221042503363],[-79.325835951643398,43.640180341256212],[-79.325707132355205,43.640121617981869],[-79.325586839968736,43.640067426262142],[-79.325486892385271,43.640062773040803],[-79.32538204110098,43.640026616428621],[-79.325269059945725,43.639985928603451],[-79.325168473263759,43.639945268623947],[-79.325055095760632,43.639904588981999],[-79.324954020604906,43.639899933569097],[-79.324857833757733,43.639944793122957],[-79.324790249466972,43.640012217879153],[-79.324711833800663,43.640070597607085],[-79.32469147048505,43.640147078072665],[-79.324752530076651,43.640196679257713],[-79.324862809974363,43.640232862765856],[-79.324983908987747,43.640278064106951],[-79.325084867269652,43.640323225502691],[-79.325178090894994,43.640372884669681],[-79.325275605822313,43.640404520565092],[-79.32535332494038,43.640449646201212],[-79.325424117582742,43.640481259144416],[-79.325450461276233,43.640479409082708],[-79.326297031531567,43.640797654974705],[-79.325327531159473,43.642272465940565],[-79.324460709513389,43.644247056016269],[-79.32458113081465,43.644395772453748],[-79.324322324299644,43.645205552153847],[-79.321683179733441,43.644823363477514],[-79.32167716752592,43.644764845207149],[-79.321657449358696,43.644751294392051],[-79.321581620264979,43.644724171962991],[-79.321577541834742,43.644665656704497],[-79.321594374261196,43.644607183082748],[-79.321611247557883,43.644530697783502],[-79.321631285343358,43.644436196678512],[-79.321646661452419,43.64434621598398],[-79.321658607792273,43.644238200193477],[-79.321679851329733,43.644125725222167],[-79.321715753739028,43.644035767528855],[-79.321757509347464,43.643932298892558],[-79.3217516178034,43.643828782958998],[-79.321744110430487,43.643747740923757],[-79.321762134189512,43.643680267755713],[-79.321820866157879,43.643599346984956],[-79.321853683528431,43.643500365058607],[-79.321892313090331,43.643405919866005],[-79.321946450595803,43.643302470439771],[-79.321976630959341,43.643185508628655],[-79.321973811354511,43.643090971843357],[-79.321986896215478,43.642987485457205],[-79.32202985560987,43.642870516520162],[-79.322080111817456,43.642771588667962],[-79.322106399733272,43.642654593749285],[-79.322104440426088,43.642533081186585],[-79.322111750785226,43.642420557413828],[-79.322137349644095,43.642276566294015],[-79.322186903121732,43.642155115857939],[-79.322214792938311,43.642020138651247],[-79.322240350693846,43.641894150179489],[-79.322281336226752,43.641786206432876],[-79.322297558820665,43.641669195801718],[-79.322319977739895,43.641556722487529],[-79.322358977235851,43.641462250675573],[-79.322442124507901,43.641376875805577],[-79.322546168103827,43.641296006995731],[-79.322623502657649,43.64120612228114],[-79.322620377334843,43.64108458088289],[-79.322631619795786,43.640949577716839],[-79.322641669796852,43.640828074757877],[-79.322613768692989,43.640701994222731],[-79.322607095124056,43.640598477060941],[-79.322599694622951,43.640472428327598],[-79.322647696318796,43.640350993247573],[-79.322687951397839,43.640229519125448],[-79.322701139432354,43.640094527951319],[-79.322701801607892,43.640000005533935],[-79.322738944500472,43.639883036248762],[-79.322751709263642,43.639757045780208],[-79.322782642399289,43.639640057846044],[-79.322807469125721,43.639500583999464],[-79.32285159113782,43.639374615106874],[-79.322886456894835,43.639235156792857],[-79.322939502350749,43.639109201685343],[-79.322994890816787,43.638978776493765],[-79.322998796401095,43.638834742500912],[-79.32298519655005,43.638717703534979],[-79.322961612027044,43.638573653970475],[-79.322973609326667,43.638438633877357],[-79.322974071767632,43.638281119476417],[-79.323026374186981,43.638146161778167],[-79.32309687060733,43.638011259213101],[-79.323183229374678,43.637885364513203],[-79.323271879057685,43.637768474666032],[-79.32333266849983,43.637642558318944],[-79.323401932795775,43.637530130094191],[-79.323530729722506,43.637458317951165],[-79.323625509903991,43.637359458046525],[-79.323714978973058,43.637224575350274],[-79.323831460047828,43.637125721728701],[-79.323963009247606,43.637040411264252],[-79.324093842180346,43.636937096784017],[-79.324193704221841,43.636824742147589],[-79.324295909763336,43.636703380641386],[-79.324371035471771,43.636577476750425],[-79.324468220868837,43.636456089369325],[-79.324594391670317,43.636352767146612],[-79.324712379515958,43.636267434998857],[-79.32484356822053,43.636168620882458],[-79.32496152922532,43.636092289815394],[-79.325111242152275,43.636016016206987],[-79.325193756465652,43.635961206977349],[-79.325327603765828,43.635881083234629],[-79.325440236462782,43.635846842992827],[-79.325578465538058,43.635828421119804],[-79.325742365609713,43.635812891651611],[-79.325829273024041,43.635798693893335],[-79.325908322977696,43.635780172441159],[-79.325977516071475,43.635741544844372],[-79.326023016783452,43.635705779596272],[-79.326110983681531,43.635663624941849],[-79.326160491592589,43.635617793186668],[-79.326182320646538,43.635577680212826],[-79.326182428085602,43.635540405650438],[-79.326186451867599,43.635507430702035],[-79.326198366119712,43.635484504291604],[-79.326218373284121,43.635392774610374],[-79.32622720448461,43.635381725335215],[-79.326227630518233,43.635345702448035],[-79.326228771649028,43.635319573167649],[-79.326243665059891,43.63529498602432],[-79.326263837131123,43.635275024610991],[-79.326282933607246,43.635262748740772],[-79.326315771226945,43.635255876572366],[-79.326393024046112,43.635262915980974],[-79.326506324372687,43.63526308798663],[-79.326599502268536,43.635261690122988],[-79.32668423007091,43.635259514255047],[-79.326724474463859,43.635254192434829],[-79.326773198146995,43.635248109330561],[-79.326800741506332,43.635242003119231],[-79.326835192147499,43.63523013747772],[-79.326846379670485,43.635205544641849],[-79.326835854247832,43.635185149567079],[-79.326809412929038,43.635174343857301],[-79.326790358549076,43.635172010634342],[-79.326762824910219,43.635170429676656],[-79.326731036401313,43.635178842800258],[-79.326696080952033,43.635189555468131],[-79.326662170957945,43.635198730473967],[-79.326593301471874,43.63520707832668],[-79.32653824567852,43.635208534036757],[-79.326470485340764,43.635206126845461],[-79.326405455592763,43.635202319544682],[-79.326372575249636,43.635202521649042],[-79.326323887027186,43.63519629074419],[-79.326293193962186,43.635190096165182],[-79.326261464116172,43.635178121114151],[-79.326264723404677,43.63515237310984],[-79.326274281388933,43.635138543507672],[-79.32627753517248,43.635114703787735],[-79.326278694922294,43.635077799878076],[-79.326287262827165,43.635046272050133],[-79.326303231747175,43.635013990349222],[-79.326303291559952,43.634993224248198],[-79.32631076810334,43.634970552121253],[-79.326350026449944,43.634941771328606],[-79.326390321554172,43.634918770985173],[-79.326429545527304,43.634901907944815],[-79.326446507104365,43.634895011632466],[-79.326480401471855,43.634891219493845],[-79.326521709260135,43.634886664476348],[-79.326566207409826,43.634875966339017],[-79.326625538984814,43.634861447090792],[-79.326715629728383,43.634830060840692],[-79.32674424182305,43.634818564433544],[-79.326782387898987,43.634810160939061],[-79.326824768890788,43.634798694375263],[-79.32685552140812,43.634784131710703],[-79.326887342791622,43.634764187828786],[-79.326956237724758,43.634738143115797],[-79.327008179969667,43.634715916299704],[-79.327037875408678,43.634698273512853],[-79.327064901015589,43.634686783626194],[-79.327094523644419,43.634694524617558],[-79.327108865166323,43.634680702179452],[-79.32713534904299,43.634672280928768],[-79.327173494972243,43.634663877303318],[-79.327211626279635,43.634656247762038],[-79.327236009878717,43.63464551895914],[-79.327291155445607,43.634612531199565],[-79.327317691250428,43.634590283858806],[-79.32733151519902,43.634571077782859],[-79.327347436374822,43.634559562054811],[-79.327372099851743,43.634563604917012],[-79.327406779089827,43.634527984793728],[-79.327475273237937,43.634503235361009],[-79.327595155073908,43.634463657104725],[-79.327756086649671,43.634422889387388],[-79.327853670880899,43.634405645701861],[-79.32791700023445,43.634397036710304],[-79.327959797545105,43.634387163596578],[-79.32800776462355,43.634363625141667],[-79.32805405682079,43.634327662236466],[-79.328096924979448,43.634292909350471],[-79.328148346079573,43.634261922883418],[-79.328184339401147,43.634234639780011],[-79.32822032560621,43.634218545375852],[-79.328259764171136,43.634182563086242],[-79.328287230873798,43.634146571802297],[-79.328302713398315,43.634119257850735],[-79.328321604023827,43.634091949015151],[-79.328347335645518,43.634064650448501],[-79.328390153858805,43.634047324057541],[-79.328424412000118,43.634037428948844],[-79.328446647024762,43.634032493553782],[-79.328462102949075,43.634018852644253],[-79.328462152415085,43.634001462042278],[-79.328491292100409,43.633982863894801],[-79.328530695005114,43.63395931236974],[-79.328542733858399,43.633935728794341],[-79.328553069541613,43.633909649279509],[-79.328601028948057,43.633888594944445],[-79.328669573118887,43.633850171763726],[-79.32874497227138,43.633806799047569],[-79.328808413731721,43.633758430609056],[-79.328864969999373,43.63372123154894],[-79.32892495910103,43.63368402859642],[-79.329019202213189,43.633629504175005],[-79.329044965175697,43.633599712112044],[-79.329043297190665,43.633584803322663],[-79.32903312029282,43.633554966511703],[-79.32901949292706,43.63353133549532],[-79.329019545778777,43.63351269370402],[-79.329029875942695,43.633492834093595],[-79.329033338700057,43.633477923975676],[-79.328991618915481,43.633462100147689],[-79.329010367289001,43.633436699276103],[-79.3290518173999,43.633451469531892],[-79.329068552733034,43.633436696277471],[-79.329087991136831,43.633421431985575],[-79.329099384404259,43.633406884775809],[-79.329124166214939,43.633390908354826],[-79.329144244231088,43.633381711943606],[-79.329155296670123,43.633369351555608],[-79.329150018554301,43.633347011228267],[-79.329155748858867,43.633327846839379],[-79.329198629797972,43.633292481458767],[-79.329243479857794,43.633266336422814],[-79.329284949429407,43.633252320189854],[-79.329309371793684,43.633240699862554],[-79.32931511924528,43.633219834228868],[-79.329370034962963,43.633179617001268],[-79.329447018281755,43.633136525224259],[-79.329480783830945,43.633129662529669],[-79.329492446764192,43.633142416887779],[-79.329488471724758,43.633171998516517],[-79.329488920937067,43.633232281471891],[-79.329492614826734,43.633258309989614],[-79.32950932540237,43.63334868182713],[-79.329514766805673,43.63341852269636],[-79.32952214929351,43.633485621036414],[-79.32952018815007,43.633513000328115],[-79.329512540181639,43.633548580402781],[-79.329497357997553,43.633588262873211],[-79.329474624582062,43.633629293286894],[-79.329463247797193,43.633651176687522],[-79.329468848684712,43.633668989783715],[-79.329486716011559,43.633683391648468],[-79.329510265553523,43.633686847298385],[-79.329544251925995,43.633667734029096],[-79.329578261500529,43.633640402518999],[-79.329599064690839,43.633615796736812],[-79.329621809638155,43.633570652682117],[-79.329637031209501,43.633521383777634],[-79.329646589120685,43.633472115432411],[-79.329648573419234,43.63343651790732],[-79.329648650739429,43.633409144807253],[-79.32964123415961,43.633358455950805],[-79.329628170977102,43.633310522103876],[-79.329613232610342,43.633263953670912],[-79.329607701324392,43.633221503889565],[-79.329605945262401,43.633176314311875],[-79.329613619415269,43.633127043158616],[-79.329619379677496,43.633092828471888],[-79.32963458873607,43.633043559544923],[-79.329645495397983,43.633008164342741],[-79.329855082310942,43.63291262070355],[-79.329981405243629,43.632854929727358],[-79.330057771424677,43.632850227534568],[-79.330130815128072,43.63285033609592],[-79.330210489054295,43.63285044545686],[-79.33029680557101,43.63285056462324],[-79.330363240612769,43.632838601366792],[-79.330429669992839,43.632824234692933],[-79.330512758874889,43.63279541845035],[-79.330562588493294,43.632778614715491],[-79.330645691927472,43.632740157911861],[-79.330745449080936,43.632684839102886],[-79.330890612482932,43.632625509755613],[-79.331034668826689,43.632545421387412],[-79.331137781439537,43.632473229591596],[-79.331247589213646,43.632386582354968],[-79.331287459024594,43.632377000715955],[-79.331317365042366,43.632367395359992],[-79.331357248320714,43.632352988972578],[-79.331443767408729,43.632275938672855],[-79.331570078592222,43.632230307776965],[-79.331729572791573,43.632177488473481],[-79.331897286736506,43.632132269204469],[-79.332039331099296,43.632057289392932],[-79.332164607559264,43.631986812485856],[-79.332248119795551,43.631943197316204],[-79.332292187119904,43.631921388598286],[-79.332389589766677,43.631882834479129],[-79.332452174714945,43.631864419367218],[-79.33257502239266,43.63182926889904],[-79.332646894016776,43.631809184021002],[-79.332709483479377,43.631789085514832],[-79.33275818071597,43.631768966651592],[-79.332920515965185,43.631705258157538],[-79.333038762300305,43.631666733945409],[-79.333085131004154,43.631655027840303],[-79.333119909513641,43.631639929276908],[-79.33314310393979,43.631628189316494],[-79.33316631698159,43.631609716339469],[-79.333208064735999,43.63159295366129],[-79.333256733751398,43.631582925100979],[-79.333300758576897,43.631576265268784],[-79.333339237524896,43.631576384382051],[-79.333408496243749,43.631568852152846],[-79.333508105108294,43.631565630745705],[-79.33362389719872,43.631567482584892],[-79.333704971390858,43.631576007846881],[-79.333769803477537,43.631582835176502],[-79.333850829740655,43.63159977656418],[-79.333934182742738,43.63161335475484],[-79.334026796214985,43.631630312849381],[-79.334098554387694,43.631642199827226],[-79.334172642431483,43.631654081138301],[-79.334232867729881,43.631664268042179],[-79.334293078994435,43.63166603859522],[-79.334369521488469,43.631664466114863],[-79.334413544805201,43.631662846629887],[-79.334473788411728,43.631652834316363],[-79.334515540452585,43.631634387907219],[-79.334559625178159,43.631605854301412],[-79.334594498703581,43.631560483754917],[-79.33461778971693,43.631513404180637],[-79.334661127793851,43.631427179550414],[-79.334692546325215,43.631281339466575],[-79.334711280706742,43.631205655866609],[-79.334732281734532,43.631148482396988],[-79.334767224011188,43.631077871996055],[-79.334809129065818,43.63099885534529],[-79.334837049856176,43.630953474672943],[-79.334857990785991,43.630918174469116],[-79.334871941277569,43.630901353019688],[-79.334895167284614,43.63087784793067],[-79.334929948097383,43.630866106336363],[-79.334953137268087,43.630856049259393],[-79.334998325378379,43.630845186802688],[-79.335027288900363,43.630844391474199],[-79.33505161447215,43.630840213925069],[-79.335110875767725,43.630772140888645],[-79.335150356955481,43.630731835593103],[-79.335214877108612,43.630698344426051],[-79.335302273075669,43.630660556512701],[-79.335371777332966,43.630648855802519],[-79.335422797923968,43.63063043140712],[-79.3354553009776,43.630608613817024],[-79.335471565357338,43.630588447106589],[-79.33549013333645,43.630573333489004],[-79.335508704517409,43.630561586393135],[-79.335538874588607,43.63053637189774],[-79.335562126379514,43.630507807927088],[-79.335571438554496,43.630487631201696],[-79.335601675912883,43.63044225367036],[-79.335652757251978,43.630396897096993],[-79.335673670019162,43.630371687259171],[-79.335710845635276,43.630331360450207],[-79.335754992989933,43.630279269825827],[-79.335811310107559,43.630222443928602],[-79.335883906179831,43.630149069812624],[-79.335941940498842,43.630098673308453],[-79.335962874565155,43.630070105927878],[-79.336004621816244,43.630048292442204],[-79.336048641979446,43.630038265022613],[-79.336120565174511,43.629997987906251],[-79.336169284614328,43.629977867615054],[-79.336208691511828,43.629964467001798],[-79.336264306228415,43.629956130369472],[-79.336296746016927,43.629952810306996],[-79.336319939176846,43.629941069696535],[-79.336338520446105,43.629920906177574],[-79.33634090629009,43.629895669690413],[-79.336336367441206,43.629860332729294],[-79.336341166503232,43.629799769233124],[-79.336339063691341,43.629720697994621],[-79.336362389138102,43.629660161017284],[-79.336390349231053,43.629599630667599],[-79.336402018094915,43.629569366683199],[-79.336418418756281,43.629498729221773],[-79.336420845585764,43.629458361448854],[-79.336427916245142,43.629414624798009],[-79.33642799836251,43.629384344230601],[-79.336455825978177,43.629372601221043],[-79.336451300792774,43.629332214499442],[-79.336432845518715,43.629296857628454],[-79.336419005370473,43.629273290181494],[-79.336385488809157,43.629248839441047],[-79.336354248505828,43.629239541293387],[-79.33632428035321,43.629190710840724],[-79.336294254196503,43.629158703900352],[-79.336254931365062,43.629136774197811],[-79.336204043456661,43.629111461390806],[-79.336154298962498,43.629089498718081],[-79.336125335325903,43.629086090681696],[-79.336118359126075,43.629099555766729],[-79.336109012089267,43.629128148794202],[-79.336104319913119,43.629158431754902],[-79.33610656868585,43.629183665883488],[-79.336097253648205,43.629200476132084],[-79.336084146059633,43.629222042678833],[-79.336037947386714,43.629281511640194],[-79.335968682875261,43.629346942415935],[-79.335891774020865,43.629402595664487],[-79.335812962200166,43.629447093402312],[-79.335684174685952,43.629518010361998],[-79.335518890945295,43.629602808826306],[-79.335422775243131,43.629648667609885],[-79.335372823216048,43.629670901136265],[-79.335284460947221,43.629700046381579],[-79.3352383570641,43.629715318316009],[-79.335192260782236,43.629727799811214],[-79.335146179734707,43.629734700446669],[-79.335080906862274,43.629740187164174],[-79.335034863927234,43.629733144653351],[-79.334983049040133,43.629720530932104],[-79.334914026169884,43.629692544965273],[-79.334860378313792,43.629665976383478],[-79.334776516034054,43.629622072437343],[-79.334620845828624,43.629522048906331],[-79.334513540295276,43.629459162918458],[-79.33445985748088,43.629440956390752],[-79.334417659330782,43.629428347336429],[-79.334365885867882,43.629414329177607],[-79.334327517861752,43.629405902285477],[-79.334273812150272,43.629396066932209],[-79.334223924136893,43.629390422737472],[-79.334166340612512,43.629384758356494],[-79.334126032680857,43.629383304661907],[-79.334089562489709,43.629383251738702],[-79.334049240107248,43.629391555505649],[-79.334014668561423,43.629404053255989],[-79.333976243901731,43.629420731047638],[-79.333920482219881,43.629455503444021],[-79.333876252908524,43.629487502140272],[-79.333833932811743,43.629523689241843],[-79.333785854127612,43.629558472739099],[-79.33375119704769,43.629597452381191],[-79.333733845414955,43.629625313459393],[-79.333722240796106,43.629658754755816],[-79.333720239300973,43.629688024371944],[-79.333716217072649,43.629753539654466],[-79.333718057148232,43.629782823859195],[-79.333723685031202,43.629831628590843],[-79.333736975225264,43.629879040248866],[-79.333750285498922,43.629923670504084],[-79.333767452762004,43.629962734504517],[-79.333784623892114,43.630000403292009],[-79.333803767548289,43.630028308434483],[-79.333835922734536,43.630074379292168],[-79.33389023268856,43.630157487054554],[-79.333905228105678,43.630184260977735],[-79.333911836292401,43.630214659275786],[-79.33391508511464,43.630249931446862],[-79.333916687789724,43.630275461720814],[-79.333911588522682,43.6303046368227],[-79.333894749304321,43.630339879807025],[-79.333886344288018,43.630354449847808],[-79.333872871092765,43.630382397591518],[-79.333851046409819,43.630405472444721],[-79.333824192770365,43.630432176545547],[-79.333783942895067,43.630458870164368],[-79.333736991034471,43.630489199585142],[-79.333695071457228,43.630514675556235],[-79.333633070461616,43.630537682912397],[-79.333517470113989,43.630570342693922],[-79.333346592823162,43.630618755235318],[-79.333162356100345,43.630653744954174],[-79.333055005837835,43.630678477080792],[-79.332971748149404,43.630689193139489],[-79.332945787914056,43.630692926789301],[-79.332897746946514,43.630695683013386],[-79.332841931348597,43.630695601412775],[-79.33279261201524,43.630694584140812],[-79.332743321414441,43.630683206289099],[-79.33270052190214,43.63067276505889],[-79.332668067448083,43.63066329310292],[-79.33263047345983,43.630648151738555],[-79.332596753076942,43.630634906326222],[-79.332563058195277,43.630616944212576],[-79.332538459377773,43.630598995413813],[-79.332522937080242,43.630579169615146],[-79.332513911021834,43.630558417187373],[-79.332513952914709,43.630543330917838],[-79.332514005280743,43.630524473080882],[-79.332515377171617,43.630499019157583],[-79.332518040495884,43.630472621980132],[-79.332524591702281,43.630451892373124],[-79.332532429114082,43.630432100794543],[-79.332546765357364,43.63041043744424],[-79.332566288753199,43.630390671981544],[-79.332583201215385,43.630378436856098],[-79.332607084288313,43.630372944975676],[-79.332640289156814,43.630344153134629],[-79.33265535972194,43.630307926594568],[-79.332660454391359,43.630271694451416],[-79.332663025695226,43.630242704734123],[-79.332658099259845,43.6302227684426],[-79.332630725605739,43.630195553168917],[-79.332600848375549,43.630177389622247],[-79.332565967181623,43.630158309598386],[-79.332536042204524,43.63015735662507],[-79.33250357623038,43.630169992021933],[-79.332483551766828,43.630191710042382],[-79.33246595003537,43.630242416089651],[-79.332453377604807,43.630280455546071],[-79.332440817947443,43.630309430618745],[-79.332413265439001,43.630351066671963],[-79.332378273218737,43.630376381289331],[-79.332338286835935,43.630401688571482],[-79.332275845399636,43.630426962896479],[-79.332225923370359,43.630437763322064],[-79.33216352491354,43.630443108569182],[-79.332113600555857,43.630450281381705],[-79.332033740750603,43.630464656312434],[-79.331986326952816,43.630473651038997],[-79.33195136981972,43.630486282616999],[-79.331916354850861,43.630515215618011],[-79.331878861339533,43.630544153964514],[-79.331851326257777,43.630574916226173],[-79.331833784492289,43.63060388390241],[-79.331816242709934,43.630632851575804],[-79.331813643428859,43.630667278070703],[-79.331813585088454,43.630692643903402],[-79.331808535357411,43.630712565552649],[-79.33180846736586,43.630732503532485],[-79.331793431581403,43.630756038048823],[-79.331773424131271,43.630775937686771],[-79.331728384662185,43.630826612236994],[-79.331690853204776,43.630864605862953],[-79.331665821163654,43.630895371763316],[-79.331648298950313,43.630926148717634],[-79.331635662886953,43.630982307783988],[-79.331620543244824,43.631040272469718],[-79.331587950102502,43.631098211412564],[-79.331575405015357,43.631121758569286],[-79.331557888272556,43.631141661837709],[-79.331535367189957,43.63116518528895],[-79.331515359493508,43.6311850938813],[-79.331476927174108,43.631203859138502],[-79.331446378249453,43.631226443594279],[-79.331401393059949,43.631244182007023],[-79.331348232878355,43.63126043211404],[-79.331307366306021,43.631263333274298],[-79.33125627163318,43.631272160240009],[-79.331227665429907,43.631273603240537],[-79.331152041819806,43.631274976799084],[-79.33102338232915,43.631265884322872],[-79.330951898008649,43.631258361493025],[-79.330875310064982,43.631250083952828],[-79.330857983449874,43.631237447371376],[-79.330835524068746,43.631234443680427],[-79.330794640822987,43.631243285549878],[-79.330727204444457,43.631250611862349],[-79.330678171240962,43.631249054018497],[-79.330633210808571,43.63125788979125],[-79.33046367243773,43.631251697571507],[-79.330443249626853,43.631247211594435],[-79.330402382995644,43.631250121432494],[-79.330349247607302,43.631257459735984],[-79.330247054069574,43.631267695636808],[-79.330224519654394,43.631286952150766],[-79.330181578989524,43.631300237431788],[-79.330134586352017,43.631300167615279],[-79.330079460433126,43.631288221859222],[-79.330034545735444,43.631285184631622],[-79.32997941568874,43.631274715049045],[-79.32993450132328,43.631262775408345],[-79.32991411185759,43.631250872241353],[-79.329863215545956,43.631233243795535],[-79.329631538259761,43.631166522515137],[-79.329362972811325,43.631089610144585],[-79.329112650163125,43.631008232719999],[-79.329077593234487,43.630998908878652],[-79.328991638975523,43.630972487272416],[-79.328936504474441,43.630955014098276],[-79.328908409958956,43.630942118069903],[-79.328871002078785,43.630914067755235],[-79.328833607082686,43.630881489748234],[-79.328786868657659,43.630844370036428],[-79.328744292579202,43.630803448952719],[-79.32871627071701,43.630769372714262],[-79.328678942524945,43.63071333713259],[-79.328656048624751,43.630671455356705],[-79.328651566911788,43.630635020011958],[-79.32865166145227,43.630601742012765],[-79.32865385298129,43.630563165337385],[-79.328659153986706,43.630533675725445],[-79.3286665094585,43.63050949101136],[-79.328674891371747,43.630486054950438],[-79.328675986053099,43.630467144668948],[-79.328676035451309,43.630449754055938],[-79.328676089170528,43.630430842214302],[-79.32868031366948,43.63040513157155],[-79.328688710102711,43.630380939414081],[-79.328705459458504,43.630352232072546],[-79.328719052081894,43.630331072165852],[-79.328723265329174,43.630313678789527],[-79.328725393410309,43.630297425465656],[-79.328736881554292,43.630284201630559],[-79.328757660845994,43.630272089881963],[-79.32877759234988,43.630205023366678],[-79.328787616635921,43.63016614336869],[-79.328815481933631,43.630133041975718],[-79.328817526045228,43.630111432696005],[-79.328837427493681,43.630089850154285],[-79.328867295905511,43.630049559635587],[-79.328905136233601,43.629994869812357],[-79.328950915754604,43.629937302408642],[-79.328992721466179,43.629882618488445],[-79.32901264727326,43.629852394615668],[-79.329019652295273,43.629829352528517],[-79.329042531804021,43.629806334181396],[-79.329078307409048,43.629780454666296],[-79.329100170861992,43.629761755456371],[-79.329122079335193,43.629731534527842],[-79.329130059360878,43.629714254781703],[-79.329140046772395,43.629692657367031],[-79.329167891081497,43.629662445300802],[-79.329201732755223,43.629619271182115],[-79.329243550410595,43.629564587184937],[-79.329285331140213,43.629518544453397],[-79.329311188633582,43.629494090275479],[-79.329341007366509,43.629466761559577],[-79.329354952013389,43.62944805047816],[-79.329360977705605,43.62942068623822],[-79.329361079566652,43.62938468082028],[-79.32936781618065,43.629333797002005],[-79.329400788159234,43.629295680306413],[-79.329433356208099,43.629268922756005],[-79.329445211441382,43.629252845953502],[-79.32945560691941,43.629227108477608],[-79.329463050257417,43.629206740428309],[-79.329463101818817,43.629188503683352],[-79.329472077454326,43.629147749764257],[-79.32947655605588,43.629128439455634],[-79.32948991041691,43.629108080221243],[-79.32950474248419,43.629086643021871],[-79.329513657422055,43.629067348329265],[-79.329531466089534,43.629036257070574],[-79.329543388206744,43.629000872368721],[-79.32957012690008,43.628945121599749],[-79.32958052250693,43.628923686777256],[-79.329590924471432,43.628904385293431],[-79.329593925569853,43.628890446608729],[-79.329599878769827,43.628871138492478],[-79.329610262512873,43.628858281977166],[-79.329625079296775,43.628842218570334],[-79.329639902174364,43.628823994836196],[-79.329648801878548,43.62881006493992],[-79.329654745952283,43.62879397930579],[-79.329676963547371,43.628772553087749],[-79.329696240892005,43.62874790898767],[-79.329711066453186,43.628724329418809],[-79.329722939944816,43.62870611028147],[-79.329737780900885,43.628681459566067],[-79.329743746426018,43.628662151459942],[-79.329781557953837,43.628647814538233],[-79.329797755528773,43.628607890469546],[-79.329817670101534,43.628568178963775],[-79.329832838992232,43.628541467404396],[-79.329837600950597,43.628527081263805],[-79.329841421114651,43.62851269372117],[-79.329861263164602,43.628498672077527],[-79.329870744657626,43.628480539378053],[-79.329874568695132,43.628464774626657],[-79.329890646425923,43.628449730218279],[-79.329902013290891,43.62843535390283],[-79.32991054624479,43.628419605157923],[-79.329918139307495,43.628403179909427],[-79.329925732416811,43.628386736657653],[-79.329938980092891,43.628368942606699],[-79.329957922618021,43.628344297962641],[-79.329974945967038,43.628327877735316],[-79.330003297485334,43.628310790245393],[-79.330027855921742,43.628298494851968],[-79.330048629821434,43.628292359782115],[-79.330076465203476,43.628286919310852],[-79.330112862299288,43.628286289299623],[-79.330169884901295,43.62828821030994],[-79.330212723986861,43.62828383625542],[-79.330249462314981,43.628272035977218],[-79.330280070648158,43.62826319704677],[-79.330300509572908,43.628243973406427],[-79.330314860097403,43.628217332577876],[-79.330316946538346,43.628198081692162],[-79.330327203413603,43.628177366704527],[-79.330337431140265,43.6281670122777],[-79.330355804422808,43.62815963139662],[-79.330384338856774,43.628161158966911],[-79.330402691302751,43.628161186195044],[-79.330435335817356,43.628159749389845],[-79.330476142621805,43.628150925533234],[-79.330502661344227,43.62815096485479],[-79.330533240445845,43.628152495419464],[-79.330553616846146,43.628155487082459],[-79.330576029598532,43.628161443218531],[-79.330596410175175,43.628162949649976],[-79.330614766767326,43.628161500621516],[-79.330637212788247,43.628155610959745],[-79.330651513231686,43.628146747768461],[-79.330669977942833,43.62810678192406],[-79.330686377170252,43.628074221165058],[-79.330694605882655,43.628047571221074],[-79.330704875082731,43.628022409528242],[-79.330717155754655,43.628004658960847],[-79.33072942813412,43.627989860837296],[-79.330747830385732,43.627972119330472],[-79.330774390654355,43.627952904667026],[-79.330796873976908,43.627933683963143],[-79.330813239782927,43.627917415660235],[-79.330821431028397,43.627904096716755],[-79.33082965135219,43.627880408208746],[-79.330833765664323,43.627867083231145],[-79.330846052398371,43.627851565004349],[-79.330850164712587,43.627834531448407],[-79.33084920227293,43.627806544687189],[-79.330896057135377,43.62778848519612],[-79.330944628967515,43.62777680121259],[-79.330998647508196,43.627749462833023],[-79.331038279100497,43.62772209416363],[-79.33107967820699,43.627705178711949],[-79.331108495926685,43.627689549860889],[-79.331137315880042,43.62766869119514],[-79.331164349958712,43.627643914277606],[-79.331184207719346,43.627615211149489],[-79.331216670149189,43.627581305818957],[-79.331222119068158,43.627560412623531],[-79.33124736131613,43.627538252446534],[-79.331258182371073,43.627523902192351],[-79.331269041394378,43.627500406575294],[-79.331274486611832,43.627480827575368],[-79.331288928286952,43.627461252850971],[-79.331297952509715,43.627446899941056],[-79.331330429383229,43.62740777378901],[-79.331343085189104,43.62738427181403],[-79.331352138580371,43.627359477323608],[-79.331366576552341,43.627341207785875],[-79.331391809911878,43.62731774236061],[-79.331420652924081,43.627292968048856],[-79.331440448394204,43.627286471226242],[-79.331476427533346,43.627279980255715],[-79.331498016175701,43.627274782267534],[-79.331523211167024,43.62726502588243],[-79.331537658164706,43.627243497830754],[-79.3315359087741,43.627226518620027],[-79.331530586222243,43.627197778320387],[-79.331528844150583,43.62717817971393],[-79.331516330762398,43.627150734018535],[-79.331503790385483,43.627128518093031],[-79.33149128211852,43.627103682807103],[-79.331485961051726,43.627078858114324],[-79.331485656984839,43.627041321843777],[-79.331465445679996,43.627019274633845],[-79.331428744160235,43.627000524620776],[-79.331428811322922,43.626976490991552],[-79.331428867316916,43.626956453965754],[-79.33142892700856,43.626935093740059],[-79.331438157761738,43.626917743657273],[-79.33145108494962,43.626899066816961],[-79.331478723557538,43.626875073834455],[-79.331519244545035,43.626848426416799],[-79.331574476902077,43.626816462831542],[-79.331607637169341,43.626789804537573],[-79.331629720406099,43.626780484612894],[-79.331651804823665,43.626775179308609],[-79.33166470834513,43.626760508030351],[-79.331666642909113,43.626724460285018],[-79.331655767137363,43.626669697774616],[-79.331628251703791,43.62664962014324],[-79.331580591433408,43.626601482478712],[-79.331536544425148,43.626577383848627],[-79.331496148049951,43.626550617167531],[-79.331446598071153,43.626522495768114],[-79.33140621908403,43.626498402495592],[-79.331401693897021,43.626477035506511],[-79.331373220594017,43.626471646680599],[-79.331343802978495,43.626471603284351],[-79.331268527011176,43.626439447230396],[-79.331261214985915,43.626422072742599],[-79.331252077652451,43.626406036768152],[-79.331230991806635,43.626386643635612],[-79.331208063359512,43.626365915571768],[-79.331162182747264,43.626341805087769],[-79.331121815208689,43.62631370610913],[-79.331083279100852,43.626290947650887],[-79.331042927995171,43.626248158387718],[-79.331026445152744,43.626226764708157],[-79.331011777557663,43.626212052746489],[-79.331006308213645,43.626196022173808],[-79.331007310504873,43.626169991613537],[-79.330960674587459,43.626159021971944],[-79.330989752919379,43.62612530972384],[-79.331160097165224,43.625966839786415],[-79.331285894833087,43.625852050652064],[-79.331348286804584,43.625803031085368],[-79.331355977968514,43.625826608092154],[-79.331406601179594,43.625829635218871],[-79.33144021717159,43.625830404901173],[-79.331484661199994,43.625836375340796],[-79.331541094128738,43.625853399144482],[-79.331614651897411,43.625883833224385],[-79.331694331110597,43.625918722959831],[-79.33173599350414,43.625940180612382],[-79.331755596683024,43.625953585541588],[-79.331772763778901,43.625960739912379],[-79.33180096172245,43.625971484065893],[-79.331849992155384,43.625994734793935],[-79.331887966934445,43.626018860381919],[-79.331921059518393,43.626038523087296],[-79.331936945299489,43.626056378211523],[-79.331954100008787,43.626067997230074],[-79.331978612819725,43.626080509197848],[-79.332006825729209,43.62609036218398],[-79.332025214674516,43.62610375628087],[-79.332038671782129,43.62611715213032],[-79.332048431249035,43.626136780514408],[-79.332058208075665,43.626154626646382],[-79.332066750717587,43.626170688687758],[-79.332076542439069,43.626183188009762],[-79.332088160704927,43.626193898735579],[-79.332108408447937,43.626198384165392],[-79.332129285697761,43.626194850270736],[-79.332152622684617,43.626184631945328],[-79.332168623887895,43.626169947153919],[-79.332183402054298,43.626153919356597],[-79.332196923684236,43.626144136682946],[-79.332206787361855,43.626130775083851],[-79.332206834482832,43.626113834522464],[-79.332206870436949,43.626100908568048],[-79.332226541993236,43.626085329015659],[-79.33226955289075,43.626067569362029],[-79.332313736295276,43.626047029980072],[-79.332449042953812,43.625987819144562],[-79.332581241360558,43.62592331977563],[-79.332636556839503,43.625905550998347],[-79.332673415227916,43.625903381607671],[-79.332719499043662,43.625894528664602],[-79.332753253430596,43.625899033743551],[-79.332762386099162,43.625925808260575],[-79.332799225941642,43.625925862147533],[-79.332882124881195,43.625925983363352],[-79.332946610123116,43.625930542306335],[-79.33298651687339,43.625932832961254],[-79.333029496711987,43.625935128090688],[-79.333090927381079,43.625928520757235],[-79.333124694140892,43.625928570052494],[-79.333155461899565,43.62590630949645],[-79.333183144206515,43.625888509123214],[-79.333247672527477,43.625872994841409],[-79.333309072212757,43.625873084385667],[-79.333355143604095,43.625868686860279],[-79.333391995718827,43.62586428488202],[-79.333438085538987,43.625853208312577],[-79.333471901598713,43.625839872497977],[-79.333514924396923,43.625822094389491],[-79.333518059034432,43.625799793489563],[-79.333496609212759,43.62578637717121],[-79.333472092461179,43.6257707330359],[-79.333524340598615,43.625750736014908],[-79.333626791921745,43.625724313033828],[-79.333710146539786,43.625725352454971],[-79.333777692314769,43.625729915381136],[-79.333845262838381,43.625729995606939],[-79.333931203836073,43.625741291218752],[-79.333971092141979,43.625750251539422],[-79.334001755168558,43.625765904492702],[-79.334087487608457,43.625848553768236],[-79.334185512480019,43.625926765116432],[-79.334234546886947,43.625971438155183],[-79.334252936118077,43.625980385203889],[-79.334277483922563,43.625989341177529],[-79.334305129172122,43.625984925557944],[-79.334366626970791,43.625949324133231],[-79.334388181290507,43.625929282242751],[-79.334388267016536,43.625898056516881],[-79.334360787138777,43.62584226204379],[-79.334311814007307,43.625775283681961],[-79.334290535696624,43.625703880752553],[-79.334272195431467,43.62567262831503],[-79.33424459934399,43.62565920322637],[-79.334223173924002,43.625636866693412],[-79.334260099384252,43.625605694382067],[-79.334290903303057,43.625570057493121],[-79.334309390577573,43.625547778823467],[-79.334306360383138,43.625532166006217],[-79.334291062589315,43.625512070713533],[-79.334254278023863,43.625487479574453],[-79.334235937966099,43.625460691824067],[-79.334226761698758,43.625445061091085],[-79.334230018345906,43.625369238028981],[-79.334236330078895,43.62531348351424],[-79.334273273707282,43.62527562318364],[-79.334304040556347,43.625248906621906],[-79.334334807688592,43.625231101437372],[-79.334350227874623,43.625206603970881],[-79.334344179784708,43.62517090465893],[-79.334325784550543,43.625159716266531],[-79.334365758325248,43.625141942418274],[-79.334396420986039,43.625153139574138],[-79.334437197369084,43.625140902724091],[-79.334586024837691,43.625156339532118],[-79.334870791127216,43.625251265910187],[-79.335113205655944,43.625395638194469],[-79.335428783864728,43.625688638386151],[-79.3357132805438,43.626170622385295],[-79.335758106047834,43.626346214047857],[-79.335611593724522,43.626539524501531],[-79.33510570108038,43.626880849002525],[-79.334906099411285,43.627083092342609],[-79.334873822028342,43.627276593744341],[-79.334989191935904,43.627429784059508],[-79.335268170020242,43.627515699660989],[-79.335903511782547,43.627570603781791],[-79.336537311823136,43.6274814978403],[-79.336891557557266,43.627513508704979],[-79.337322920984704,43.627820170796305],[-79.337410666787278,43.628018344318811],[-79.337499913403789,43.628395611643704],[-79.337504959667228,43.628468206059587],[-79.337504637299745,43.628597069558623],[-79.337476274126487,43.628646815948827],[-79.337447866954847,43.628708273082324],[-79.337403428982469,43.628740425874796],[-79.337383196034608,43.628766762177719],[-79.337362915717108,43.628810660128501],[-79.337362773515437,43.628863399091102],[-79.337358655839182,43.628901460126073],[-79.337382739130121,43.628945430188118],[-79.337406841655991,43.628977680458],[-79.337438972023577,43.629024578403929],[-79.337479232818566,43.629048066274166],[-79.33752351657202,43.629068634395047],[-79.337575907089317,43.629074559748986],[-79.337624302812756,43.629077562953462],[-79.337688816195922,43.629077654568412],[-79.337765479441913,43.629057258216235],[-79.33785830411928,43.629022248470427],[-79.337910804786446,43.628987181482003],[-79.338015788071374,43.628937543579447],[-79.338104537855642,43.628920089577591],[-79.338181224306311,43.6288909166202],[-79.338257819772807,43.628891025015605],[-79.338310263069332,43.62889109920205],[-79.338378788004945,43.628897047007136],[-79.338439190759473,43.628923497468548],[-79.338499648493382,43.628929433799954],[-79.338596344520781,43.628961786350253],[-79.338648669091612,43.628997001653566],[-79.338668721381168,43.629038031300411],[-79.338668674384948,43.629055601953752],[-79.338668592141417,43.629086350596943],[-79.338636339344674,43.629084846850276],[-79.338612165598917,43.629078952818979],[-79.338612118586155,43.629096523472128],[-79.338668517722482,43.62911417379825],[-79.338753130505708,43.629137723802252],[-79.338857874079366,43.629173012933769],[-79.338914206205473,43.62921116821731],[-79.338970575579339,43.62924932352535],[-79.339022841332479,43.629302109291729],[-79.339083249363057,43.629331484871145],[-79.339143621655154,43.62936963672616],[-79.339232235800736,43.629407837270726],[-79.339300769209942,43.629410859082014],[-79.339349195121144,43.629393356425979],[-79.33940161407287,43.629393430077627],[-79.339466123193446,43.629390595231008],[-79.339542834395417,43.629361412395973],[-79.339635635156483,43.629335186534639],[-79.339700234439263,43.629303061149997],[-79.339825366457006,43.629253449839332],[-79.339837492299978,43.629241756016221],[-79.339829495017739,43.629215379731505],[-79.339817429925077,43.6291948666547],[-79.339781130154307,43.629200675692928],[-79.339708499494677,43.629223995502059],[-79.339635884310724,43.629241473382613],[-79.339559198114543,43.629270647314421],[-79.339510770953979,43.62927936469859],[-79.339478560912283,43.629261748756242],[-79.339450398519261,43.629241213036636],[-79.339398148070615,43.629182558578322],[-79.3392945333038,43.629021144006906],[-79.339070436544105,43.628736690771603],[-79.338963161268538,43.628559140236277],[-79.338862960864873,43.62842857784414],[-79.338798578301606,43.628324151914718],[-79.33866248390926,43.628177876295155],[-79.338626668199069,43.628146527893918],[-79.338548186367305,43.627953364166601],[-79.338433684765832,43.627791474333712],[-79.338383550784684,43.62773923138171],[-79.338355039370711,43.627650500321906],[-79.338305085759259,43.627535661884295],[-79.338240817041068,43.62738949631315],[-79.338147905409727,43.627222397913023],[-79.338083483373808,43.627133615929971],[-79.33803339064518,43.627070940258548],[-79.337976084421939,43.62701347515106],[-79.337904347884262,43.626976854791309],[-79.337804208520282,43.626825417283165],[-79.337639859468197,43.626506948597608],[-79.337432526898496,43.62614667906027],[-79.337311025902693,43.625922164373534],[-79.337268264482873,43.625802096869755],[-79.337253853339448,43.625604531663015],[-79.337149542879587,43.625305869726397],[-79.337088439088689,43.625081710833349],[-79.337045654310131,43.624924800466445],[-79.337027408690872,43.624835138517867],[-79.337027638707724,43.624749994603661],[-79.33702785658933,43.624669342369543],[-79.337034220835022,43.624593163590809],[-79.337077681964658,43.624481185107307],[-79.337133618461706,43.624333380801509],[-79.337239029117598,43.624136346240157],[-79.337338195861918,43.623966180874859],[-79.337400143725404,43.623858711256879],[-79.337567247509568,43.62366176410719],[-79.337715999659764,43.62350146236836],[-79.337783936128403,43.623438251927411],[-79.337826962397628,43.623399633947145],[-79.337842093388844,43.623385217161712],[-79.337873183989046,43.623352352131647],[-79.337901076121113,43.623320067648898],[-79.337921801592088,43.623298736706815],[-79.337953651021024,43.623273955989532],[-79.33797515398085,43.623258396038622],[-79.338064280428142,43.623212912215998],[-79.338108040558666,43.623196213583007],[-79.338182808848927,43.623172654752956],[-79.338225553982184,43.623160158293153],[-79.338229792037907,43.623136922668898],[-79.338213539014703,43.623121606285629],[-79.338182145916463,43.623124154257553],[-79.338096230438566,43.623145996035802],[-79.338032601580096,43.623164952872592],[-79.33798329659453,43.623174694535912],[-79.337930034239619,43.623181550118893],[-79.337874414521522,43.623184936793997],[-79.3378267311992,43.623186021340331],[-79.337782226144583,43.623184806017683],[-79.337747422496932,43.62318385648647],[-79.337708507544804,43.623177374247064],[-79.337686789534487,43.623171528507541],[-79.337661688613579,43.623156541536517],[-79.337643986297252,43.623145714714177],[-79.337627430720516,43.623136977843224],[-79.337602587333166,43.623127599098744],[-79.337592039623544,43.62311491013984],[-79.337614343794272,43.623114734791663],[-79.337640057799135,43.623118299864025],[-79.337662625633143,43.623121446398464],[-79.33769435379854,43.623127927451748],[-79.337715478235111,43.623137930995249],[-79.337740887703944,43.623148768745878],[-79.337766229909292,43.623147760549614],[-79.337771522043113,43.623128883117047],[-79.337763570119222,43.623113920502682],[-79.337753890179684,43.623096462046753],[-79.337744218182195,43.623080659859312],[-79.337730268409629,43.623061332050625],[-79.337696334138755,43.623027420601055],[-79.33766352461727,43.622994572903949],[-79.337639546887402,43.622981243780679],[-79.337599278628943,43.622971213029153],[-79.337574135226419,43.622967441725976],[-79.337556420747532,43.62296576029776],[-79.33753411997688,43.62296469344588],[-79.337510690472214,43.622959457335782],[-79.33747868588803,43.622954434065647],[-79.337452398078341,43.622952317366909],[-79.337427232862524,43.622956647262988],[-79.337419766446089,43.622968473489621],[-79.337431096903742,43.62300794275118],[-79.337436721804181,43.623040346798433],[-79.337441782332448,43.623070670718711],[-79.337442867456176,43.62309102443313],[-79.337438796921987,43.623116357593354],[-79.337435326611825,43.62313046685783],[-79.337422722017507,43.623149972975412],[-79.337414116170748,43.623161590548577],[-79.337394042100712,43.623180248909101],[-79.337377162067185,43.6231953562557],[-79.33733858725202,43.623200603201653],[-79.337306468959667,43.623200944557603],[-79.337287226055111,43.62319625444411],[-79.337267976889294,43.623193886680326],[-79.337234835753108,43.623182965805618],[-79.337207027608372,43.623179424664301],[-79.33720165042439,43.62319301812618],[-79.337217651743742,43.623205093789792],[-79.337234758162637,43.623211725176056],[-79.337255070700536,43.623219522304922],[-79.337266261899941,43.623241690687443],[-79.337265141770942,43.623261897241278],[-79.337245323246592,43.623268476057163],[-79.337216425490212,43.623269218034459],[-79.337195597984589,43.623254804134675],[-79.337174739197295,43.623247393277573],[-79.337151175474261,43.623255127923734],[-79.33713561897703,43.623271056247425],[-79.33711900533298,43.623283841573347],[-79.337093339909728,43.623276036792632],[-79.337067676406463,43.623272111613282],[-79.337077350343961,43.623255022735961],[-79.33709023959581,43.623240278804396],[-79.337092433587813,43.623221631025075],[-79.33708820906061,43.623202983100526],[-79.337067377427189,43.623190117412541],[-79.337044387417222,43.623182712495492],[-79.337023519033679,43.623183456867679],[-79.336998872917036,43.623197400907159],[-79.336946981841606,43.623196561788191],[-79.336899921369678,43.623191831930335],[-79.336937419232029,43.623172451394325],[-79.336968483865704,43.623158507520245],[-79.337012938027655,43.623141855303082],[-79.337009260030484,43.623118140364888],[-79.337005014779464,43.623102588889871],[-79.337002919246785,43.623089371843037],[-79.337007783599404,43.623068396508913],[-79.337025221581513,43.623048591279755],[-79.337060047874957,43.623009007746617],[-79.337152679675313,43.622973296150967],[-79.337220556301546,43.622964409420128],[-79.337276079768742,43.622964488466081],[-79.337282214173044,43.622977936292109],[-79.337257422710337,43.623018254291097],[-79.337257253516981,43.62308097582433],[-79.337257180988033,43.623107862910736],[-79.337269486045273,43.623121328522721],[-79.337294144534141,43.623130329017521],[-79.337324973091754,43.623130372890103],[-79.337374326044056,43.623130443107669],[-79.337362117919085,43.623085607756771],[-79.337362323305058,43.623009420176402],[-79.337374918295012,43.622915328427219],[-79.337449134437449,43.62284373780399],[-79.33754810535163,43.622745286118871],[-79.337646943297301,43.622696125842033],[-79.337714879757144,43.62266485241215],[-79.337751975451368,43.622633535175297],[-79.337752059142716,43.622593200005419],[-79.337752119394608,43.622570795597717],[-79.337844786576568,43.622526127092051],[-79.337900441757171,43.622472422635099],[-79.337974633029702,43.6224142707255],[-79.338135271421194,43.622320388607903],[-79.338258802182295,43.622262288358094],[-79.338326725824487,43.622235497243167],[-79.338407002560729,43.622204240850458],[-79.338487327605876,43.622159536371683],[-79.33856139802748,43.622146192897326],[-79.338666297249517,43.62214186728599],[-79.33882048791618,43.622151050181301],[-79.338875974724616,43.622164576496232],[-79.338931437223906,43.622182576447834],[-79.339011498319152,43.622231989910013],[-79.339048462127181,43.622277625067269],[-79.339081501098505,43.622308204340285],[-79.339103182449819,43.622332376622445],[-79.339122291403541,43.62236401644558],[-79.339141390506484,43.622394711104079],[-79.339163065721678,43.622421205728052],[-79.339174506139898,43.622447703952737],[-79.339175705604987,43.622476510131918],[-79.339173061460301,43.622506238048338],[-79.339169148477495,43.622533182745762],[-79.339161414178164,43.622557331631654],[-79.339142168847928,43.622576810594907],[-79.339122958181335,43.622597225749601],[-79.339108835092972,43.622610239906187],[-79.339089641759244,43.622619502340733],[-79.339066575046331,43.622626905030245],[-79.339052523906616,43.622617586799244],[-79.339046184792622,43.622597135687208],[-79.339046254193619,43.622571121728861],[-79.33904950679981,43.622554860772077],[-79.339039321581041,43.622536267535004],[-79.338983742792621,43.622515279007047],[-79.338951784526998,43.622506871686426],[-79.338921090108627,43.622507755586177],[-79.338910825552034,43.622518893861852],[-79.338905663504832,43.622535611195673],[-79.338908176299739,43.622550485055221],[-79.338920948699496,43.62256071964547],[-79.338934987414831,43.622570037875249],[-79.338968207090602,43.622584018846034],[-79.338989913238521,43.622598919737889],[-79.339007758438001,43.622616596622095],[-79.339016650039952,43.6226463407789],[-79.339022959388743,43.622682589313314],[-79.339025452380227,43.62270489830113],[-79.33902285524772,43.622721619251358],[-79.339017675848595,43.622744844579763],[-79.339004811655471,43.622773630954299],[-79.338979132848436,43.622807971146997],[-79.338966293418537,43.622827468103765],[-79.338943253867726,43.622833943661867],[-79.338911245831852,43.622844115156212],[-79.338900936556968,43.62287197797415],[-79.338894493267262,43.622890547789943],[-79.338882947406503,43.622903547547068],[-79.338866926003803,43.622912814414015],[-79.338854745746659,43.622926731417152],[-79.33885214605661,43.622944388505168],[-79.338853382619973,43.622959251564417],[-79.338857184069624,43.622974127240468],[-79.338869414987428,43.622996918029408],[-79.338879896169828,43.623016051781413],[-79.338916871390438,43.623025069284665],[-79.339009467140741,43.623011751623864],[-79.339126756086543,43.622980546846328],[-79.339262497193403,43.622971763384477],[-79.33937967856923,43.622980884480917],[-79.339472177803444,43.622994462501332],[-79.339609724127627,43.623033730650349],[-79.339814056191301,43.623180929037375],[-79.339918755488014,43.623257263565534],[-79.340048076888834,43.623342588845041],[-79.340195863821791,43.623450335279458],[-79.340269756951869,43.623499730226321],[-79.340359727582893,43.62355146093757],[-79.340384080654957,43.623577788037586],[-79.34042162944337,43.623613774054299],[-79.340450595414282,43.623643510108749],[-79.340475241105835,43.623676354612222],[-79.340500925583868,43.623719363142037],[-79.340516988473794,43.623745948688281],[-79.340527710848235,43.623767837052156],[-79.340530847834941,43.623799877416474],[-79.340530790016231,43.623821750741655],[-79.340526453133606,43.623835813882501],[-79.340510245626433,43.623863920651992],[-79.340491915132972,43.623884202239054],[-79.34046390098321,43.623902138946761],[-79.340427310180388,43.623911458336451],[-79.3403939658334,43.623911411788058],[-79.3403590034074,43.62391409939648],[-79.340326168076658,43.623927726667873],[-79.340307827160004,43.623947234090089],[-79.34028731981806,43.623975334820933],[-79.340271155608747,43.623987032061777],[-79.340237782205449,43.624002620861255],[-79.340190408935101,43.624017406959283],[-79.340167815830782,43.624023622346236],[-79.340150589087557,43.62402945817216],[-79.340151626733189,43.62404469899532],[-79.340182784056694,43.624056462381354],[-79.340229008991386,43.624063557088],[-79.340277396207512,43.624068305431322],[-79.340322555573877,43.624070699879972],[-79.340356975980711,43.624066841343748],[-79.340400018527689,43.624059088226602],[-79.340446301340052,43.62404430952131],[-79.340509830472627,43.624016268791031],[-79.340545382554225,43.623996785344268],[-79.340602468208687,43.623964054845949],[-79.340647705901063,43.623936771655117],[-79.340689726019392,43.623912607448744],[-79.340723099232648,43.62389702751819],[-79.3407389268815,43.623890739586642],[-79.340882182534003,43.623833564135751],[-79.34102852504283,43.623766320228846],[-79.341142163316874,43.623705259662984],[-79.341217886848625,43.623671645611495],[-79.341259236160795,43.623647966338609],[-79.341352205004327,43.623591890640753],[-79.341391826025529,43.623565715532756],[-79.341448663571569,43.623523334762076],[-79.341522732553045,43.623468474903824],[-79.341612299883664,43.623409909890157],[-79.34167774557892,43.623368783123944],[-79.341741432811006,43.623341390025679],[-79.341806812845917,43.623325241985818],[-79.341884247354741,43.62330037021993],[-79.342063146013345,43.623268131452946],[-79.34222484845354,43.623239622259135],[-79.342286763971799,43.623230967331267],[-79.34232287439167,43.623229765947727],[-79.342379609158456,43.62323109538066],[-79.342424290169788,43.623236152754934],[-79.342475850765851,43.623244964174944],[-79.342530830600936,43.623258785061346],[-79.342573763210694,43.623273840526984],[-79.342604673394064,43.623290121618233],[-79.342642427361355,43.623323892844986],[-79.342690445671849,43.62337017213018],[-79.342717920521466,43.62340190387102],[-79.342771013094151,43.623417270286204],[-79.342817077319921,43.623433662174627],[-79.342854911682281,43.623446163127547],[-79.342884446277012,43.623453062790681],[-79.342909281130659,43.623451809719242],[-79.342936492735092,43.623446689304892],[-79.342971543040363,43.623438654195745],[-79.34303685119481,43.62340718496727],[-79.3430615798774,43.623384814427183],[-79.343129421826646,43.623393872937143],[-79.343154092958841,43.623398389486731],[-79.343203468704985,43.623385009124071],[-79.343234426993916,43.623344716297112],[-79.343234530295149,43.623295424759164],[-79.343222306131153,43.623255072711146],[-79.343185492461046,43.623178834347819],[-79.343154801460742,43.623111569769122],[-79.343074817371104,43.623030798433781],[-79.343025605083056,43.622981457190832],[-79.342951732219433,43.622914133253595],[-79.342890167239034,43.622869230675576],[-79.342834748920012,43.62282881921336],[-79.342760772038957,43.62280631299474],[-79.342686759468549,43.62279276307526],[-79.342649830588797,43.622765816059385],[-79.342630187054212,43.622757849782644],[-79.342599291951743,43.62275013805354],[-79.342557252925161,43.622763159203672],[-79.342518179363196,43.622793611140125],[-79.342476124241529,43.622817523936],[-79.342452066279293,43.622839283180618],[-79.342434011158872,43.622858872354328],[-79.342400974478068,43.622874084193747],[-79.342358976196252,43.622876204627715],[-79.342307987847661,43.622876134306232],[-79.342236036906087,43.622860777656868],[-79.342158110636774,43.622832342674833],[-79.34206219860377,43.622801722456131],[-79.342005245443133,43.622779851361649],[-79.341951327098485,43.62275362775523],[-79.341882403518483,43.622727383370325],[-79.341777518984713,43.622688010139257],[-79.341684586931635,43.62265519738493],[-79.34152876034797,43.622598308647085],[-79.341414892012338,43.6225545659494],[-79.341262033950144,43.622499877307462],[-79.341139198931941,43.622445248187802],[-79.341127546237701,43.622301407563576],[-79.34111883266948,43.622198977478526],[-79.341119033542171,43.622122699858537],[-79.341122169810916,43.622070406058278],[-79.341113264174282,43.622026808881259],[-79.341095353260542,43.621996278226938],[-79.341059455971873,43.621959178543342],[-79.341031070875189,43.62193019956014],[-79.340957701027023,43.62187080525942],[-79.340580331928379,43.621649763225477],[-79.340059959895498,43.621487002088699],[-79.339877918038425,43.621365246288583],[-79.339762138367618,43.621212060169576],[-79.339646117841255,43.620865334359785],[-79.339648901776258,43.620694311544142],[-79.339748490746061,43.620514423056335],[-79.340047522493251,43.62017730707916],[-79.340444436656696,43.619867313174971],[-79.340686042344956,43.619723627598404],[-79.341229474027244,43.61949934841212],[-79.342127741376672,43.619361052577439],[-79.342453225935301,43.619420019752503],[-79.342713556652811,43.619514875007432],[-79.342849450530366,43.619672586539387],[-79.342873738635689,43.619861658494095],[-79.342806312140482,43.620037093251511],[-79.342778675201373,43.620244069614593],[-79.342811080341619,43.620442145132053],[-79.342906803561107,43.620805726506717],[-79.342913504820643,43.620911187189776],[-79.342945550666357,43.621028636559132],[-79.34296365085315,43.621162836380535],[-79.342977371066638,43.621223236656363],[-79.343032598137214,43.621293766501275],[-79.343115513170432,43.621371031364561],[-79.343212284724629,43.621451672695599],[-79.343262908109622,43.621515454060024],[-79.343299635303381,43.621596012976489],[-79.343317949191984,43.621653061979366],[-79.343317817166167,43.62171344322315],[-79.343289972364275,43.62176707143297],[-79.343257514505623,43.621817344788155],[-79.343220534450836,43.621834063696568],[-79.343174319661983,43.621847421402457],[-79.343118851340094,43.62187417848444],[-79.343104920088493,43.621904350077045],[-79.343104803016786,43.6219446041978],[-79.34311397301316,43.621968092445613],[-79.343136994377559,43.62200167227104],[-79.343196974869116,43.622021881697165],[-79.343238515746378,43.622028653715326],[-79.343266130478384,43.622058882289117],[-79.343279904838312,43.622089091883339],[-79.343279800273351,43.622129346020124],[-79.343293609515868,43.622146134566393],[-79.343325898330107,43.622156242392258],[-79.343376687868258,43.622156293984467],[-79.34342280573378,43.622189905392055],[-79.343459707640534,43.622203368020585],[-79.343501292195342,43.622193361385477],[-79.343570582360925,43.622183392649404],[-79.34361675014145,43.622183455813534],[-79.343653643363623,43.622200284892749],[-79.343672091839593,43.622210373691622],[-79.343727424937114,43.622240631051959],[-79.343815043284621,43.622277665548495],[-79.343838151992657,43.622277697117418],[-79.343884307455198,43.622277760156692],[-79.343958157432155,43.622301336644171],[-79.343985824697015,43.622311437975078],[-79.344031970271445,43.622324922034608],[-79.344068898407016,43.622328320932311],[-79.344119705371583,43.622321684175056],[-79.344170533387796,43.622311689900187],[-79.344216735945665,43.622298322774583],[-79.344272164588403,43.622291701248727],[-79.34428607806197,43.622268226536299],[-79.34431387025073,43.622234734157907],[-79.344355515295163,43.622201233629582],[-79.344411014204127,43.62215771537597],[-79.344466546493109,43.622110830615249],[-79.34449429530892,43.622094098748022],[-79.344522104629732,43.622053882292171],[-79.344545261373469,43.622030429119242],[-79.344577654035305,43.622000282452113],[-79.344637790498041,43.621960109912749],[-79.344679426482998,43.621929984779172],[-79.344730267585504,43.621909926702045],[-79.344790356962633,43.621883166110848],[-79.344831958324306,43.621866452967353],[-79.344905904083902,43.621843077647171],[-79.344952102335156,43.621826361694794],[-79.344984467752184,43.621816342015514],[-79.345030670772402,43.621792928992548],[-79.345053818595588,43.621772833227432],[-79.345067752611385,43.621746018924263],[-79.345067804296733,43.62172589185284],[-79.345077086987544,43.621705777291268],[-79.345063277371693,43.621688979957163],[-79.34505871596248,43.621665498110694],[-79.345035675341023,43.621648697263169],[-79.345003382745247,43.621635232390098],[-79.344943379928395,43.621628444975094],[-79.344892590877564,43.621628376076856],[-79.344832558465896,43.621628285608914],[-79.344781752162987,43.621634922684819],[-79.344518957402698,43.62147690596094],[-79.344329868139255,43.621379388448602],[-79.34412703344654,43.621254991686669],[-79.343942649010827,43.621130628751366],[-79.343691060262401,43.620891072667519],[-79.343555244993084,43.62075370545525],[-79.343379733005577,43.620348419833981],[-79.343359378294252,43.620127848466204],[-79.343444819500903,43.619722920157592],[-79.343544873031817,43.619507014331191],[-79.343580676052227,43.619441902128244],[-79.343732310555595,43.619225319574085],[-79.343941265624053,43.619021156004884],[-79.344150165799348,43.618847290715848],[-79.344228471308725,43.618794388139641],[-79.344291145009123,43.618730113441686],[-79.344333025564694,43.618662020803626],[-79.344390527140021,43.618590168821108],[-79.344416719861684,43.618537222171767],[-79.344463686815232,43.618514566522236],[-79.34453148121824,43.618491948180527],[-79.344609746918778,43.618454194658867],[-79.344672347180236,43.618427779579449],[-79.344698500662545,43.618389955179886],[-79.344745549756169,43.618325659001492],[-79.344766516220801,43.618276467761326],[-79.344766723432201,43.618200739176416],[-79.344777269945624,43.61815153378376],[-79.34476699613009,43.618094738935319],[-79.344767093528446,43.618056879134052],[-79.344767171451622,43.618026589492572],[-79.344735974732515,43.617992476787279],[-79.344683982623152,43.617950756634606],[-79.344623934518879,43.617861948129566],[-79.344595169762044,43.617840953746146],[-79.344453400188257,43.617799552480399],[-79.344359004327387,43.617716953075586],[-79.343765642166716,43.616726609480885],[-79.343691283791529,43.616217981997117],[-79.343693542727891,43.615331525801572],[-79.343827156503764,43.614864417929276],[-79.343942473463187,43.613911856476399],[-79.344002625814198,43.613829026517742],[-79.344045263178216,43.613730555174563],[-79.344070943444862,43.613625903716681],[-79.344075427102041,43.613530449796116],[-79.34407987093077,43.613450406247132],[-79.344088496103197,43.61339190879302],[-79.344109803945784,43.613339594604007],[-79.344122626290911,43.613296504296045],[-79.344122742069132,43.613256475146763],[-79.344084779665806,43.613185609220459],[-79.344013016994296,43.613077737342074],[-79.343920033405098,43.612979080903465],[-79.343826978423749,43.612908130657331],[-79.343738149080551,43.612846430567849],[-79.343700091713842,43.612812506202786],[-79.343636588667152,43.612787791481821],[-79.343606977816719,43.612769271064479],[-79.343573053756018,43.612775390623185],[-79.343534892749645,43.612781495371657],[-79.343479852184714,43.612766018599828],[-79.343429059337168,43.612732085708423],[-79.343382440403317,43.612732021851379],[-79.343340058428254,43.612731963781471],[-79.343255258895255,43.612750318457785],[-79.343191668112439,43.612759466707885],[-79.343136559234168,43.612765548075757],[-79.343068715422802,43.612780856393748],[-79.343005100555501,43.612799239962861],[-79.342966899403407,43.612820745894453],[-79.342903172990773,43.612891472504515],[-79.342813959689934,43.612977565465428],[-79.342728882458857,43.613097536383506],[-79.342673463860521,43.613217539053529],[-79.342584682983798,43.613417770407445],[-79.342518906121981,43.613637665468239],[-79.342059777608185,43.614458402387697],[-79.34183576495785,43.614715245142264],[-79.341619788512546,43.614869194396015],[-79.341396403641269,43.614947161012431],[-79.341219266419458,43.614997242038683],[-79.34104208468483,43.615064110367854],[-79.340949546022756,43.615131078210297],[-79.340887757950057,43.615226047175256],[-79.340756469830808,43.615399177617959],[-79.340648176050593,43.615600316354943],[-79.340555495992092,43.615734389219121],[-79.340424205762886,43.615907537264356],[-79.340281449192958,43.616049920304796],[-79.340235032043168,43.616150500252999],[-79.34009999795262,43.616281714097106],[-79.339947554327097,43.616488272238797],[-79.339828689953706,43.616641822893918],[-79.339675825055224,43.616838370498932],[-79.339463752969564,43.617028695802674],[-79.339285511843158,43.617225198233122],[-79.339081858198369,43.617421673612348],[-79.3389543347174,43.61764282974567],[-79.338226400912617,43.618324820021797],[-79.33752318493238,43.618885816764653],[-79.337097042562306,43.619142119537855],[-79.336510872473156,43.619317926408229],[-79.336204976301673,43.619398393198892],[-79.336074302922341,43.619428162586743],[-79.3359368603126,43.619422969641924],[-79.335723785914396,43.619427659438998],[-79.335412825359228,43.619410973631936],[-79.335131241196081,43.619335667169231],[-79.334986826704451,43.619365442500822],[-79.334852597744927,43.619440140390729],[-79.334805292602681,43.619670724126991],[-79.334550546509377,43.61987509275275],[-79.333891804640984,43.62013624947955],[-79.333063547858288,43.620288607023504],[-79.332706584234941,43.620345712217286],[-79.332425592726281,43.620418023042369],[-79.331862413169375,43.62040883382253],[-79.3306701284871,43.620331939301828],[-79.330116774725369,43.620235037325358],[-79.329518928041864,43.620094643539225],[-79.328249799779243,43.619633195041274],[-79.327967267489768,43.619454290309648],[-79.327721695838363,43.618911171570318],[-79.327492133558493,43.618798100749231],[-79.327201803381485,43.618843587467182],[-79.326959895167818,43.619035275623453],[-79.326708403094599,43.619565113638522],[-79.326693592766006,43.619717494023746],[-79.326790181202881,43.62010800444363],[-79.326838724117749,43.620212449296446],[-79.326977932917643,43.620327977094618],[-79.327379347886719,43.620512761705761],[-79.328657210548911,43.621323370404767],[-79.328693886088544,43.621480670913975],[-79.328643861945849,43.621673775092241],[-79.328377641057259,43.621776711864889],[-79.327696948563357,43.621919440381781],[-79.327431071485378,43.621905564241189],[-79.326566681439033,43.622066011389023],[-79.326033830560306,43.622083204575326],[-79.325733435252843,43.622051242141424],[-79.325477688854136,43.621983341471854],[-79.324826372316679,43.621581782813195],[-79.324781249635834,43.621392684159893],[-79.324807159679125,43.621221544147147],[-79.324884580514677,43.62096379950264],[-79.324971482183855,43.620816138502846],[-79.325027724953628,43.620712762437741],[-79.325073732420677,43.620635240723651],[-79.325124850240485,43.620542955499481],[-79.325155528327869,43.620487571762638],[-79.325160717115438,43.620454328502767],[-79.325150726668724,43.620391501408058],[-79.325130499537408,43.620350829118493],[-79.32512041106969,43.620317562489888],[-79.325125585803661,43.620280619630904],[-79.325145994936463,43.620258480383676],[-79.325176587181701,43.620232666128771],[-79.32516656631671,43.620184619296715],[-79.325116089726905,43.620051528298248],[-79.325081060217883,43.619855649089672],[-79.325040401433682,43.619703994166272],[-79.325026460770715,43.619606289552927],[-79.325054477192069,43.619421803565892],[-79.325295579115235,43.619057615229259],[-79.325443960953422,43.618891315825422],[-79.32564829865639,43.618518069159613],[-79.325843868961712,43.618369843998124],[-79.326311023522223,43.618119091315222],[-79.326563132128257,43.618080795008794],[-79.326694924988047,43.61806305506579],[-79.326834937028764,43.618039341483041],[-79.326933802293226,43.618015565445468],[-79.327032689433238,43.617979808478054],[-79.327106964343571,43.617920133463038],[-79.327172970503085,43.617866377828577],[-79.32723074963981,43.617812636726789],[-79.327263852932006,43.617752881376532],[-79.327280455929369,43.61770505496181],[-79.327288841528613,43.617645262256261],[-79.327256076042019,43.617591375311349],[-79.327231542101472,43.617531532861221],[-79.327165776264806,43.617501530765104],[-79.327067066225197,43.617471469799732],[-79.32696828290203,43.617471320327851],[-79.326820101723825,43.617471095950627],[-79.326647121910895,43.617494759531198],[-79.326441195552249,43.617536330651468],[-79.326284632465203,43.61758992129316],[-79.326177489140619,43.617631632998396],[-79.326045657745922,43.617667312099755],[-79.32589735527408,43.617708960905389],[-79.325757262183743,43.617756589966312],[-79.325576061794251,43.617786225333298],[-79.325444345890304,43.617786024293245],[-79.325312612684641,43.617791800011709],[-79.325148009270777,43.617767613620721],[-79.324983465414391,43.617731482211688],[-79.324761435876582,43.617647410961837],[-79.324605188950898,43.61758735697353],[-79.324522998170636,43.617539388344404],[-79.324490205413454,43.617491486502743],[-79.324432772185943,43.61742560699993],[-79.324317684769795,43.617365615819359],[-79.324186101847943,43.617311585093752],[-79.324054521450108,43.617269517096027],[-79.323939329997074,43.617245414000948],[-79.32378292264859,43.617245173017949],[-79.323651055704659,43.617292821182716],[-79.323535666855918,43.61734049463152],[-79.323494280831284,43.617418184932276],[-79.323494088386667,43.617483975949824],[-79.323485604283221,43.617567693976632],[-79.323493638629898,43.617633497694541],[-79.323534612290487,43.617705338199087],[-79.323616685239614,43.617789186978698],[-79.323717034450297,43.617855736166298],[-79.323909525056266,43.617952806989571],[-79.324109566815551,43.618133143148654],[-79.324228163738653,43.618358360806425],[-79.324256094683165,43.618875984788616],[-79.324061832496042,43.620846994215185],[-79.323845275384798,43.62166055879004],[-79.32370561113045,43.62188848409231],[-79.3234837352516,43.622056440971988],[-79.323365078177801,43.622142275113198],[-79.323179981242603,43.622219743097439],[-79.32293934812472,43.622284630830912],[-79.322557664310708,43.622258826104684],[-79.322216486091236,43.622258296034559],[-79.321949101934024,43.622251182858314],[-79.321819923997978,43.622277778772137],[-79.321791971145799,43.622378208866913],[-79.321782455617637,43.622478676698584],[-79.321828304455025,43.622565827739109],[-79.321901948085184,43.622606133756285],[-79.322132446447299,43.622613189658949],[-79.322372129211516,43.622640359500679],[-79.322537946213643,43.622694202375037],[-79.322740591901692,43.622768202251763],[-79.322924702223432,43.622875667278969],[-79.323123960072579,43.623074348652857],[-79.323162943272962,43.623395173924493],[-79.323152769474348,43.623716697252426],[-79.323142770217956,43.623991323532863],[-79.323077210896969,43.624332843247572],[-79.323011695231457,43.624667674931615],[-79.322946382703122,43.624928821417868],[-79.322862717290818,43.625156445212831],[-79.322816137055824,43.625317138012292],[-79.322760573558909,43.625397434371543],[-79.322621800932652,43.625557984113918],[-79.322547857670443,43.625618151724389],[-79.322427840169695,43.625658156607805],[-79.322234108265363,43.625684652682871],[-79.322040408286611,43.625704469441743],[-79.321828217847212,43.625737633133227],[-79.321708343203142,43.625737446240592],[-79.321588409140347,43.625757350250069],[-79.321505351876283,43.62577732071918],[-79.321440626468515,43.625837502003037],[-79.321422029370126,43.625891058275741],[-79.321421890540293,43.62593795534147],[-79.321458608946472,43.625991598014046],[-79.321513798158435,43.626038572474322],[-79.321569046883326,43.626065455881118],[-79.321670444042425,43.626079008177527],[-79.321827176673978,43.626085949600828],[-79.321965488176204,43.626099568163887],[-79.322103762593457,43.626113177500471],[-79.322241970554316,43.626153565723946],[-79.32235254777693,43.626180552772666],[-79.322463093103394,43.626214200698861],[-79.322573537765336,43.626294754642934],[-79.322674462904203,43.62646908827066],[-79.322701451553158,43.626696865469462],[-79.322663601839224,43.627031739718348],[-79.322475541605641,43.628270696904494],[-79.322410203087998,43.628538539914878],[-79.322372779488916,43.628719346773323],[-79.32234483690236,43.628819785906806],[-79.322279891977146,43.628953643694629],[-79.322113386366439,43.629127543673498],[-79.32203032463066,43.629147514504545],[-79.321827322031538,43.629187389511614],[-79.321633630553293,43.629200481540174],[-79.321476837791678,43.62920694283369],[-79.321292348594099,43.629213351617999],[-79.321209298888988,43.629233312869552],[-79.321135357090498,43.629286809497081],[-79.321089104256274,43.629347019445113],[-79.321098105475087,43.629420718929389],[-79.321190169232963,43.629474448254363],[-79.321439073883582,43.62950161644514],[-79.32177094210931,43.62954232554285],[-79.322010494105186,43.629623081197003],[-79.322203920304901,43.629700416101812],[-79.322314131661145,43.629858003795263],[-79.322368765364487,43.630099235975578],[-79.3223586773492,43.630393979849629],[-79.322265123352722,43.63084934079626],[-79.32218973163657,43.631398497352471],[-79.322114667016493,43.631840483784671],[-79.322048967167035,43.632228917452089],[-79.321992934148739,43.632469977391352],[-79.321937145384823,43.632623958253923],[-79.321890675547294,43.632744459443394],[-79.321807509790787,43.632797924097936],[-79.321715123606026,43.632851365310721],[-79.321530432501618,43.63293480802659],[-79.321364300624808,43.632978079252602],[-79.32117973774578,43.633017981893509],[-79.32103201620447,43.633071344982618],[-79.320930348884943,43.633144871124031],[-79.320856374719668,43.633211734541533],[-79.320883816962123,43.633285462889525],[-79.320920551707232,43.633339114693371],[-79.321012648635147,43.633379450114923],[-79.321169186587767,43.633466774506203],[-79.321454726511959,43.633591142905416],[-79.322014119598862,43.633773897209707],[-79.32232485090897,43.633892262718483],[-79.322513969658104,43.633980977100407],[-79.322675993476494,43.634079469654139],[-79.322833475096402,43.63418449894408],[-79.322932446026599,43.634256699366794],[-79.3230403681588,43.634361651594951],[-79.323112220753757,43.634460021909838],[-79.32313895823448,43.634568124896674],[-79.323161162661791,43.634679497366896],[-79.323165382925282,43.634774477497096],[-79.323146952939439,43.634918534136531],[-79.323114909747304,43.635085478226998],[-79.323064754320612,43.635275329795924],[-79.323010068137009,43.635471727328593],[-79.322952062252327,43.635701172763213],[-79.322833301338861,43.635855119440841],[-79.322717135900959,43.636175712596604],[-79.322607268508818,43.63652889138752],[-79.322510226041146,43.636886734675826],[-79.322432944340761,43.637044678901404],[-79.322342996433349,43.637156111258889],[-79.322220815631738,43.637341907828578],[-79.322098881051502,43.637443991814784],[-79.321938519726018,43.637564630674433],[-79.321823101726835,43.63762953981459],[-79.321707709659805,43.637689786163413],[-79.321643614100708,43.637712936742851],[-79.321605052788158,43.637768667121406],[-79.321572709154225,43.637880206739368],[-79.32155316701791,43.637996402039626],[-79.32159762725388,43.638112697233503],[-79.321706073713116,43.638243062360445],[-79.321795298926446,43.63836872570473],[-79.3219037986307,43.638489756292444],[-79.321967443230534,43.638615388643181],[-79.322050259082971,43.638750358224364],[-79.32206256963768,43.6389130862851],[-79.322001806248565,43.639016246487294],[-79.321889963362096,43.639279749621167],[-79.321830432334721,43.639460575521952],[-79.321783875035578,43.639684277163909],[-79.321731026593767,43.639822257867408],[-79.321645350912974,43.63997923424234],[-79.321519702523716,43.640345628150598],[-79.321440538200733,43.640521661432253],[-79.321374518380054,43.640678686287572],[-79.321328464683759,43.640735737039449],[-79.321295271949921,43.640873766237682],[-79.321202825119585,43.641102148566787],[-79.321143489732918,43.641211539456549],[-79.32107765031715,43.641311432686166],[-79.320972415346546,43.641425522362162],[-79.320860734601126,43.641506278754846],[-79.320755567819859,43.641601348432879],[-79.320670044623682,43.64170118355144],[-79.320639405571029,43.641775909887343],[-79.320636786137484,43.641860626697131],[-79.320636545368302,43.641941557659926],[-79.320675659763154,43.642017788637418],[-79.320767260741945,43.64207508200478],[-79.321042176190986,43.642213584751772],[-79.321153377878204,43.642294681113633],[-79.32120569332605,43.642337609478723],[-79.321271119151376,43.642390081769186],[-79.321297050276598,43.642490109545399],[-79.32129647164578,43.6426853213841],[-79.321250091648793,43.642851882255364],[-79.321150803931317,43.64317069953772],[-79.321011662569262,43.643665620133291],[-79.320912343919957,43.643993969564242],[-79.320839593849811,43.644203335432174],[-79.320753226069186,43.644377583558203],[-79.320661728157873,43.644613644963123],[-79.320580783691682,43.644814482493651],[-79.320541770425223,43.644916073702923],[-79.320504114322915,43.645078030198967],[-79.320445138803251,43.645235479514277],[-79.320392398986698,43.64538841090453],[-79.320339646479027,43.645541351247722],[-79.320229671770861,43.645658196124288],[-79.320129937383854,43.6456829820278],[-79.319969293084469,43.645931202866699],[-79.319883740073038,43.6461090431103],[-79.319883501323218,43.646188947858491],[-79.319822873818637,43.646392229171717],[-79.319812653408263,43.646464845079748],[-79.319787141019106,43.64663549775166],[-79.319766700002944,43.64678072955293],[-79.31971606248284,43.646984035539646],[-79.319645616409801,43.647129197439249],[-79.319525012925354,43.647325119820877],[-79.319374472798316,43.647491956371468],[-79.31910854903478,43.647679763399474],[-79.319073143171536,43.647701382651206],[-79.31889949242796,43.647786440606751],[-79.318490023363452,43.647705418013452],[-79.31852908444472,43.6476349903512],[-79.318552546164682,43.647578625049647],[-79.318566293005603,43.647529301393419],[-79.318556701625567,43.647491210402045],[-79.318533490725883,43.647460154859743],[-79.318490833992954,43.647440329144388],[-79.318461724893837,43.647433234853729],[-79.31843260731516,43.647428957969062],[-79.318401517747233,43.647437369867212],[-79.31835871655602,43.647465503139017],[-79.318321673762796,43.647511972322825],[-79.318266952865415,43.647624690431336],[-79.318214143522027,43.647752929901436],[-79.318184748995151,43.64784453503399],[-79.31818075387018,43.647886826084857],[-79.31819036209761,43.647919273277296],[-79.318201954784328,43.647939031702926],[-79.318229105169038,43.647950353585223],[-79.318297042604655,43.647960336086157],[-79.318337808810853,43.647961796087472],[-79.31838250128871,43.647952001607095],[-79.318409728183582,43.647937939724528],[-79.318427240845324,43.647922458193669],[-79.318446771864771,43.647883009235855],[-79.318460506493579,43.647833676574258],[-79.31847412217985,43.647823832701924],[-79.318497426588422,43.647823869705476],[-79.318873911056528,43.647900618374081],[-79.318883248956283,43.647961275351449],[-79.318879890100177,43.648051877748344],[-79.318851218733087,43.648158876523468],[-79.31879962734476,43.648348183424474],[-79.318756768365205,43.64846134361656],[-79.318691162435798,43.648595044828404],[-79.318642724792696,43.648675242139184],[-79.318588659077562,43.648738985009253],[-79.318511821577772,43.648835600680464],[-79.318400931394493,43.648940425457781],[-79.318292898249723,43.649043166351092],[-79.318204853844335,43.649102723395615],[-79.318108311684171,43.649156091917206],[-79.318014626761055,43.649199176349782],[-79.317962656375116,43.649221380972918],[-79.317839601927489,43.649265273618589],[-79.31744236050649,43.649097934722526],[-79.317471838673043,43.649061157225958],[-79.317493326487053,43.649018543084345],[-79.317500074873706,43.648992386900929],[-79.317501510495958,43.648960407356149],[-79.317494890542406,43.648940053710923],[-79.317474938184063,43.648917734484357],[-79.317450984818024,43.648894436718116],[-79.317424331065951,43.648882764392951],[-79.317382967292346,43.64887785558998],[-79.317346934548809,43.64887682587549],[-79.317322904945598,43.64887870476845],[-79.317296174774825,43.648892254106016],[-79.317245338584854,43.648932877002288],[-79.317189112553976,43.648988991600589],[-79.317115511101079,43.649051874402026],[-79.317067316320973,43.649100251615621],[-79.317033825700264,43.649143809611772],[-79.31701903320068,43.649177703063067],[-79.317014926221461,43.649211622618459],[-79.3170188507723,43.649237795856557],[-79.317036155522871,43.649254296044823],[-79.317065463433437,43.649273722878817],[-79.317108109742108,43.649293171045983],[-79.317134775384005,43.64930096387662],[-79.317168149077844,43.649300045111232],[-79.317217537454184,43.649291401771983],[-79.317257642007291,43.64927015066705],[-79.317287079250988,43.649246938204669],[-79.317319211047405,43.649214035574971],[-79.317337945696536,43.649200500461298],[-79.317365999392592,43.649187943378955],[-79.317692570258828,43.649338697365707],[-79.317677807405488,43.649362896482948],[-79.317679084641981,43.649383250596507],[-79.317665452039989,43.649406722404393],[-79.3176366489635,43.649507158647147],[-79.317598589778754,43.649581665195825],[-79.317546953151307,43.649677735323102],[-79.317506161634725,43.649762048960241],[-79.317459953242988,43.649850296527568],[-79.317400250532714,43.649932617628643],[-79.317351416767039,43.649995342101157],[-79.317248391738161,43.650105066043039],[-79.31716709240014,43.650175578712691],[-79.317103676827628,43.650231141675953],[-79.317027562164242,43.650284244909706],[-79.316950407881521,43.650332665720804],[-79.316882587521036,43.650373108224613],[-79.316808874488459,43.650406781224341],[-79.3167359975224,43.650438619239424],[-79.316675851209197,43.650462484417702],[-79.316629248143229,43.650480223361342],[-79.316554042229981,43.650511472435817],[-79.316494316339529,43.650470492403656],[-79.316447003093174,43.650444609547641],[-79.316418264485606,43.650433509730327],[-79.31639122047919,43.650423636812413],[-79.316359060240686,43.650424809338091],[-79.316330273052856,43.650429659828703],[-79.316306545901384,43.650441908558896],[-79.316294646150666,43.650457866848612],[-79.31629037211016,43.650473225299777],[-79.316293711416733,43.650487974892016],[-79.316303826709685,43.650500278001878],[-79.316321567727869,43.650511981271492],[-79.316412842466676,43.650549015461316],[-79.316451711403033,43.650567512660011],[-79.316475352539427,43.650583519027023],[-79.316504112461601,43.650608003884336],[-79.316538168608488,43.650660059394333],[-79.316542039480098,43.650703830211967],[-79.316519656706419,43.650795680156165],[-79.316485218987111,43.650893352624323],[-79.316452824034783,43.6509837282589],[-79.316396278464381,43.651082823417894],[-79.316355905430697,43.651146938248537],[-79.316307517081881,43.651205198303494],[-79.316251077788323,43.651269287277721],[-79.316170526882644,43.651333319449385],[-79.316134298083639,43.651359509142736],[-79.316102311229187,43.651384949534538],[-79.316016756108567,43.651419116043705],[-79.315907628098145,43.651455422857815],[-79.315816543906578,43.651481443085544],[-79.315729274113124,43.651500574349633],[-79.31566482337314,43.65150459306124],[-79.315579517594827,43.651501701056723],[-79.315509377028704,43.651501569876991],[-79.315443961396724,43.651504911805077],[-79.315378600737645,43.651510540129223],[-79.315351435363553,43.651434974865488],[-79.315329499080349,43.651400653260261],[-79.31531383070039,43.651380059845891],[-79.315310779971441,43.651348064092652],[-79.315315632662887,43.651305792556322],[-79.315337815612665,43.651255546808834],[-79.315337927638552,43.651218983474934],[-79.315334876904657,43.651186987721424],[-79.315328675839581,43.651159550566867],[-79.315308275508301,43.651137806334084],[-79.315268986487453,43.651122890609997],[-79.31522650995656,43.651112533408742],[-79.315199756107035,43.651109069645919],[-79.315172993650961,43.651112455896261],[-79.315139898665322,43.651127254623191],[-79.315109931369491,43.651148917433858],[-79.315087797343594,43.651183167804483],[-79.315067206126656,43.651227700216992],[-79.315056090838766,43.6512585298874],[-79.31505439912128,43.65130080652709],[-79.315054246462978,43.65134651517365],[-79.31505726572307,43.651396801641091],[-79.315068093573018,43.651459657634042],[-79.315083642665982,43.651519109748058],[-79.315099205845456,43.65157398019138],[-79.315113175502006,43.65163913660588],[-79.315125658438021,43.651675720306578],[-79.315138485710278,43.651721296918083],[-79.315180082353137,43.651852973015302],[-79.315227632616399,43.65197560335303],[-79.315242132405544,43.652001352665629],[-79.315254418154268,43.652074004466279],[-79.315279076266449,43.65218298772875],[-79.31531613790473,43.652334351404562],[-79.315338770808125,43.65243273678157],[-79.315353181167993,43.652491772947037],[-79.315377889111616,43.652588649437604],[-79.315398552242371,43.652646183466281],[-79.315425145285204,43.652694284643587],[-79.315428538861312,43.65271961993686],[-79.315395194153439,43.65272259054931],[-79.315386813908518,43.652734683838808],[-79.315395101456744,43.652752852956162],[-79.315428418393907,43.652758955665021],[-79.315461766284002,43.652759000502044],[-79.31552012496401,43.652753045784841],[-79.31554096427692,43.65275307941323],[-79.315555532374788,43.652760664057929],[-79.315582485489244,43.652804589149859],[-79.315594818107286,43.652862109701466],[-79.315619597524034,43.652931748148703],[-79.315627789416808,43.652977164195732],[-79.315644120901254,43.653089158387694],[-79.315654301518109,43.653169367874547],[-79.315667307747489,43.653229625912729],[-79.315669301887397,43.653286958755018],[-79.315665575188163,43.653346172656285],[-79.315662773912081,43.653390598824039],[-79.315668908048423,43.653415722493804],[-79.315674159426081,43.65343763125631],[-79.315673202419347,43.653462743491367],[-79.315667809223299,43.653487200475546],[-79.315664168513507,43.653514243673932],[-79.315656038598433,43.653537697093952],[-79.315639695710487,43.653542855518126],[-79.315628576210599,43.653554755377385],[-79.315643603852749,43.653570234938456],[-79.315672426244205,43.653570596464434],[-79.315699921123326,43.653571288892998],[-79.315716747177675,43.653578400084633],[-79.315727340633131,43.653592576291352],[-79.31573877742504,43.653622866279967],[-79.315749269083156,43.653674397938985],[-79.3157598034812,43.653707899953872],[-79.315765082489634,43.653720789399188],[-79.31577925364445,43.653728535398741],[-79.315779202465649,43.653745277834211],[-79.315780010425172,43.653772967300242],[-79.315777260392011,43.65380065103232],[-79.315784272837007,43.653826424207047],[-79.315791301647181,43.653850901212628],[-79.315806323489795,43.653868316033204],[-79.315808927301347,43.653884414648736],[-79.315807111197742,43.653898579852907],[-79.315814143931988,43.653921778670927],[-79.315818957964197,43.653940788284395],[-79.315811336347565,43.653960182922269],[-79.315817922303182,43.653991653263667],[-79.315832928454043,43.654014216829104],[-79.315841670457402,43.654054160915742],[-79.315843344900713,43.654086352452296],[-79.315853012969612,43.654115352384025],[-79.31585296181062,43.654132094818415],[-79.315866155871745,43.654167527394776],[-79.315878478960599,43.6541958835031],[-79.315887272197259,43.654219076149623],[-79.315891637631651,43.654242909761706],[-79.315887989710419,43.654276388919349],[-79.315890522722597,43.654315674902797],[-79.315888655475376,43.654346582541002],[-79.315895012421635,43.654379996799179],[-79.315916416338979,43.654442950723677],[-79.315936147764205,43.654497422676464],[-79.315954335191691,43.654554106472183],[-79.315960314804386,43.654597430607019],[-79.315966330490454,43.654633004634917],[-79.315976868808036,43.654689676111232],[-79.315991997558001,43.654745247808862],[-79.316005631989341,43.654790816596638],[-79.316017698659437,43.654846374359941],[-79.316037355704225,43.654925284842086],[-79.316056425959658,43.654997434360382],[-79.316188089847444,43.655533136536235],[-79.316202512340638,43.655588707062215],[-79.316222465373571,43.655647959028272],[-79.31624346985204,43.65570799579789],[-79.316257100544661,43.655754923745967],[-79.316273963608936,43.655782648005186],[-79.316283419974582,43.655808047011497],[-79.316292881040553,43.655831906793544],[-79.316299106700427,43.655871909798108],[-79.316303271638702,43.655896535184255],[-79.316309042756572,43.655922972422516],[-79.316230313779784,43.655952631354147],[-79.316111124129975,43.656025179595368],[-79.316042187240427,43.656043269410681],[-79.316004457231429,43.656093229190461],[-79.315998071465401,43.656134139049044],[-79.315985329179782,43.656202312764975],[-79.316041161594882,43.656375183534131],[-79.316122256780261,43.656484455369636],[-79.316203201269161,43.65663916571404],[-79.316234282302233,43.656716519268748],[-79.316277886687246,43.656789338259273],[-79.316310208645504,43.656833838862447],[-79.316375608699303,43.656910725439595],[-79.316418662960203,43.656952605854997],[-79.316464618727792,43.656990305285298],[-79.316510542703142,43.657038464212867],[-79.316553545944387,43.657101236624442],[-79.316602295140484,43.657170310180234],[-79.31663956532212,43.657222631796181],[-79.316668282896785,43.657249870928808],[-79.31669415636371,43.657262451298685],[-79.316720042544986,43.657270855057483],[-79.316748760233779,43.657298076167166],[-79.316157558119812,43.657604459930639],[-79.316154732816685,43.657587730882952],[-79.316149024815516,43.657573085511579],[-79.316128916756696,43.65755632866599],[-79.316100135437665,43.657550008428963],[-79.316065601092845,43.657547864554694],[-79.316016667079055,43.657539423555882],[-79.31599365083018,43.657533112570505],[-79.31597063461362,43.657526792579183],[-79.315913026940564,43.657532973763729],[-79.315872682838986,43.657545456666639],[-79.315793410803366,43.657573548179336],[-79.315763184907681,43.657569331844989],[-79.315734393640554,43.657570329595529],[-79.31571708490074,43.657582849572435],[-79.315288226247901,43.657525718963953],[-79.315282531321785,43.657506878942264],[-79.315259540772487,43.657492214599834],[-79.315225019708123,43.657481717242327],[-79.315197743601558,43.65745762154905],[-79.315173286546965,43.65744816659879],[-79.315147406857577,43.657437692190456],[-79.315112885871699,43.657427185797772],[-79.315092739227268,43.657427153211543],[-79.315069703863983,43.657427115948586],[-79.315040897050991,43.657429157655692],[-79.315017893768641,43.657418669869315],[-79.314980502963735,43.657406052477249],[-79.314954629766689,43.657393480721652],[-79.314902794057446,43.657393387799587],[-79.314876875972374,43.657395434142764],[-79.314817884295579,43.657388029500225],[-79.314784753770454,43.657389037984856],[-79.314749617572943,43.657373003657959],[-79.31466690722668,43.65737813538103],[-79.314427779653556,43.657404760486841],[-79.314196703129809,43.657453901548173],[-79.313951701862635,43.657507511152438],[-79.313716316404438,43.657574646924012],[-79.313516830528783,43.657691348190681],[-79.313316920747042,43.657812567090772],[-79.313135277204566,43.657920295475925],[-79.313140208186027,43.658073335435702],[-79.313318817988801,43.6582086384552],[-79.313506290160163,43.65835296599888],[-79.313701910333862,43.658492805837696],[-79.313911905412965,43.658619166720932],[-79.314118805125531,43.65875248922417],[-79.314340381716264,43.658907105367547],[-79.314538311261543,43.658998754309714],[-79.314772495332505,43.659102118400504],[-79.315072572885455,43.659251423475041],[-79.315184840276387,43.659320096271031],[-79.315340782567247,43.659422738580098],[-79.315614129453522,43.6595850599928],[-79.31580885498316,43.659732500890144],[-79.316047351404166,43.659887005940767],[-79.316258132770017,43.660071791472461],[-79.317066859922264,43.660788029205598],[-79.317259059211068,43.660806087264156],[-79.317591534110178,43.660825251053453],[-79.317672455730943,43.660826793361338],[-79.318052196895579,43.66088629419496],[-79.318048676652168,43.660914705830066],[-79.317986423165451,43.660930971165392],[-79.317875964408728,43.660909993133345],[-79.317925425018856,43.661065192055858],[-79.317875312824995,43.661076327900133],[-79.317826066758514,43.661030639629239],[-79.317808585778494,43.661026129101089],[-79.317771148760201,43.660990964193196],[-79.317676530244356,43.660889791255116],[-79.317600143828372,43.660889120315481],[-79.317264680001415,43.660915084504666],[-79.317077840897937,43.660948702738743],[-79.317112572718116,43.661474625709651],[-79.314927801739501,43.661974491457237],[-79.314849788583643,43.661982259303549],[-79.314822645520181,43.661986878031826],[-79.314801939343795,43.661982829889766],[-79.314782369708837,43.661964003384035],[-79.314773047915224,43.661951188373344],[-79.314728042924784,43.661865503688325],[-79.314634917841275,43.661779857982488],[-79.314536100567452,43.661759102633781],[-79.314467748611634,43.661758091583636],[-79.314415480099242,43.66178055509819],[-79.314367082545544,43.661757928156462],[-79.314349449013321,43.661621871252706],[-79.314256948211593,43.661603484271687],[-79.314193517007766,43.661615109934807],[-79.313937640128003,43.661579507498779],[-79.313671068790399,43.661598273162724],[-79.313520749014558,43.661621035472812],[-79.313358072129716,43.66165029438104],[-79.313280759398523,43.661512141557147],[-79.313317481396595,43.661413186776784],[-79.313403782422668,43.66132341327917],[-79.313553830587125,43.661292036394549],[-79.313673952516297,43.661283230909987],[-79.313747588559139,43.661283350910161],[-79.313787612827909,43.66124291907861],[-79.313900630913238,43.66115759037735],[-79.314037314715165,43.661193800178943],[-79.314075362894826,43.661166858042904],[-79.313990745371711,43.661081207636222],[-79.314036183114538,43.66105427753665],[-79.314128566707524,43.661126438524853],[-79.314407769964006,43.66092660329879],[-79.314359145137502,43.660861264611661],[-79.314259781246676,43.66078909246486],[-79.314156890398095,43.660734935184948],[-79.314087685307896,43.660685315270108],[-79.314048708105091,43.660635744488097],[-79.314034091226659,43.66059520566607],[-79.313986968261673,43.660545621610346],[-79.313894361795178,43.660549971553117],[-79.313851064111859,43.660518396354597],[-79.313902033879288,43.6604464685986],[-79.31386197343933,43.66037439262945],[-79.313760718455839,43.660288732951273],[-79.313632351358208,43.660194000636416],[-79.313264717161616,43.65992336037224],[-79.313245036184995,43.659900824861126],[-79.313120263150068,43.659779120808345],[-79.312971476616354,43.659652840653301],[-79.312845797788896,43.659571622861307],[-79.312753248686718,43.659557969285615],[-79.312703483887844,43.659481376331016],[-79.312649054247458,43.659413777053217],[-79.312568791769792,43.659436148842744],[-79.31249190109304,43.659494540486357],[-79.312462210752983,43.659449476057183],[-79.312422342500355,43.659435908627124],[-79.312441024079007,43.659408935246283],[-79.312658058493412,43.659265269620732],[-79.312467498383441,43.659120926641805],[-79.312231355966034,43.659305075577812],[-79.312144792240503,43.659232922598271],[-79.312401780451566,43.659071311413463],[-79.312187237464428,43.658908934912638],[-79.311977085075171,43.659084133684026],[-79.311869992108655,43.659007446052698],[-79.312150225157524,43.658850365350965],[-79.312047313107215,43.658800697791364],[-79.311977941799924,43.658809585056694],[-79.311940418991028,43.658791520642048],[-79.312038949968112,43.658751176639221],[-79.311928821554616,43.658534945202554],[-79.311806661606809,43.65857074954134],[-79.311773300808497,43.658462678461888],[-79.311716970450107,43.658377081907581],[-79.311700419939172,43.658341031258438],[-79.311721001146864,43.658206053962616],[-79.31176814881708,43.658111608465667],[-79.311843808619344,43.657958692124815],[-79.311806255139487,43.657823601099508],[-79.311695966645445,43.657778421744602],[-79.311673489062571,43.657778384716082],[-79.311741272068971,43.657535432980183],[-79.31188067878108,43.657558174848766],[-79.311964847685658,43.657526799611382],[-79.312023109692007,43.657481888693418],[-79.312122533463267,43.657401031010437],[-79.312185930212109,43.657315631382943],[-79.312246634897065,43.657234700967443],[-79.312387815047543,43.657185434346225],[-79.312520505718169,43.657127125275075],[-79.312620981617087,43.657082292275156],[-79.312644549514559,43.65697879739438],[-79.312566673894452,43.656852659853612],[-79.312440578361716,43.656775923565775],[-79.312294274075768,43.656735195357669],[-79.31217178977883,43.656752996868271],[-79.312060794203148,43.65681581487906],[-79.311955572458174,43.656887652629351],[-79.311814448791907,43.656918943119209],[-79.311638931069311,43.656923154718463],[-79.311445287094301,43.656895831431257],[-79.311257045346011,43.656877518084272],[-79.311080886034659,43.656841221698343],[-79.310948988476483,43.656768992853713],[-79.310856275197821,43.656678807996364],[-79.31074915789074,43.656615630268277],[-79.31056438860611,43.656597321528722],[-79.310417650692116,43.656687082756349],[-79.310335200163792,43.656794980176677],[-79.310265221650482,43.656871366512618],[-79.310227829764443,43.656934313884754],[-79.31025103317954,43.656947854425113],[-79.311150648267045,43.657201408908577],[-79.311184696735978,43.657223968522743],[-79.311203577522988,43.657259996098077],[-79.311170181455097,43.657282444307626],[-79.31109077955395,43.657525376515139],[-79.310923287447139,43.657934669907398],[-79.310567017045102,43.658253654888277],[-79.31040511753703,43.658361393639865],[-79.310343769875445,43.658397297260358],[-79.310196026761943,43.658320549604127],[-79.309990790989175,43.658158175412822],[-79.309720993639047,43.658072204849731],[-79.309604763613109,43.658067510648507],[-79.309563872236311,43.658134943633392],[-79.309541677455641,43.658170912043204],[-79.309541992495198,43.658188915261221],[-79.309600794437799,43.65822501860206],[-79.309564267382186,43.658260981145851],[-79.309388436185188,43.658233666050521],[-79.309188264539372,43.658183815693313],[-79.308996663976131,43.658124995962751],[-79.30879896478227,43.658034642993783],[-79.308589593961798,43.657957763157853],[-79.308374038948998,43.657876380898827],[-79.308158784757993,43.657817520107621],[-79.307931112858569,43.657776622738758],[-79.307687109209155,43.657744689787947],[-79.307596101587762,43.657719341876472],[-79.307498624571465,43.657669985406443],[-79.30742336136727,43.657617884860784],[-79.307340396756047,43.657558768237415],[-79.307228525518099,43.657463093344731],[-79.307157127490996,43.657408208722117],[-79.307076083987951,43.657353316777801],[-79.306996935321905,43.657306853236321],[-79.306929385695298,43.657265999067548],[-79.306879201042833,43.65722659640911],[-79.30685804218416,43.657194263824863],[-79.306838828573248,43.657150718843752],[-79.306827421125391,43.657093126944645],[-79.30682569415977,43.657028521349858],[-79.306833610470989,43.65697236631329],[-79.306849190993631,43.656938691591506],[-79.306864753496313,43.656910633678422],[-79.306876402862045,43.656896611255945],[-79.306907352320451,43.656895259327847],[-79.306930525046326,43.656906532150536],[-79.306957589491958,43.65690657785759],[-79.306997252630879,43.656894249973107],[-79.307065444518329,43.656928003124392],[-79.307122819144524,43.656925012482148],[-79.307175948684744,43.656919710305338],[-79.307233338098442,43.656912092939407],[-79.307300293616194,43.656902178324124],[-79.307356631605145,43.656889923429361],[-79.307422533178141,43.65687615438911],[-79.307479944692176,43.656861596896782],[-79.307536287430239,43.65684395011354],[-79.307600095989301,43.656821689175125],[-79.307644769852715,43.656804796814001],[-79.307723970708736,43.656772687226187],[-79.307822069776094,43.656719897251797],[-79.307881707278256,43.656687583638124],[-79.307941361958655,43.656649860211274],[-79.307999542628139,43.656607804628436],[-79.308054744286437,43.656566833176882],[-79.308096549425699,43.656527999533651],[-79.308150294138159,43.656477313133706],[-79.308199592826867,43.656421200436121],[-79.308250404588236,43.656353199472179],[-79.30829229888414,43.656286254690933],[-79.308310280845618,43.656249541336877],[-79.308332720423607,43.656210675129898],[-79.308310605804039,43.65616687348664],[-79.308355957768455,43.656111969282534],[-79.308387162753036,43.656076907326792],[-79.308421806319828,43.656044344499009],[-79.308458165576596,43.656018058476214],[-79.308496256465773,43.655993035531672],[-79.308537781881412,43.655971789892398],[-79.308587936937016,43.655958074815445],[-79.308657084681357,43.655940628944293],[-79.308719318939225,43.655925682839879],[-79.30877118875722,43.655910719364002],[-79.308876592381978,43.655903370509741],[-79.309028603531431,43.655902373370665],[-79.309087319123208,43.655906234009315],[-79.309156362902499,43.655917636989571],[-79.309251343453028,43.655936626341457],[-79.309304864978969,43.655944240765592],[-79.309341140432181,43.655944301273379],[-79.309411924426442,43.655958218378295],[-79.309408398101297,43.655979518694608],[-79.309476169979149,43.656005051480498],[-79.309564179548261,43.65604090648484],[-79.309640020783107,43.656066974694063],[-79.309699515507546,43.65608328518254],[-79.309775375173004,43.656099622873292],[-79.309851229270492,43.656113809181811],[-79.309928586956573,43.656126908776656],[-79.309995551099775,43.656133501071032],[-79.310083334344313,43.656139047754088],[-79.310154771859146,43.656142415902394],[-79.310215908925443,43.656105764907082],[-79.310247194065582,43.656096086383165],[-79.310320195109739,43.656083236590931],[-79.310387208056724,43.656070376819763],[-79.310446785782986,43.656056424518603],[-79.310515298760379,43.65604357616094],[-79.310573381922495,43.65603178164033],[-79.310634958634708,43.656012917816312],[-79.310716342843435,43.656007165720062],[-79.310772866957706,43.656018060919912],[-79.310818966869888,43.656032188328375],[-79.310830819943703,43.656051659860978],[-79.310838221207248,43.656063562891774],[-79.310896307715666,43.656050688050662],[-79.310972303255326,43.656023800689489],[-79.311028925690962,43.656003362225889],[-79.311085551474491,43.655981843577713],[-79.311127310217614,43.655957059852597],[-79.311160157402867,43.655923593090911],[-79.311188551478409,43.655886905482483],[-79.311213983685548,43.655845874324548],[-79.311230487283922,43.65580160593354],[-79.311248477489386,43.655761642639959],[-79.311250056604919,43.655732462869182],[-79.311248747210058,43.655667614978],[-79.311238447152675,43.655635193108303],[-79.311229725173902,43.655566012327164],[-79.311219477123117,43.65551304045718],[-79.3112061972937,43.655474105686132],[-79.311183976559164,43.655443806443941],[-79.311149870055004,43.655400525616841],[-79.311118728844534,43.655360490165258],[-79.311038174388244,43.655291694730522],[-79.31095014619325,43.655249989947229],[-79.310862429765905,43.655219591308899],[-79.310788065390113,43.655201096487836],[-79.310736001821084,43.655191261837338],[-79.310700339021693,43.655173911190865],[-79.310649766495644,43.655163025812044],[-79.310579817780436,43.655159669441019],[-79.310509878102494,43.655157384202987],[-79.310463691737084,43.655167038094802],[-79.310408592800925,43.655172347536691],[-79.310365397568916,43.655180935188739],[-79.310325162916925,43.655198169034051],[-79.310313177516946,43.655220841553309],[-79.310293735412785,43.655253223156272],[-79.310278741576909,43.655294253435478],[-79.31027417980215,43.655325588569028],[-79.310269621423416,43.655355843545735],[-79.310262080863694,43.655388244895221],[-79.310248634909385,43.655402273685809],[-79.310226120647329,43.655422039284005],[-79.310087009822169,43.655440927129732],[-79.30995898618923,43.655442874693435],[-79.309863758641043,43.655439475856895],[-79.309793823287805,43.655431798378814],[-79.309709055327573,43.655410036057937],[-79.309646635819135,43.655381829917729],[-79.309590201329584,43.655342823089953],[-79.309553062569947,43.655317908492691],[-79.30951740003762,43.655300557478057],[-79.309468325593755,43.655286424585306],[-79.309434132839527,43.655266915670062],[-79.309401456016644,43.655246329109914],[-79.309373235446031,43.655227919297218],[-79.30935099519273,43.655204109639286],[-79.309330257625163,43.655171652184734],[-79.309315490093994,43.655137044360522],[-79.309287297033279,43.655109966270771],[-79.309260598472434,43.655080748345931],[-79.309232432789017,43.655045037991961],[-79.3092043147618,43.655006033215692],[-79.309069270560485,43.654841137013136],[-79.308968452796094,43.654685200184772],[-79.308926956573742,43.654611544778959],[-79.308870562980246,43.654544381429304],[-79.30883199285249,43.654490236810148],[-79.308778496454991,43.654436058208866],[-79.308760755522243,43.654397079678809],[-79.308737149014902,43.654323463128527],[-79.30871352193644,43.654256345514696],[-79.308692786469706,43.654219531287978],[-79.308657137092311,43.654182701096246],[-79.308624420557493,43.654163176403387],[-79.308555888510341,43.654163061652234],[-79.308490290557884,43.654175931726343],[-79.308442486915993,43.654214791483746],[-79.308394655680985,43.654262310475936],[-79.308367723412587,43.654299044857964],[-79.308346672995114,43.654357428346394],[-79.308355391235722,43.654426690367494],[-79.308399662606064,43.654563063055889],[-79.308414268373966,43.65465614351421],[-79.308413946460448,43.654753501598172],[-79.308386608054676,43.654820425834941],[-79.308426967038571,43.654881171589892],[-79.308426836354798,43.65492228054417],[-79.308420713586329,43.65497637740787],[-79.308390710662025,43.655039075543641],[-79.308339628140715,43.655173119046623],[-79.308324444176222,43.655261819906912],[-79.308291438090606,43.655333163276204],[-79.308207582911493,43.655464991423486],[-79.308120753225694,43.655592520869156],[-79.308051985251524,43.655665964456375],[-79.30801303608861,43.655730798785818],[-79.307959041500013,43.655836725994767],[-79.307890148824427,43.655949136116391],[-79.307827279898092,43.656046398047692],[-79.307773406172743,43.656122017821602],[-79.307692711995514,43.656191120482518],[-79.307579258865374,43.656253677975307],[-79.307486807658279,43.656277321886257],[-79.307433099184692,43.656301030992715],[-79.307371346328409,43.656339686761385],[-79.307279261357863,43.656415439932502],[-79.307204597309948,43.656467242816632],[-79.307118060478743,43.656506036672369],[-79.307016609016898,43.656544814285951],[-79.306891328967282,43.656583542557101],[-79.306786978076062,43.656598515501635],[-79.306649828122232,43.656615593203114],[-79.306533576735774,43.656626225139654],[-79.306450153690122,43.656621754274127],[-79.306372687039058,43.656619453760705],[-79.306271443642132,43.656593304334613],[-79.30617619686663,43.65656069301648],[-79.30606897939046,43.656530230636548],[-79.305923046350955,43.656510486049243],[-79.305815819051602,43.656490834035282],[-79.305693681220106,43.656477646550066],[-79.305589447306389,43.656460168736835],[-79.305488116819006,43.656453506389276],[-79.305389832359054,43.656440359164776],[-79.305303371356544,43.656455334205944],[-79.305225759664424,43.656494150831115],[-79.305151128743304,43.656535132807882],[-79.30507047141981,43.65659557437727],[-79.305028612968812,43.656638772476313],[-79.305013542795137,43.656690684554761],[-79.305001460462009,43.656742601727494],[-79.304989365768364,43.656794500874703],[-79.304989246713234,43.656831289183344],[-79.304993128004625,43.656892351951541],[-79.305061814731118,43.657006570195058],[-79.305192278369219,43.657159833520609],[-79.305335097043326,43.657326592750984],[-79.305490758939698,43.657470897287254],[-79.305649930292915,43.65761518057063],[-79.305802093267999,43.657768471072949],[-79.305839067886296,43.657805835462362],[-79.305934624654284,43.65788518257434],[-79.305970886905172,43.657928207558172],[-79.305997990545919,43.658000939434523],[-79.306024846044494,43.658143071264654],[-79.306029194029136,43.65820586303424],[-79.30607438831349,43.658305089542395],[-79.306115085867745,43.658387763930072],[-79.306119444621615,43.658447243216457],[-79.306119253233575,43.658506723786275],[-79.306119060018361,43.658562918861122],[-79.306082338243726,43.658658675899467],[-79.306000040441305,43.658777498046447],[-79.305913094666423,43.65892273118871],[-79.305839928426352,43.659031658237424],[-79.305739352595609,43.659170288106516],[-79.305693614711942,43.659239601739316],[-79.305634224464612,43.659305579645995],[-79.305611366951922,43.659338584715613],[-79.305556677721384,43.659361616158506],[-79.305456495479575,43.659377972176678],[-79.305365445602391,43.659384424174796],[-79.305315381142833,43.659384338922152],[-79.305274338880963,43.6594007864839],[-79.305255990309718,43.659450325630885],[-79.305233079084644,43.659499866002108],[-79.305182895290343,43.659532824423174],[-79.305128150585034,43.659569069539053],[-79.305081218346999,43.659597181733446],[-79.305011615586025,43.659711470114551],[-79.304969290246575,43.659859920085438],[-79.305018476125241,43.65998603180423],[-79.305132764442476,43.660116764169267],[-79.305287795260199,43.660220552790939],[-79.305467226965987,43.660324364724694],[-79.30567435398774,43.660383225745328],[-79.305890871526586,43.660406096964323],[-79.306098943850188,43.660406450091131],[-79.306271471436318,43.660375309916788],[-79.306381170528653,43.66046907373412],[-79.306411309675511,43.660535266645532],[-79.306421250399936,43.660594080250277],[-79.306400626802926,43.660719001961887],[-79.306308705978495,43.66096877751864],[-79.306084568396301,43.661402046161314],[-79.305870521247698,43.66184271256666],[-79.305575552331405,43.662261187649833],[-79.305300934355017,43.662650280227155],[-79.305006124160371,43.663017266392913],[-79.304630319098905,43.663384113376104],[-79.304397033417473,43.66351602510305],[-79.304346311203432,43.663537973575352],[-79.304325848477987,43.663604089382581],[-79.304193765636569,43.663750855059632],[-79.3040516227491,43.663868213969593],[-79.303993383391045,43.663944355451719],[-79.303929559867157,43.663972294165696],[-79.303832735539956,43.664043985725449],[-79.303743152116766,43.664115707636626],[-79.303658392772945,43.664190948283938],[-79.303600191636292,43.664262723978609],[-79.303522574083928,43.664360741173681],[-79.303461962393044,43.664437769433086],[-79.303420714551166,43.664500806878102],[-79.30337708781326,43.664548069874471],[-79.303302072419598,43.664597025106801],[-79.303244037444074,43.664621471875094],[-79.30318605397305,43.664630139360106],[-79.303120852145838,43.664631782342944],[-79.303145079742038,43.664605522162788],[-79.303162025951735,43.664591527262317],[-79.30315847406176,43.664570485023248],[-79.303125904700309,43.664561661633947],[-79.303099339519008,43.664563353137048],[-79.303067915591043,43.664572066307336],[-79.303031639622603,43.664589538410212],[-79.302983193048163,43.66462801664764],[-79.302934748243402,43.664673515909513],[-79.302871717596403,43.664750539681435],[-79.302796672840671,43.664808261830814],[-79.302726491535807,43.664853714501369],[-79.302649097530164,43.664890396376848],[-79.30259349140745,43.664911336485751],[-79.302525819640024,43.664928754205206],[-79.302477482559823,43.664937437993956],[-79.302438833466468,43.664937353202326],[-79.302402643367884,43.664928523349879],[-79.302357411248352,43.66490541973716],[-79.302284552035488,43.664859945013006],[-79.302245990148961,43.664837086927328],[-79.302224305656736,43.664821288073249],[-79.302207468544225,43.664801969078752],[-79.302231664928613,43.664785358471214],[-79.302235357489266,43.664763455607776],[-79.302212464577593,43.664749391918505],[-79.302181075007795,43.664747573341003],[-79.302135197138568,43.664747484938367],[-79.302079648548926,43.664750899296251],[-79.302055477151626,43.664756123224954],[-79.30197805895537,43.664796306124501],[-79.301886054372503,43.664868004373432],[-79.301738386185349,43.664981705265809],[-79.301685127528515,43.665020156601486],[-79.301629492082554,43.665049863490836],[-79.301552049231475,43.665093565579021],[-79.301494008147458,43.665123268225749],[-79.301426307015603,43.665149425539212],[-79.301353769923367,43.665175601412855],[-79.301298192037052,43.665187764637665],[-79.301254725951097,43.665189435334213],[-79.301257200858828,43.665168403516503],[-79.30124759369447,43.665152607472329],[-79.301209003084509,43.665138516288742],[-79.301184848805704,43.665138483282895],[-79.301148600891636,43.66514718753448],[-79.301056617137164,43.665208362586505],[-79.301003387520595,43.665241583877716],[-79.30092598617037,43.665280019831386],[-79.300805037422222,43.665344654754179],[-79.300746989135021,43.665372601747343],[-79.300686557634194,43.665390039997675],[-79.300640632839446,43.665403983994473],[-79.300592336589233,43.665403881753569],[-79.300527139671246,43.665403768004857],[-79.300457124335566,43.665398389028447],[-79.300406415901477,43.665396554241987],[-79.300422156549743,43.665379920253656],[-79.300416173903557,43.665366767859346],[-79.300399302354961,43.665357971100946],[-79.300372753342117,43.665350912700724],[-79.30035102932186,43.665350874761337],[-79.300326845958864,43.665359590820984],[-79.30027310174215,43.665375825353244],[-79.300218743787255,43.665390168507258],[-79.300131245922401,43.66542562483658],[-79.30003602725931,43.665482202727262],[-79.299973059186968,43.665516603678817],[-79.299818025921937,43.665576398198574],[-79.299696805564295,43.665614036467147],[-79.299531157175622,43.665640435047614],[-79.299419191347042,43.66565805228003],[-79.299354794005055,43.665663502090332],[-79.299321059636114,43.665665666203196],[-79.299279695651506,43.665657807425603],[-79.299206205372499,43.66563096240008],[-79.299126636724068,43.665586302006432],[-79.299151222500427,43.665568540566838],[-79.299160473089543,43.66555353359238],[-79.299162090435473,43.665529601885062],[-79.299145266483606,43.665514009017762],[-79.299126892782667,43.665509512070422],[-79.299091620913231,43.665511682415207],[-79.299048687385906,43.665517169774688],[-79.299011884229586,43.665524891226497],[-79.298996243072907,43.665492998999682],[-79.298988848807198,43.665471922874247],[-79.298901185675234,43.665493488911288],[-79.298803930430964,43.665513471766538],[-79.298708831192286,43.665526473299764],[-79.298594520850074,43.665533247989387],[-79.298532567284937,43.665534696048326],[-79.29849199119073,43.665532302184303],[-79.29846093900909,43.66552961905208],[-79.298402762865052,43.665521289249618],[-79.298368746849476,43.665496475584696],[-79.298293920062463,43.665439392131034],[-79.298249740816772,43.665394757560058],[-79.298195340297511,43.665347629560564],[-79.298137480220674,43.665315347628464],[-79.298103464430639,43.665290533884139],[-79.298049006031476,43.665260733282054],[-79.298014923910785,43.665255722331203],[-79.297967194008336,43.665253162617425],[-79.297916012719512,43.665262973618077],[-79.297871651129256,43.665272805656009],[-79.297823846451138,43.665292524054394],[-79.297786254748104,43.665317211233734],[-79.297724827125165,43.665331954757107],[-79.297622489266544,43.665344150460577],[-79.297469028234204,43.665348811403284],[-79.297281509996722,43.665341052916062],[-79.297179226307719,43.665333445381876],[-79.297155357176052,43.665333403029166],[-79.297121225040314,43.665343252927173],[-79.297100774118675,43.665340741262462],[-79.297059880619571,43.665333242569751],[-79.297005322604974,43.665333145699265],[-79.296957567656008,43.665338011620811],[-79.296920038038721,43.665347846422712],[-79.296879086132407,43.66535767513129],[-79.296868760526721,43.665386119004211],[-79.296855050042751,43.665407139760923],[-79.296800383415828,43.665439222371482],[-79.296742348607538,43.665458922131592],[-79.296687740354159,43.665473677222458],[-79.296660486350262,43.665466202645014],[-79.296646922020997,43.665443900212402],[-79.296575230907578,43.665468526327402],[-79.296285043580497,43.665567024236694],[-79.296107561790166,43.665616215150123],[-79.29593961794366,43.665653577058151],[-79.295709068823811,43.665752801039183],[-79.295579873623367,43.66580107826762],[-79.295471437798369,43.665837681758688],[-79.295369933220613,43.665874306555779],[-79.295279929750848,43.665912617107004],[-79.295224518177079,43.665940953071832],[-79.295182960654998,43.665960942592719],[-79.295146072599337,43.665964233990806],[-79.295106913408333,43.665960815312445],[-79.295072304311176,43.665975803504196],[-79.295065318040798,43.665999203449054],[-79.295065255417896,43.666017611064447],[-79.295066004070222,43.666038108443644],[-79.295091562619191,43.666051917300344],[-79.295125152661271,43.666059484618991],[-79.295161353409469,43.666061421771047],[-79.295187245064142,43.66605020749541],[-79.295213098428121,43.666050253813843],[-79.295246694848501,43.666055948830788],[-79.295275107875554,43.666065379109718],[-79.295287983344735,43.666082297671416],[-79.295287874905767,43.66611420720514],[-79.295272197002916,43.666162984358728],[-79.295225476159644,43.666213587183563],[-79.295181410626029,43.666245417964944],[-79.295114102632112,43.666267827683839],[-79.29504941207766,43.666278972386408],[-79.29500546139468,43.666277012300057],[-79.294912440431801,43.666258077668836],[-79.294837491578463,43.666244801231748],[-79.294788414977276,43.66622969891651],[-79.294749679774284,43.666214615148867],[-79.294755029568037,43.66616205696662],[-79.294762951662364,43.666115147238173],[-79.294783762246709,43.666077649038336],[-79.294770861313836,43.666068246487797],[-79.294734717785886,43.666053158366253],[-79.294714061069016,43.666041860603535],[-79.294693359176904,43.666047458259428],[-79.294685513797063,43.666071846784469],[-79.294677674459678,43.666098098595789],[-79.294680119250017,43.666137519826989],[-79.294682640410571,43.666158173414559],[-79.294682563619034,43.666180703614515],[-79.294682474064587,43.66620697834621],[-79.294542245731989,43.666377544697646],[-79.294308662112314,43.666626785602858],[-79.294119168825304,43.66683667960033],[-79.29398425582724,43.666964084431413],[-79.293916792457026,43.667031544829932],[-79.2938445213113,43.667083469219527],[-79.293731387503783,43.667172936402594],[-79.293632930673837,43.667234705867429],[-79.293531895445582,43.667288945476379],[-79.293451626781632,43.667318837912568],[-79.293371383313826,43.667344976782459],[-79.293273056190884,43.667357922947183],[-79.293192852166428,43.667365311989116],[-79.293141150776776,43.667363337163756],[-79.293092414031491,43.667357452101875],[-79.292945981110861,43.667343270902187],[-79.292871050691318,43.66732436737923],[-79.292811638107793,43.667311117766232],[-79.2927677255188,43.667297887221473],[-79.292749633991946,43.667297854422543],[-79.292726328012762,43.667299693444221],[-79.292697830856369,43.667314655990133],[-79.292669294865533,43.667340897127062],[-79.292643350014117,43.66737086950824],[-79.292606948173599,43.667427133804111],[-79.292539398729389,43.667518986835773],[-79.292492686938587,43.66756958854743],[-79.292430418997483,43.667622034270408],[-79.292350071708441,43.667674447118877],[-79.292280117142781,43.66771561813065],[-79.292225733214778,43.667739921903383],[-79.292168783566183,43.667756704874037],[-79.292101518156585,43.66776596194552],[-79.292031680540049,43.66776958846593],[-79.291977399602871,43.667767617422641],[-79.291917917149021,43.667763755607197],[-79.291855919806153,43.667744865960174],[-79.29179911218921,43.667724113454994],[-79.291747461870983,43.66771087742729],[-79.291703523784122,43.667701417985867],[-79.291675116442534,43.667693868110383],[-79.291644072658826,43.667695692809424],[-79.29162595566028,43.667699404339942],[-79.291610410709993,43.667708773392334],[-79.291605149025614,43.667735029684131],[-79.291592041003696,43.667781938726613],[-79.291563439986817,43.667823184685226],[-79.291519273269571,43.667886932579798],[-79.291488085893278,43.667933790632098],[-79.291449187902003,43.667965647393032],[-79.291380028359129,43.668006135201011],[-79.291187529868267,43.668102196978793],[-79.290858605114181,43.668244257745556],[-79.290801608936107,43.668274190891665],[-79.29073424428185,43.668315356691103],[-79.290635783162955,43.668373369998754],[-79.290552887371774,43.668412634967325],[-79.290485588297585,43.66843128841338],[-79.290392408734718,43.66845738347341],[-79.290283671301097,43.668492856305569],[-79.290190484971788,43.668520841467512],[-79.290146493586974,43.668530140102192],[-79.290017144314518,43.668544925789021],[-79.289942088926608,43.668561692389979],[-79.289874835405939,43.668567185615693],[-79.28979984471512,43.668568947025591],[-79.289727407854386,43.668574439634483],[-79.289673087657974,43.668579974533806],[-79.28966094780418,43.668540904428568],[-79.289605781832066,43.668401624346203],[-79.289587256860756,43.668355188393178],[-79.289562714755974,43.668341569210511],[-79.289480818469329,43.668137241246178],[-79.289508443970433,43.668113015530665],[-79.289547856985095,43.668090233720378],[-79.289595156405795,43.668067475413906],[-79.28961290368494,43.668056076388886],[-79.289624751073447,43.668040381870028],[-79.289630728340569,43.668018969703638],[-79.289620939926834,43.668006106790898],[-79.289607205754479,43.667997512247098],[-79.289579670119707,43.66799603935381],[-79.289550127995241,43.668004545235469],[-79.289122609870773,43.668187978596201],[-79.289110759943952,43.668200810634907],[-79.289102825885038,43.668217925528729],[-79.289102775869438,43.668232210547437],[-79.28911451838907,43.668246517321869],[-79.289161738162463,43.668246595423042],[-79.28926812001707,43.668203963256673],[-79.289283770861473,43.668228268695152],[-79.289297387757458,43.668266846491903],[-79.289301228679292,43.66829256137023],[-79.289299189542419,43.668315402987332],[-79.289287302087573,43.668342511084234],[-79.289259596464035,43.668389581972953],[-79.289170746749065,43.668482239852068],[-79.289115520136107,43.668523544099081],[-79.28903079091549,43.668561949453945],[-79.288918518157985,43.668604570518958],[-79.288841757979355,43.668615851439526],[-79.288766994439371,43.66861999794375],[-79.288694200134017,43.668621294617772],[-79.288611552392354,43.668628288868867],[-79.288587912295895,43.668636814416203],[-79.288576027096241,43.668659637808901],[-79.288573917498141,43.668702471233821],[-79.28855332579468,43.668725710584205],[-79.288482913256658,43.668800867436062],[-79.28839457831856,43.668898260356485],[-79.288344838646253,43.66894113161478],[-79.288290291607268,43.668982850779024],[-79.288230957886626,43.669021059532433],[-79.288171644477131,43.66905347143669],[-79.288086712099158,43.669089319334127],[-79.287987366434066,43.669129803125209],[-79.287878443288889,43.669164445198071],[-79.287790385090176,43.669182860501969],[-79.287703918051335,43.669196634007477],[-79.287609228806417,43.669203569163955],[-79.287493163026795,43.669192416840964],[-79.287408653227843,43.669175121175307],[-79.287341826250682,43.669157885348511],[-79.28729662284367,43.669144947348734],[-79.287230768022269,43.669126336062533],[-79.287141517386374,43.669057552775882],[-79.287096427452127,43.669016053691664],[-79.287074864629417,43.668994599367871],[-79.287057247893316,43.668968858756969],[-79.287043582238894,43.668937418661393],[-79.287027970193265,43.668898836883812],[-79.287014400061778,43.668847405010418],[-79.287156305666926,43.668774830565084],[-79.287320871801441,43.668690164313183],[-79.287325845316829,43.668672323930231],[-79.28731213147249,43.668658022306687],[-79.287288531551482,43.66865511597161],[-79.287255057878525,43.668663622944493],[-79.287085619091158,43.668737568444605],[-79.286870569938941,43.668825956808277],[-79.286734960768726,43.668874716127263],[-79.286713286886553,43.668884676166009],[-79.286710257497234,43.668903231254127],[-79.286719055675931,43.668918954989067],[-79.28673376423103,43.668928973906269],[-79.28675934601047,43.66892902163017],[-79.286794794278805,43.668916242854507],[-79.286853877916215,43.668896370086948],[-79.286855765988932,43.668923494611754],[-79.28685954529476,43.668966338983033],[-79.286847621223913,43.669003447231042],[-79.286839630829107,43.669036269178996],[-79.286798156326455,43.669080460367688],[-79.28675075620464,43.669134640963016],[-79.286697493921224,43.669177378912359],[-79.286618649595567,43.669220087089037],[-79.286549691578614,43.669251372983318],[-79.286466997224252,43.669271201490211],[-79.286384307827618,43.669289616737899],[-79.286309487562647,43.669309468846158],[-79.286228711735276,43.669340732453833],[-79.286149879264556,43.669383440328012],[-79.286078888288372,43.669431860662947],[-79.285956446800824,43.669557281000678],[-79.285889040798679,43.669640138007885],[-79.285805474049511,43.669706312237324],[-79.2857623033088,43.669738960164317],[-79.285686344067955,43.66977898170358],[-79.285637063272148,43.669807153468959],[-79.285585734559135,43.669832341932249],[-79.285520092045758,43.669851553639212],[-79.285438027759525,43.669875199144428],[-79.285351908333269,43.669888431441684],[-79.285253446944182,43.669916519683163],[-79.285173444437831,43.66993571321435],[-79.285085273487411,43.669950426674099],[-79.284997618728426,43.669744095437999],[-79.284986739485447,43.669706998506634],[-79.284927252842451,43.669724736233142],[-79.284861583648805,43.669751391610042],[-79.284818469002602,43.669775127971491],[-79.284779451845026,43.669797368809505],[-79.284732174158293,43.66983744371089],[-79.284688967296034,43.6698834761375],[-79.284645788731282,43.669925043942321],[-79.284596447062,43.669966600117249],[-79.284561491699336,43.67000074828848],[-79.284499200720902,43.670046600652071],[-79.284472107539344,43.670066802558694],[-79.284426928776639,43.670092002095593],[-79.284371489426036,43.670118667479123],[-79.28430991000117,43.670142350812469],[-79.284223797027948,43.670157067490194],[-79.284123318806081,43.67017326019684],[-79.283916163674263,43.670218973594146],[-79.28382386600498,43.670239646158919],[-79.283745923035482,43.670251398487309],[-79.283680329319083,43.670260185692079],[-79.283629068862368,43.670266038553805],[-79.283581928989278,43.670267443537107],[-79.283521847225444,43.670274530834057],[-79.283441514589086,43.670278339259134],[-79.283386183276093,43.670278243424136],[-79.283316563424577,43.67026174706519],[-79.283251035792517,43.670245258423222],[-79.28320395147739,43.670224340065495],[-79.283132373047067,43.670187010809315],[-79.283085335047659,43.670160142613291],[-79.283040316362417,43.670140722327801],[-79.283003515920413,43.670115358746962],[-79.283104272814185,43.670021837152248],[-79.283192658485348,43.66994763585641],[-79.283229683858949,43.669910494586986],[-79.283246141528764,43.669892676162554],[-79.283252345709002,43.669877808732394],[-79.283248323132,43.669858466253814],[-79.283236064691735,43.669846543254494],[-79.283211496013365,43.669840537784587],[-79.283176639914657,43.669843469117758],[-79.283129414669673,43.669868673262336],[-79.283045131929626,43.669939902858118],[-79.282874515909967,43.670086867630459],[-79.282841636092513,43.670109119462879],[-79.28281289467985,43.670125429271479],[-79.282794426599679,43.67012985883958],[-79.282773942946591,43.670122384820267],[-79.282712541652444,43.670099953833336],[-79.282654188934302,43.670084954704571],[-79.282612193748818,43.670083389630499],[-79.282593720305968,43.670089304374962],[-79.282577267750909,43.670105637495595],[-79.282575146507853,43.670126453530244],[-79.282583289544576,43.670141348211793],[-79.282624174992748,43.670165225475635],[-79.282710096799292,43.670207046973864],[-79.282613343204105,43.670331819435987],[-79.282502292072209,43.670435753543934],[-79.282424153097097,43.670508488584076],[-79.282385091588012,43.670542628270667],[-79.282352179073797,43.670573809213856],[-79.282321375068818,43.670594579628101],[-79.282280299587327,43.670619795128971],[-79.282237188707114,43.670642036299945],[-79.282206589157582,43.67065768531792],[-79.28214583409779,43.670682773260438],[-79.282082246452987,43.670699007467171],[-79.282016618042931,43.670713752528108],[-79.281961254042344,43.670722576255073],[-79.281901801545573,43.67072693649834],[-79.281868935221539,43.670724722470034],[-79.281732725177818,43.670721411020928],[-79.281704040849505,43.670718385809607],[-79.28160572590231,43.670701824607129],[-79.281556577342755,43.670692801381811],[-79.281493142219773,43.670670365855528],[-79.281444024450238,43.670649451888849],[-79.281407215179257,43.670630037656139],[-79.281368358211168,43.67060764905748],[-79.281331563550395,43.670580808734108],[-79.281424191830112,43.670469414447339],[-79.281461234715493,43.670427836133932],[-79.281473610044173,43.670404060284987],[-79.281488006075335,43.670390702832101],[-79.281498297542512,43.670377328530414],[-79.281502450689302,43.670363951496306],[-79.281502499245832,43.670350566616506],[-79.281492310387861,43.670335658946655],[-79.281459527057265,43.670331140619581],[-79.281436977440208,43.670332582725926],[-79.281416486283334,43.670334037765279],[-79.281397985661755,43.67034738736001],[-79.28134865923505,43.670387447938396],[-79.281278715691229,43.670460206872917],[-79.281247850361552,43.670494361853194],[-79.281208750364783,43.670538915598662],[-79.281171691015786,43.670584958455663],[-79.28110375139164,43.670672618311279],[-79.281068710960099,43.670726100095088],[-79.281052182099586,43.670763261916363],[-79.281029610679937,43.670770653776884],[-79.280994766405357,43.670773566464128],[-79.280966109161568,43.670763097023027],[-79.280933338071918,43.670758569567454],[-79.280906683633688,43.670760012703809],[-79.280894340491173,43.670774859236239],[-79.280890149293555,43.670798650708342],[-79.280896240490776,43.670815026794067],[-79.280912558402491,43.670835887137834],[-79.280935025495353,43.67085377982476],[-79.28093085594935,43.670871621463192],[-79.280916472047466,43.670884987869321],[-79.280901049232483,43.670897596170974],[-79.280833269765168,43.6709376301541],[-79.280753191858253,43.670983590385447],[-79.280701845403257,43.671016220712126],[-79.28065875539194,43.671032493447342],[-79.280617727671682,43.67104432346936],[-79.280582859997168,43.671050206423367],[-79.28053569779668,43.671057550982049],[-79.28048445263336,43.671058937804574],[-79.280420929156307,43.671057339583498],[-79.280355396009782,43.671042343493333],[-79.280302168282986,43.671022906358914],[-79.280269424227782,43.671010943670296],[-79.280244882501336,43.670997502520898],[-79.280271645558926,43.670966319368105],[-79.280300460152873,43.670933645931754],[-79.280327183667566,43.67090988878325],[-79.28034363705207,43.670893555990546],[-79.280349842052246,43.670878688722283],[-79.280347854052593,43.670859350054627],[-79.28033563556788,43.670839973725442],[-79.280313112820878,43.670833989567797],[-79.28028443546151,43.670832458233804],[-79.280263910098327,43.670839835873025],[-79.2802392435066,43.670860635525244],[-79.280179600767511,43.67091704917339],[-79.28012404624819,43.670977935311008],[-79.280099379617241,43.670998716929802],[-79.280082920714747,43.671016534895116],[-79.28005901572952,43.671012114258993],[-79.28002529657752,43.671015892942599],[-79.2800811353939,43.671148877947616],[-79.280045195292615,43.671156360910196],[-79.280127596684139,43.671353945498886],[-79.280312143791718,43.671796598405372],[-79.28033131380306,43.67184130881764],[-79.281188343704912,43.673838221718704],[-79.281194708593077,43.673864706787285],[-79.28121633226533,43.673954653369407],[-79.283155233091023,43.678637268567577],[-79.283909824458988,43.680449653514636],[-79.28392621615717,43.680488984222606],[-79.284060447974653,43.680811448782329],[-79.284204196582394,43.681164400565841],[-79.284215261802601,43.681191569404106],[-79.284379999277377,43.681596120060284],[-79.284676662186669,43.682311572176246],[-79.284980430602573,43.683039845659138],[-79.285109114535942,43.683345627990377],[-79.285282012605563,43.683774604077477],[-79.28585973158701,43.68516104256139],[-79.286250102782134,43.686100231001568],[-79.286576585577961,43.686904963280732],[-79.28700428307917,43.687944592033105],[-79.287352277323848,43.688796510718532],[-79.287537730685244,43.689247928576101],[-79.287756485942936,43.689778817370915],[-79.287924299245276,43.690179281441615],[-79.288358607664861,43.691232346733578],[-79.288535887019947,43.691680705210089],[-79.288696618618616,43.692087212784095],[-79.289022030347269,43.692869189002771],[-79.28918040440297,43.693228101637928],[-79.289432997247388,43.693842986288622],[-79.289679026928241,43.694516303607571],[-79.289683786573633,43.694528131057027],[-79.289820474978484,43.694949930805201],[-79.289989206974582,43.695361788805364],[-79.290232877611743,43.695975142852703],[-79.290484488687952,43.696550561450543],[-79.290768846104697,43.697225404561536],[-79.290959064224964,43.697655680916341],[-79.291103519329099,43.697960485425028],[-79.291156490972313,43.698072288143059],[-79.291294891035065,43.698352831869578],[-79.291484793719917,43.698707972988672],[-79.291709592275168,43.699107868726038],[-79.291912205643456,43.699484113249554],[-79.292077059222237,43.699805407904719],[-79.292223617182174,43.700107973391269],[-79.292323733699135,43.700339830268099],[-79.292441246803264,43.700614447710294],[-79.292785543827591,43.701416105143878],[-79.292861336266611,43.701589742143376],[-79.293138728365321,43.702222881237347],[-79.293476061308439,43.703016476624796],[-79.293667854782925,43.703465041477905],[-79.293824806621316,43.703820649987534],[-79.294217939301802,43.704713141569577],[-79.294493770741866,43.705357471805705],[-79.294748860231493,43.705940465407728],[-79.29508540484801,43.706748303129757],[-79.295283616851563,43.707224717412977],[-79.295721829476093,43.708192165567688],[-79.295985562094515,43.708776530761433],[-79.296190008037385,43.709277563892165],[-79.296365163210709,43.70971174604977],[-79.296447647125902,43.709916239676637],[-79.296761726365588,43.710694804797441],[-79.296821237957744,43.710842279276918],[-79.297082121384463,43.71146487396981],[-79.297404586323793,43.712234405734634],[-79.297708261330456,43.712959022954109],[-79.297776264643716,43.713117835491076],[-79.298059215114165,43.713778722095661],[-79.298367815669181,43.714508332767686],[-79.298638688939647,43.71514786349659],[-79.298662354965984,43.715203352923623],[-79.298961546580443,43.715904546279418],[-79.299161273079534,43.716372962633613],[-79.299286715434718,43.71667021536112],[-79.299789998834669,43.717859236394716],[-79.300179431058027,43.718769035233535],[-79.300558707976975,43.719705800628489],[-79.300592559944192,43.71978582678701],[-79.301023579886788,43.720804790110961],[-79.30165563398775,43.722273163788735],[-79.302100285658895,43.723380988540882],[-79.302645018326999,43.724723034475971],[-79.302973734004553,43.724704158883696],[-79.303264537003272,43.724694902433328],[-79.303722614205341,43.7246933496276],[-79.304217528822889,43.72471114774909]]]},"properties":{"AREA_NAME":"55"}},{"type":"Feature","geometry":{"type":"Polygon","coordinates":[[[-79.398765518622739,43.631551427979893],[-79.400796656200271,43.630449962081506],[-79.401414063861793,43.630121927360655],[-79.402598159440416,43.629452302563621],[-79.402656331964906,43.629411854842189],[-79.402687334317676,43.629398370144621],[-79.402798170600647,43.629344465076983],[-79.402877272385439,43.629281522549491],[-79.402965648509195,43.629223088536072],[-79.403088526365565,43.629155664309984],[-79.403208290369889,43.629074753225858],[-79.403307975638043,43.628980331943772],[-79.403417708591832,43.628894911455632],[-79.403520430523344,43.628822969033472],[-79.403630525472494,43.628751050736462],[-79.403751093416631,43.628670148756903],[-79.403851910089344,43.628580210641019],[-79.403981389233607,43.628490296512446],[-79.404105048953227,43.628404896054882],[-79.404232592307338,43.628323972409305],[-79.404371721794192,43.628243076315435],[-79.404472947625749,43.628144136591395],[-79.404592727275457,43.628058723357277],[-79.404700900617399,43.627977810021122],[-79.404822980915625,43.627910383250736],[-79.404899379071921,43.627838435660593],[-79.404884422381201,43.627743908555075],[-79.404838512692379,43.627640345286387],[-79.404799569159593,43.6275278044047],[-79.404762518121785,43.627433240873941],[-79.404694617311492,43.627280151534869],[-79.404633674340516,43.627154801261376],[-79.404286635073035,43.62644109643395],[-79.403924313343126,43.626528502134768],[-79.403747812350133,43.626563810172897],[-79.403349755945158,43.626656188735474],[-79.403291494717124,43.62663797464274],[-79.402871242689173,43.626376910856415],[-79.402331500276205,43.626033011630931],[-79.401953753844182,43.625767759094977],[-79.401670384908286,43.625600719776209],[-79.401360068497837,43.625394383393342],[-79.400739506517695,43.624942525042471],[-79.400375226984124,43.624687099461937],[-79.400091916198832,43.624490648671575],[-79.399889580440345,43.624333478217707],[-79.399768230996742,43.624215633550328],[-79.399606464936966,43.624029072566856],[-79.399417605509313,43.623891563160669],[-79.399309686255108,43.623812966927268],[-79.399093832149433,43.623665603669771],[-79.398797106453401,43.623420071145731],[-79.398513872836403,43.623184334345083],[-79.398432984743422,43.623095958739178],[-79.398257790073174,43.622860335229142],[-79.398136500681062,43.622703224727566],[-79.398015162133191,43.62257556664499],[-79.397610465332434,43.622290679496068],[-79.397128828364387,43.621946267408617],[-79.3967316114759,43.621668647983022],[-79.396393596042586,43.62142247773798],[-79.396183832559288,43.621244230619141],[-79.395892440449899,43.621023530178967],[-79.395496146504826,43.620734898535972],[-79.395298076810974,43.620539728811991],[-79.395204877190125,43.620446361826893],[-79.395111648345335,43.620369971393004],[-79.394855249875931,43.620166250028994],[-79.39447065541782,43.619860666894361],[-79.394424159314852,43.619758899042701],[-79.39414455653629,43.61947883168196],[-79.393864968694785,43.619198790641917],[-79.393690371806827,43.618935769237588],[-79.393434004357545,43.618706615679692],[-79.39342261490269,43.618553995144815],[-79.393364420315251,43.61846913858507],[-79.393201378922811,43.618273979817396],[-79.392840300641055,43.617875149436784],[-79.392584131754347,43.61755271248115],[-79.392339624293584,43.617230303918895],[-79.392118431272763,43.616924848477844],[-79.391919373704667,43.616650981480326],[-79.391865295633977,43.616518159485992],[-79.391790923142707,43.616392555392508],[-79.391665606407969,43.616204154122556],[-79.391614735851462,43.616107115662359],[-79.391591360686348,43.616001533907571],[-79.391560207578252,43.615853161042772],[-79.391548764496591,43.61565058233915],[-79.391560866799153,43.615479413899997],[-79.39161615901827,43.615294037167828],[-79.391652224545382,43.615211141308514],[-79.391655630776626,43.615177101180898],[-79.391651780185072,43.615134313800418],[-79.391640069690126,43.615094363417278],[-79.391614141104654,43.615058639220756],[-79.391543885170577,43.614994518511985],[-79.391440444363752,43.614913389580245],[-79.391297214249946,43.61480903507757],[-79.39112212614954,43.614687295325247],[-79.3909868547901,43.614594550835797],[-79.390851561021663,43.614507576071844],[-79.390795952649526,43.614414898382563],[-79.390748224899042,43.61436275257757],[-79.390699615077864,43.614305160051252],[-79.39062102597272,43.614212118246115],[-79.390461925872387,43.61406143520454],[-79.390382335902984,43.614015055623376],[-79.390318636291838,43.613991842880061],[-79.390215213164851,43.613916464748904],[-79.390072050758974,43.613777399289425],[-79.389936811085605,43.613655696010163],[-79.389905092666893,43.61356881978223],[-79.389905375984753,43.613406722505331],[-79.389897610546001,43.613296735689268],[-79.389841899122274,43.613261927541288],[-79.38981007715816,43.613238736222364],[-79.389714556667172,43.613192340813924],[-79.389658898323106,43.613128611066983],[-79.389611236123912,43.613041719359863],[-79.389611373766456,43.612966467625249],[-79.389643409052468,43.612879652856698],[-79.389667381174149,43.612839151602898],[-79.389707357513132,43.612752353479571],[-79.389675599367649,43.612694425702884],[-79.389675705170902,43.61263654667377],[-79.389803249040625,43.612601942207377],[-79.389859118372783,43.612549877823838],[-79.389859241505491,43.612468829153705],[-79.389851414713249,43.612399357651171],[-79.389763944266662,43.612300851807717],[-79.38967773632865,43.612243789655331],[-79.389579565775009,43.612197697617091],[-79.38954365993213,43.612179237022573],[-79.389514123023574,43.61216693054255],[-79.389478243126632,43.61215461792294],[-79.389450783061648,43.612151521887903],[-79.389433916974681,43.612140766882028],[-79.389408589450241,43.612129994687251],[-79.389385401215563,43.612114624830653],[-79.38935796366539,43.612099259858297],[-79.389330521648944,43.612093094327228],[-79.389296763117216,43.612079244461079],[-79.389271432802587,43.612070020477518],[-79.389248218147387,43.612062328779501],[-79.389210205812958,43.612057692221853],[-79.389178542143341,43.612049974318559],[-79.389130016957296,43.612022319910523],[-79.389054030151243,43.611999229559217],[-79.388959026863958,43.611976111686793],[-79.388857676085081,43.611962205019893],[-79.38880278097453,43.611956012669225],[-79.388771106063587,43.611954451614146],[-79.388733085354119,43.611954414615845],[-79.388703500959664,43.611961289908322],[-79.388688680282129,43.61198352699207],[-79.388671752459842,43.611999623052668],[-79.388652735547836,43.612006508622194],[-79.388628441420977,43.612006484957668],[-79.388597837577052,43.612001855413403],[-79.388564041364518,43.612001822475413],[-79.388534449845622,43.612012532322524],[-79.388521760321041,43.612027858370915],[-79.388494262463468,43.61203857024914],[-79.38845415369282,43.612035461636857],[-79.388414035366893,43.6120308227596],[-79.388384497709666,43.612012386018925],[-79.388369746445107,43.611997024192945],[-79.388348643680132,43.611986264889715],[-79.38830850552192,43.611992364651442],[-79.388251940735486,43.611998061282371],[-79.388218428893865,43.612051848016847],[-79.388177669553258,43.612078920436147],[-79.388113178055079,43.612103512228714],[-79.388069063954404,43.612115791991094],[-79.388014776828228,43.61211573882656],[-79.387885860373288,43.612115621474089],[-79.387658548576198,43.61211786471587],[-79.387546583025468,43.612122687413986],[-79.38727858189155,43.612107625143473],[-79.386996999992164,43.612107347157426],[-79.386807025976324,43.612097293660263],[-79.386634038366822,43.612079866526386],[-79.386484787515968,43.612062462702362],[-79.386226978106947,43.612030170364562],[-79.386053986202654,43.61201520873788],[-79.385925079311377,43.61201014740368],[-79.385748657319979,43.612007513839124],[-79.38557083238878,43.612013015882702],[-79.385324585856225,43.611998411873827],[-79.385039535021093,43.611978952559852],[-79.384897020642669,43.611963470739312],[-79.384807262775794,43.611971040542535],[-79.384701637812,43.611990116092777],[-79.384495714346286,43.6120090902537],[-79.384316200614762,43.61201658695493],[-79.38416840141538,43.612004933483696],[-79.38401528786828,43.612012447456706],[-79.383899063181133,43.612054528144341],[-79.383814498753438,43.612092797287481],[-79.383772258435201,43.612096588956163],[-79.383671959857537,43.612096486941731],[-79.383566371323354,43.612096379451749],[-79.383460753154765,43.612111619256645],[-79.383339287395728,43.612134512003813],[-79.383032952852844,43.612210909100199],[-79.382911501611261,43.612226132196845],[-79.38279532788961,43.612241360575126],[-79.382673906362584,43.612241236027529],[-79.382404640638512,43.612252445182015],[-79.382288424434989,43.612283011422107],[-79.382230276237962,43.612325168197472],[-79.38218294789931,43.612225365689014],[-79.382124903721262,43.612239627115883],[-79.382063657851418,43.612256639645103],[-79.381999876783212,43.612296684159972],[-79.381880819397566,43.612379869356836],[-79.381770296608963,43.612444556334935],[-79.381698065157153,43.612466076019039],[-79.381642836760122,43.612478359801834],[-79.38158751119748,43.612533841272857],[-79.381532192164343,43.612598567181756],[-79.381447103843058,43.612687953090919],[-79.381366325013602,43.612740320567738],[-79.38128132701712,43.612777264173538],[-79.381087577878688,43.612909482693766],[-79.380937721744317,43.613047948581844],[-79.380873670034887,43.61310504987032],[-79.380819523780829,43.613133590944642],[-79.380750643543408,43.613151377932027],[-79.380681743793616,43.613172747422283],[-79.380617795959267,43.6131834103534],[-79.380539085923573,43.613197604383011],[-79.380489852504979,43.613222576870932],[-79.380445502058237,43.613265413259413],[-79.380302735771593,43.613351020387626],[-79.380209185107105,43.61340809041085],[-79.380120573969364,43.613454444847058],[-79.379987631232524,43.613540052878086],[-79.37989405152959,43.613611416863506],[-79.379761088598997,43.613700607171921],[-79.379697123974111,43.61372554581871],[-79.379628244579763,43.613736194004098],[-79.379520024846528,43.613743227132204],[-79.379357712816102,43.613757359215228],[-79.379175736070451,43.613760740595779],[-79.3789937502344,43.613774824363247],[-79.378841253379463,43.613799668787749],[-79.378737928365098,43.613824574177663],[-79.378609996693157,43.613856600474641],[-79.378486968955713,43.613895769965232],[-79.378368859505031,43.613934944555986],[-79.37823107405363,43.613981254195551],[-79.377963903012898,43.614055149992105],[-79.37789116170525,43.614118847363244],[-79.377574662174339,43.614250865709955],[-79.377364796216213,43.614345551719339],[-79.37718935806376,43.614410299612274],[-79.377168694582153,43.614427758164602],[-79.377099886234689,43.61445765893265],[-79.377075783626211,43.614472611376861],[-79.377007058842239,43.614467541673527],[-79.376869569232269,43.614464900280169],[-79.376704577979837,43.614467197846572],[-79.376477682425744,43.614479455883796],[-79.376402069321472,43.614474378373863],[-79.3763127422785,43.614456792010479],[-79.376164963363564,43.614439133274772],[-79.376082481617658,43.614436550506973],[-79.376044649454499,43.614446501065984],[-79.376023980507526,43.614466452797849],[-79.375996445817989,43.614481410293891],[-79.375934543619877,43.614496330491747],[-79.375841659458857,43.614533684549137],[-79.375652397210601,43.614638372355721],[-79.375556001492342,43.614708199471799],[-79.375490621884097,43.614793092655617],[-79.375398504477687,43.614872762844534],[-79.375330856750281,43.61492790378162],[-79.37523151978165,43.614993748786993],[-79.375102599608979,43.615070291077103],[-79.374996928393045,43.61513152023155],[-79.374918750434389,43.615162102546478],[-79.374825826274645,43.615188077940559],[-79.37479413062222,43.615201842402108],[-79.374777183537134,43.615230970424719],[-79.374741228086307,43.615261598858581],[-79.374673614714752,43.615293731822042],[-79.374584877116703,43.615331980538635],[-79.374468649207842,43.615393197620264],[-79.374331140760574,43.615470035652223],[-79.374197742415859,43.615572000990674],[-79.374093495891771,43.615632411743405],[-79.373951049221375,43.61570035947944],[-79.37387804990756,43.615748184498933],[-79.373714700409735,43.615846362631899],[-79.373488868576075,43.615939439611381],[-79.37340202414552,43.61597212662609],[-79.373332516068075,43.616014923370251],[-79.373238673267778,43.616070304073318],[-79.373162214464301,43.6161130930059],[-79.372998947742161,43.616170916861343],[-79.372866930627708,43.616221187046804],[-79.372780026968599,43.616281615879785],[-79.37269664007475,43.616319355997469],[-79.372627140006784,43.616352061733885],[-79.372508989501398,43.61641245554096],[-79.372335314122068,43.616470266837261],[-79.372276308025647,43.616467680532978],[-79.372227741176104,43.61644998349103],[-79.372037023210268,43.616358963910834],[-79.371944839517226,43.616338148436377],[-79.37176199082046,43.616409837768309],[-79.371720685858691,43.616432276959536],[-79.37170258248878,43.616456623471642],[-79.371674194498084,43.616464080785889],[-79.37162001499884,43.616464019956517],[-79.371574847538895,43.6164733396974],[-79.371565792458796,43.616495824057822],[-79.371565708698924,43.616535178144488],[-79.371557813670165,43.616606370456317],[-79.371552595763461,43.61663635730374],[-79.371534316318176,43.616737530654056],[-79.371508425382416,43.616782481619211],[-79.371485127418779,43.616819937315867],[-79.371448887908514,43.616877991691979],[-79.371417863144913,43.616919183273296],[-79.371384248882634,43.616960380934046],[-79.371335139534906,43.617005296732792],[-79.371275689899491,43.617065206222726],[-79.371229173421142,43.617102635719213],[-79.3711697556205,43.617147539833923],[-79.371120677951239,43.617177477224097],[-79.371035440217554,43.617227978040368],[-79.370973473131627,43.617259764118153],[-79.370808189762244,43.617319598872953],[-79.370758957178353,43.617352299365429],[-79.370718797645793,43.617394794632418],[-79.370641617069325,43.61746634056464],[-79.370561312054022,43.61754460696109],[-79.370493424694047,43.617598259504668],[-79.370249761953175,43.617709924774374],[-79.370104867318773,43.6177366204452],[-79.369916829114075,43.617769990902879],[-79.369855149048846,43.617794548564341],[-79.369855081448264,43.617825891402731],[-79.36962670108646,43.61799131116242],[-79.369204128851763,43.61818111830668],[-79.36909930375981,43.618201143484967],[-79.369009872202128,43.618230142610088],[-79.368900935653699,43.618277689209819],[-79.368891095737553,43.618307256561415],[-79.368860218723611,43.618336331708541],[-79.368635040295786,43.618434566616202],[-79.368360549746129,43.618555139815939],[-79.367965730371694,43.61873604491781],[-79.367879358093759,43.618776235441644],[-79.367586351366953,43.61890351842883],[-79.367176197966216,43.619046318066403],[-79.367139776361611,43.619021395847824],[-79.367066818308686,43.619040592054382],[-79.366983589341302,43.619053925347934],[-79.366810862164996,43.619125375463248],[-79.366715163881508,43.619196915149374],[-79.366622592656398,43.619266208050526],[-79.366453122075399,43.619338102490985],[-79.36564379643761,43.619922263758191],[-79.364522313666527,43.620695052278137],[-79.363320781135911,43.621589261987623],[-79.362085235865891,43.622397391476511],[-79.361362669085906,43.622903143507678],[-79.360182363575191,43.623757667433679],[-79.35998472044939,43.623925526718779],[-79.359532065035879,43.624211071972383],[-79.358929904067097,43.62462956174479],[-79.357821792551277,43.625449206663276],[-79.356940001347823,43.626266477750242],[-79.356776251989373,43.626410286081509],[-79.356623719648979,43.62656310964072],[-79.356466144817475,43.626720427359828],[-79.35632290297238,43.626868770476293],[-79.356192448687082,43.627017120494713],[-79.356067453558381,43.627151975138815],[-79.355940832016927,43.627313831782615],[-79.355830898283372,43.627466707931752],[-79.355384486550633,43.628100697469698],[-79.355284601444566,43.628258086480685],[-79.355175771924408,43.628424483466517],[-79.35509096841534,43.628586392101397],[-79.355006957563731,43.628748292672647],[-79.354917550933209,43.62889671124325],[-79.35482887818219,43.629054105061378],[-79.354761144584245,43.629202533018869],[-79.354682194151906,43.629346454979263],[-79.354605568448932,43.629476877748793],[-79.354552699955235,43.62957582581798],[-79.35450540188171,43.629595037612994],[-79.354412135238178,43.629770581050145],[-79.35422129454065,43.629806100382645],[-79.353821234561011,43.629841379064636],[-79.353267336216319,43.629876440989534],[-79.352596582841386,43.629889017162419],[-79.352116627752324,43.629883932607314],[-79.351396818389915,43.629833878594958],[-79.350990730168718,43.629815491236904],[-79.350473981057092,43.629761204217886],[-79.350209423068236,43.629734069733175],[-79.349938822716624,43.629680084552341],[-79.349828149782994,43.629644185692321],[-79.349834586927287,43.629532450859784],[-79.349865587876607,43.629429704672809],[-79.349865989626494,43.629273278992471],[-79.34988468631083,43.629174963324161],[-79.349884997768314,43.629049817360688],[-79.349823493155768,43.629040789195827],[-79.349779739129062,43.629313374911],[-79.349767065052433,43.629456390390231],[-79.34976047444033,43.629639641083095],[-79.349717153978801,43.629737924355439],[-79.34969214202502,43.629898773356381],[-79.349679268367623,43.630126707679537],[-79.34961123560096,43.630479013677643],[-79.34958505660299,43.630595763284283],[-79.349545544220462,43.630766737716385],[-79.349533968571919,43.630906244036503],[-79.349475681563803,43.630982679123598],[-79.34938728366609,43.631023086954762],[-79.350284704222105,43.631766826417874],[-79.35117971454882,43.632542051461058],[-79.351196710287113,43.632560076360939],[-79.352037998510085,43.633303746789707],[-79.35251525826375,43.633712639398247],[-79.352716646460209,43.633885185565923],[-79.352970269532221,43.634110033608003],[-79.35427870502069,43.635336545367295],[-79.354330253875005,43.635314170615629],[-79.353022818249343,43.634073807594518],[-79.353047745645995,43.634056628991267],[-79.353159446949164,43.633984770440811],[-79.35330842076408,43.633894938839425],[-79.35345152128329,43.633809591205001],[-79.353606291236517,43.63371077425785],[-79.353800117195362,43.633629991824151],[-79.354037730236371,43.633558284365897],[-79.354255561931978,43.633482041500535],[-79.354442412035482,43.633410268470115],[-79.354626481010641,43.633360986062371],[-79.354805411351052,43.633361195457482],[-79.35498699080938,43.633388421094672],[-79.35513818666962,43.633321102386063],[-79.355245645763858,43.633249218408871],[-79.35540587516121,43.633285417731869],[-79.355503573819931,43.633402559291916],[-79.355609856363543,43.633506218529874],[-79.355819417820669,43.633492971944094],[-79.356046936730877,43.633412237188033],[-79.356302274953578,43.633358541110645],[-79.356547585119273,43.633300322184255],[-79.356720586066047,43.633188021806212],[-79.356848308111168,43.633057643696517],[-79.356950518032846,43.632909257749027],[-79.357040749086295,43.632742826947108],[-79.357100799525895,43.632567383963014],[-79.357085254946185,43.632427825011263],[-79.356973602173525,43.632315186022254],[-79.35694910480764,43.632193636624635],[-79.357008343994494,43.632036168430709],[-79.357077661533182,43.631887741195563],[-79.357152730687304,43.631743812794873],[-79.357212344152117,43.631595346339971],[-79.357324903594105,43.631491979894804],[-79.357445144681122,43.631420667864241],[-79.357520620540129,43.631429205261156],[-79.357636086063977,43.631564360957135],[-79.357865307547684,43.631582648962208],[-79.357884795038245,43.631553724720554],[-79.357910761763961,43.631515177041749],[-79.357742542217835,43.631415961547113],[-79.357761493323579,43.631393778699227],[-79.357777113964104,43.631375507309414],[-79.357931637398437,43.631375681443615],[-79.358125997868584,43.6313939165966],[-79.358144953525255,43.631353928941252],[-79.358145138514942,43.631317428534146],[-79.358106278214493,43.631305624491397],[-79.358354811073383,43.630393272686369],[-79.358492470017865,43.630354710180065],[-79.358508760493962,43.630341237257745],[-79.358792603417214,43.630179563163253],[-79.359028800048748,43.630026840008099],[-79.359546057102989,43.629563949981161],[-79.360827377298392,43.628373048399062],[-79.361977774965851,43.627313124555478],[-79.362271247924355,43.627042725488913],[-79.36228754691578,43.627024760333249],[-79.362364128130579,43.626894323301002],[-79.362415812714502,43.626813390943312],[-79.362468201805385,43.626754935897907],[-79.36257152338537,43.626624548890078],[-79.362636093827518,43.626489614530925],[-79.362705656113803,43.626377198623601],[-79.3627996274152,43.626260284265463],[-79.362869616374425,43.626134357666935],[-79.362938333669035,43.626044426090836],[-79.363009852752853,43.625932003334142],[-79.36307938091619,43.625828570543419],[-79.363117603647012,43.6257161168325],[-79.363142255508194,43.625599119157215],[-79.363125826078161,43.625500093096761],[-79.363112613257385,43.625479815126376],[-79.364317329717025,43.624930293634719],[-79.364351380003171,43.624941783824056],[-79.364381296805448,43.624945446882869],[-79.364421237818732,43.624938248131109],[-79.364464529556813,43.624917758269746],[-79.364502804291988,43.624902114200424],[-79.364531100170254,43.624893695419615],[-79.36455771780237,43.624887687018777],[-79.364589331820213,43.624880478342334],[-79.364635925334255,43.62486845364311],[-79.364670876468409,43.624853993766756],[-79.364727463888343,43.624833519543849],[-79.364779037069567,43.624816666926343],[-79.364847276042056,43.624788960297806],[-79.364908832645696,43.624779374552752],[-79.364958780865152,43.624757704184496],[-79.364982092185244,43.624739611899429],[-79.365008746427563,43.624722729744661],[-79.365040381932886,43.62470585346437],[-79.365060337222999,43.624703464645357],[-79.365133394067996,43.624754282750025],[-79.365161606092883,43.624783309540334],[-79.365194866915417,43.624782142578439],[-79.365224824171563,43.624767685645025],[-79.365246508974465,43.62473992388427],[-79.365266512858298,43.624715778701244],[-79.365283237935429,43.624678343583426],[-79.365296562892084,43.624654199525501],[-79.365331573061255,43.624613167381014],[-79.365353245881124,43.62459627927732],[-79.365406528129952,43.624568563698091],[-79.365436487939874,43.624552891522534],[-79.36547476518939,43.624541459785313],[-79.365499747738838,43.624523972454455],[-79.365514772857466,43.624498624182962],[-79.365529795274853,43.624474482093937],[-79.365563115155098,43.624446733956965],[-79.365599731575912,43.62442988138114],[-79.365629682125089,43.624423876648464],[-79.365657942075785,43.624420291298165],[-79.365676261060273,43.624407017754628],[-79.365674649045175,43.624385277476733],[-79.36566639538492,43.624363520393139],[-79.365666443810539,43.6243417730647],[-79.365679777188006,43.624324875098573],[-79.365709743807088,43.624311624235659],[-79.365736374507819,43.624299575634787],[-79.36575635546771,43.624291146783946],[-79.365780481795738,43.624279698325779],[-79.36578468689676,43.624260971346565],[-79.365783058725242,43.624246477178787],[-79.365780341035233,43.624231576668734],[-79.367520776520976,43.623979488245027],[-79.367646970305103,43.624023489244202],[-79.368017593687981,43.623987381039839],[-79.368195122066524,43.623970024123516],[-79.369021942111758,43.623993882981274],[-79.369043309637064,43.623997183970637],[-79.369571387007653,43.624143997446829],[-79.370189429926356,43.624306708131186],[-79.370308837477637,43.624350005375916],[-79.37046337171742,43.624406034279048],[-79.37049512064938,43.624410570950175],[-79.37065545846977,43.624383748269359],[-79.370674926273878,43.624371618402371],[-79.373389935620224,43.62369373748809],[-79.373556168908323,43.623648932462139],[-79.373680551087205,43.623613055356138],[-79.373810319691657,43.623590713168461],[-79.373924165341833,43.623586338076528],[-79.374046913730524,43.623590965081412],[-79.374180545143076,43.623564126027873],[-79.374288669764852,43.623528239366983],[-79.374432362476313,43.623501384077976],[-79.374582609332805,43.623510568413934],[-79.374723925425911,43.623524216463274],[-79.374868270876618,43.623564898865943],[-79.375019636273066,43.623578557548882],[-79.375122589896307,43.623610192968421],[-79.375279091636529,43.623578858906818],[-79.375383380619553,43.623515971819174],[-79.37550116943433,43.62348008554391],[-79.375639489915059,43.623444248487992],[-79.375796384362417,43.623408404441548],[-79.375951305441731,43.623386078145487],[-79.376109689968771,43.623390768603059],[-79.376247127755349,43.623404410566721],[-79.37637830233389,43.623445076805318],[-79.376502639533058,43.623436200787332],[-79.376579437438039,43.623364290503979],[-79.376589269886381,43.623349052742064],[-79.377685388896609,43.623477699635487],[-79.378231468047488,43.623541796496418],[-79.37828431276462,43.623604718568309],[-79.378492600949798,43.623631953350653],[-79.378571227690998,43.623623053493866],[-79.378613056448486,43.623618597214708],[-79.378777201296316,43.623636783195224],[-79.378899832688461,43.623699931984625],[-79.378981724715587,43.623799025129323],[-79.379077986151017,43.623875656912553],[-79.379188254294704,43.623925290208881],[-79.37928107375788,43.623988389074732],[-79.379347153343517,43.6240514866507],[-79.379443878570669,43.624101087402266],[-79.379560768638825,43.62412372311497],[-79.379702494904222,43.624119380640145],[-79.379751466019314,43.624112519084754],[-79.381248776320035,43.625352136918309],[-79.381255934170738,43.625417314488431],[-79.381351004451062,43.625516428595631],[-79.381520094263962,43.625575122062727],[-79.381723747486987,43.625606855846904],[-79.381924680053444,43.625629576057243],[-79.382105140137938,43.6256342630031],[-79.382270889555699,43.625620940718079],[-79.382357278989574,43.625616546954362],[-79.382388650483492,43.625612078533685],[-79.382435899035116,43.625612118131521],[-79.382515999371861,43.625630203276096],[-79.382639114064773,43.625652842232334],[-79.382754859566447,43.625679983199497],[-79.382820215022434,43.625729557905345],[-79.382807666200023,43.625810548634007],[-79.382836196558713,43.625878088371465],[-79.382919123223246,43.625851178135179],[-79.382919851981995,43.625833230091587],[-79.386248494789825,43.62757462555664],[-79.386479722286538,43.627695609134314],[-79.388045619222794,43.627644207148229],[-79.388795271808576,43.627620743080932],[-79.388543965687177,43.62784150962807],[-79.38853419475339,43.627858224695366],[-79.388543763911784,43.627876938926285],[-79.388573044813825,43.627884303607864],[-79.388597807019906,43.627875893432808],[-79.38877082747544,43.627725648577417],[-79.388790027681253,43.627716125776949],[-79.388896126154719,43.627696425868514],[-79.38891932398225,43.627703037433633],[-79.38893544243534,43.627725070509655],[-79.388925232514495,43.627791823945834],[-79.388920144203226,43.627809425732728],[-79.388630764252525,43.628066683126093],[-79.388620637729389,43.628081345535463],[-79.388627177005802,43.628096762295847],[-79.388642817360434,43.628109271469235],[-79.388668568527606,43.628108918491641],[-79.388688295446201,43.628096083708229],[-79.388885587328502,43.627928255584834],[-79.388941002778139,43.627908758401226],[-79.388972461108452,43.627918087400133],[-79.388998000537541,43.627925007270633],[-79.389043142266132,43.627959823486052],[-79.389025615047601,43.628016434254448],[-79.388768593815314,43.628244783908329],[-79.388758889751799,43.628258834645656],[-79.388757646153991,43.628274657888689],[-79.388768492842146,43.628286100215099],[-79.388789051372584,43.628292718239329],[-79.388814493500206,43.62828527182868],[-79.388829039601561,43.62827297206622],[-79.389054564695527,43.628069219534112],[-79.389161249469751,43.628121882170092],[-79.389378936497664,43.628846399279894],[-79.389470362572808,43.629152355089587],[-79.389647057625695,43.629724114284002],[-79.389030412551094,43.630137212380781],[-79.387450795855642,43.630527012655364],[-79.387766756583218,43.631244986211975],[-79.388082909861609,43.63193670194061],[-79.388903639596435,43.632720047238237],[-79.388985223478542,43.632678945141507],[-79.388263540562221,43.631993524378707],[-79.388295453796289,43.631985832374433],[-79.388387622440746,43.631970476013883],[-79.388472726194507,43.631942240699694],[-79.388543701108233,43.631901146564715],[-79.388628828460568,43.631860039169631],[-79.388710395288726,43.631834365628229],[-79.388848684220335,43.631788170015959],[-79.389008222755578,43.631757450255698],[-79.38916063176238,43.631742151742635],[-79.389291773015444,43.631734573627632],[-79.389373260874507,43.631744950102998],[-79.389479472863073,43.631788799590538],[-79.389557389442743,43.631827490854313],[-79.389695512920696,43.631871397969761],[-79.389727407080414,43.631874003137007],[-79.389801877138112,43.631845747573536],[-79.389890571354684,43.631791779690545],[-79.389986328875906,43.631758404714517],[-79.390192033478783,43.631671108976924],[-79.39040124912303,43.63160179201013],[-79.390581669753033,43.631535975647502],[-79.39071260436981,43.631498466081602],[-79.390902454385085,43.63145363146517],[-79.391115143715126,43.631408827290443],[-79.391310768061771,43.631364024499035],[-79.391517648937452,43.631323714747424],[-79.391715603111678,43.631292388555259],[-79.391921650578809,43.631288100848259],[-79.392104801492678,43.63130177594077],[-79.392267734124317,43.631360429639962],[-79.392368627917136,43.631468559365139],[-79.392477591155725,43.631603682757181],[-79.392593548016151,43.631729802221777],[-79.39270521819725,43.631869446631669],[-79.392799528732212,43.631973042089108],[-79.392898207683629,43.632031481588456],[-79.39298253476224,43.631992827581641],[-79.393077549739374,43.63194411095423],[-79.393153313288366,43.631919391963685],[-79.394004177057212,43.632757331234579],[-79.394920066539257,43.633652005575122],[-79.395020105481962,43.633601158636566],[-79.395049764562927,43.633592661555426],[-79.396439038779477,43.632837451916686],[-79.396456817282399,43.63281170604742],[-79.396466435887632,43.632738533471191],[-79.396323118791372,43.632597459842451],[-79.396302951350052,43.632563866370639],[-79.396358691297934,43.632529702639417],[-79.396418477090748,43.632499359135579],[-79.396522602955017,43.632592707822106],[-79.396598361980011,43.632664247397486],[-79.396628343361044,43.632676993473936],[-79.396720471599977,43.632677373788937],[-79.396844400314777,43.632612387640989],[-79.398765518622739,43.631551427979893]]]},"properties":{"AREA_NAME":"58"}},{"type":"Feature","geometry":{"type":"Polygon","coordinates":[[[-79.425612204129351,43.701114073974615],[-79.425624859214878,43.701244591777588],[-79.425636741284819,43.701348096230952],[-79.425648674698067,43.701410086810085],[-79.425661015033057,43.701474129943833],[-79.425675226745213,43.701600148105364],[-79.425682060543622,43.701712668547316],[-79.425684555320103,43.701892704763821],[-79.425694007596675,43.702095221691785],[-79.425709691305997,43.702275266468497],[-79.42571924245398,43.702387770658369],[-79.425722617760925,43.702477785638386],[-79.425757686121131,43.702644341073622],[-79.425834058826538,43.702981920577287],[-79.425883026502945,43.703206948274172],[-79.425911167114535,43.70333746703615],[-79.426150040137642,43.70427365535658],[-79.426260864387345,43.704750128404285],[-79.426289264904497,43.704872312025088],[-79.426360521730871,43.705146815816946],[-79.426372229149365,43.705191919743115],[-79.426433199308832,43.705426883252883],[-79.426637379258494,43.706213779775617],[-79.426856563171683,43.707105100175092],[-79.42705913914628,43.707924417261495],[-79.42715286854002,43.708286058038212],[-79.427281479624099,43.708770759254108],[-79.427463104736631,43.7096035639563],[-79.427488553568878,43.709738626115445],[-79.42769433583301,43.71048588859869],[-79.427724232547689,43.710627461413118],[-79.427933277146849,43.711422171077956],[-79.427946333239106,43.711534695113642],[-79.428151341564686,43.712347593261626],[-79.428211326449627,43.712598559154223],[-79.428363897073467,43.713236196267054],[-79.428599285498635,43.714203997089392],[-79.428790233055082,43.715063763483222],[-79.429005564753155,43.715950530345722],[-79.429225650456857,43.716810295840673],[-79.429413560156675,43.717629544272576],[-79.429592583428388,43.718421747039343],[-79.42981612576753,43.719258992021693],[-79.432973987150334,43.718492720457192],[-79.435101025512353,43.71804346218412],[-79.435291209668733,43.718003478422048],[-79.437686408759433,43.717499730881208],[-79.438372573565644,43.71732299419363],[-79.441339494372912,43.716694350394576],[-79.443218831659294,43.716316616550621],[-79.443338030305043,43.716291013117591],[-79.44402118312648,43.716144332192052],[-79.444247526157881,43.716095926039877],[-79.444465875158699,43.716049225794372],[-79.444981081114321,43.715939056518963],[-79.446071625833738,43.715705372513249],[-79.446520823847081,43.715615624988885],[-79.448408058502665,43.715213082988562],[-79.449470637226185,43.714970487656672],[-79.45216268751922,43.714387095207684],[-79.452392024813733,43.714348962605719],[-79.453567089495607,43.714172283178577],[-79.454751125209967,43.714086913005659],[-79.455538773026959,43.713944804146934],[-79.456821458495156,43.71366862412097],[-79.458591122616482,43.713279650308401],[-79.460874602959393,43.712754159931009],[-79.462085243747907,43.712490965928311],[-79.46323320974993,43.712243608175761],[-79.466603512697418,43.711482487535747],[-79.468756853324066,43.711013419386347],[-79.469777229649068,43.710804396305697],[-79.46935213610459,43.708682837412979],[-79.468877193932045,43.706293456724154],[-79.468836364946398,43.70609034087574],[-79.468791813472862,43.705887935089827],[-79.468746393691561,43.705685628055953],[-79.4687002173102,43.705483365796063],[-79.468653271858102,43.705281283324936],[-79.468605619485004,43.705079182630648],[-79.468557098784117,43.704877279698529],[-79.468518704738187,43.704719701808081],[-79.468507920770534,43.704675430565224],[-79.468457775272654,43.704473608140489],[-79.468406997231014,43.704271956536004],[-79.46835536330515,43.704070493691702],[-79.46830297286327,43.70386903060718],[-79.46824985064255,43.703667729311256],[-79.468195847836242,43.703466445741086],[-79.468141113247086,43.703265359962437],[-79.468085622090939,43.703064426960985],[-79.468029275192663,43.702863502687457],[-79.467972270977199,43.702662776223043],[-79.467914435820759,43.702462112498822],[-79.467855707623158,43.702261646515289],[-79.467102403119029,43.699673482818802],[-79.466549079213337,43.697771971839721],[-79.46654531487745,43.697759053892185],[-79.46610250615872,43.696156379197589],[-79.46603837473107,43.695923325789316],[-79.465976216481792,43.695690011885468],[-79.46591331437439,43.695456679713871],[-79.465849519430677,43.695223536258489],[-79.465785166681783,43.694990464601311],[-79.465719908738862,43.694757527646296],[-79.465653770438678,43.69452469839549],[-79.465600507383499,43.694339246770895],[-79.465586925495074,43.694291931893211],[-79.465519324170103,43.694059444154242],[-79.46549914323829,43.693989489022947],[-79.465477957398392,43.693919722610893],[-79.465456051980141,43.693850145003736],[-79.465433389846936,43.693780621170461],[-79.465409846889727,43.693711250087304],[-79.465385435470253,43.693642112769048],[-79.465360168089902,43.693573047195727],[-79.465334156374482,43.693504098407075],[-79.46530740023816,43.693435419424503],[-79.465279788148806,43.693366812185218],[-79.465251295168528,43.693298501713343],[-79.465222057883835,43.693230272018731],[-79.465192076198221,43.693162294125379],[-79.465161226133347,43.693094441976804],[-79.465129520045153,43.693026805589007],[-79.465097044773358,43.692959384987823],[-79.465063837577929,43.692892108173616],[-79.465029749493027,43.692825155126073],[-79.464985863182278,43.692754994605913],[-79.464959377541931,43.69269172539363],[-79.464922944748878,43.692625365678552],[-79.464885767617162,43.692559185748308],[-79.464847846096319,43.692493275615149],[-79.464809056115186,43.692427671245291],[-79.464769633469501,43.692362210687264],[-79.464729205873823,43.69229711885788],[-79.464620644482338,43.692155620955347],[-79.464411925309136,43.691803209454733],[-79.464349177063681,43.691704166646502],[-79.464286823309848,43.691609633574657],[-79.464225226457856,43.691515100704152],[-79.464164795869053,43.691420568164496],[-79.464104737619351,43.691326035708251],[-79.464045500974123,43.69122700282901],[-79.463987006126999,43.691132470799452],[-79.463929295670724,43.691033438337421],[-79.463871967254519,43.690938906613873],[-79.46381580778268,43.690839874581414],[-79.463760414881406,43.690745352412669],[-79.463705409423483,43.690646320688458],[-79.463651570199303,43.690547289306913],[-79.463598128116601,43.690448240022164],[-79.463545477378588,43.690353709614712],[-79.463493573821154,43.690254678770991],[-79.463442454661006,43.690151156504946],[-79.463392099310568,43.690056608753395],[-79.463342540748954,43.689957578586892],[-79.463293739030036,43.689858557641543],[-79.463245706571215,43.689759518918358],[-79.463198470918798,43.689655979780277],[-79.463152001748441,43.68955695952009],[-79.463122944644795,43.689484939754905],[-79.463093540293329,43.689412901866731],[-79.463064892679839,43.689340882217174],[-79.463036632434381,43.689264371036238],[-79.463009523122309,43.689192351868385],[-79.462983220180135,43.689120314951687],[-79.462957277020536,43.689048296147242],[-79.462932499939825,43.68897628671543],[-79.462908494774993,43.688899767876336],[-79.462885280787106,43.688827740937015],[-79.462862838707338,43.688751213592553],[-79.462841150570881,43.68867919613939],[-79.462820293582254,43.688607178951578],[-79.462800171284741,43.688530661347635],[-79.46278119985773,43.688458653765707],[-79.462762653014565,43.688382136666156],[-79.462745257049122,43.688310102585675],[-79.46272822362684,43.688233585971773],[-79.462712378274958,43.688161570392609],[-79.462697317221668,43.68808505441546],[-79.462531951561147,43.687433495084889],[-79.462477321274278,43.687218274017511],[-79.462231075409036,43.686247978394469],[-79.462096454579509,43.685717576948299],[-79.461967366810796,43.685208969297584],[-79.461833752883265,43.684682402337188],[-79.461819838790902,43.684619379540052],[-79.461805118477614,43.684556383475055],[-79.461789663544963,43.684497860811632],[-79.461773817426959,43.684430363711215],[-79.461756802569482,43.684367339866661],[-79.461738618943798,43.68430883428406],[-79.461720028899109,43.684245827908057],[-79.461701091600844,43.684182812410647],[-79.461680960730675,43.684124315165889],[-79.46166007617073,43.684061290006255],[-79.461638410218782,43.683998291583826],[-79.461615550728098,43.683939766405985],[-79.461592743755418,43.683876758589086],[-79.461568758498871,43.683813759372114],[-79.461543989019532,43.683755233535877],[-79.461518438162273,43.683696725433286],[-79.461492096410495,43.683633725404924],[-79.461465007647519,43.68357519876843],[-79.461437140396313,43.683512189210468],[-79.46140848890127,43.68345368903605],[-79.461379080875233,43.683395161594319],[-79.461349238783981,43.683336642998974],[-79.461318292855282,43.683278124021712],[-79.461298534761156,43.683238916632241],[-79.461286543665878,43.683215104108768],[-79.461254416651045,43.683161085367665],[-79.461221489278358,43.683098065036006],[-79.461187417966471,43.683039553961876],[-79.461152959321495,43.682985534398874],[-79.461117722240431,43.682927013905328],[-79.46108170382405,43.682868493134315],[-79.460748086061926,43.682366934071538],[-79.460439925964309,43.681901469061707],[-79.460210051491657,43.681558457305066],[-79.45952592576306,43.680529475092676],[-79.458853903188938,43.679519071672445],[-79.457966488971181,43.678150404716966],[-79.457450057539447,43.677414805981492],[-79.45694924444426,43.676656185325804],[-79.456498162899379,43.675880235766563],[-79.456478593077293,43.675845618238583],[-79.456442595790065,43.67578711394404],[-79.456405423669949,43.675724099527642],[-79.456367873066171,43.675670068272545],[-79.456329547728203,43.675607062391329],[-79.456290437908009,43.675548538854649],[-79.456250571659226,43.675490015014489],[-79.456209915038627,43.675427008198902],[-79.456168867518741,43.675372975536],[-79.456126669982183,43.675314459758241],[-79.456084050864405,43.675255952803653],[-79.45604031570025,43.675197418399435],[-79.45599617135376,43.675138901823026],[-79.455966002138382,43.675099527424038],[-79.455890466029516,43.674994848929906],[-79.455853678636146,43.6749498281172],[-79.455816125701062,43.674900306335196],[-79.455778175977073,43.674850784386933],[-79.455739082062962,43.674805762643913],[-79.455699963404172,43.674760740877581],[-79.455659307011047,43.674715718501034],[-79.455618641594029,43.674666195444772],[-79.455576831982725,43.674621172590406],[-79.45553460986045,43.674580650221401],[-79.455491253508001,43.674531126071898],[-79.455447865764654,43.674490603216356],[-79.455403328073089,43.674445579233868],[-79.455358418403421,43.674400555088418],[-79.455312715106146,43.674355530614719],[-79.455266239642839,43.674315006481883],[-79.45521938314333,43.674269981518911],[-79.455171742065403,43.674229465891756],[-79.455123319767168,43.674188940936439],[-79.455074141046396,43.674148415663041],[-79.455024949990388,43.674107890363366],[-79.454974596631899,43.674062863922558],[-79.454923876970383,43.674026838638568],[-79.454872367052147,43.67398631235794],[-79.454820460358576,43.673945785897011],[-79.454767784848826,43.673905259108018],[-79.454714709195045,43.673869214795324],[-79.454626421636632,43.673806170516805],[-79.454537712617025,43.673743126001789],[-79.454448615937395,43.673684581924931],[-79.454358791163401,43.673621536825117],[-79.454268553916421,43.67356299215129],[-79.454177551388412,43.67349994643655],[-79.454086136363358,43.67344141914802],[-79.45399433709008,43.673382873628483],[-79.453901769116698,43.673324327724643],[-79.453808829292527,43.673265772593666],[-79.453715104904873,43.673211726732717],[-79.453621371736304,43.673153198130933],[-79.453526481984269,43.673099142640147],[-79.453464916416038,43.673058611630204],[-79.453404491841525,43.673018081051922],[-79.453344464186628,43.672977550603392],[-79.453284796233007,43.672937038272714],[-79.45322594335606,43.672901008904269],[-79.453167841626524,43.672855969486079],[-79.453110145711108,43.672815439868629],[-79.453052837817523,43.672770409718254],[-79.452996295360975,43.672729889517804],[-79.452940521850991,43.672689369605635],[-79.452884764345157,43.672644340008269],[-79.452830169109873,43.672603802524669],[-79.452775937102288,43.672558773503006],[-79.452722126813228,43.67251374462969],[-79.452669073064115,43.672468725045285],[-79.452616800662497,43.672423705759769],[-79.452565309613718,43.672378677772919],[-79.452513797395483,43.672329140089147],[-79.452463459802502,43.672284112534825],[-79.452413531519227,43.672239085128354],[-79.452364347358454,43.67219407601246],[-79.452315563681665,43.672144548376124],[-79.452267954614513,43.672099521872411],[-79.452220324394162,43.672049985674889],[-79.452173859938526,43.672000458946165],[-79.452127801207226,43.67195544203291],[-79.452082874614376,43.671905924911734],[-79.452037985305452,43.671856398786822],[-79.451993856123167,43.671802363298092],[-79.451950517082594,43.671752837788937],[-79.451907906174526,43.671707813233006],[-79.451866120970706,43.671653805683633],[-79.451825088711871,43.671604281096961],[-79.451784440955706,43.671554747655989],[-79.451379271620453,43.671040996266115],[-79.451250992957739,43.670878359635267],[-79.450516838591128,43.669947522756516],[-79.450460342519591,43.669870977977943],[-79.450403834183632,43.669794442166456],[-79.450348123334905,43.669713406007098],[-79.450293152937377,43.66963688880945],[-79.450238976325821,43.669560353927217],[-79.450185572411087,43.669479309688214],[-79.450132549305692,43.669402793258762],[-79.450080695729099,43.66932174964483],[-79.450029235349334,43.669245233847796],[-79.449978522885019,43.669164190684114],[-79.449928984838181,43.669087666679665],[-79.449879475455475,43.669006651000764],[-79.449831479072458,43.668925608959313],[-79.449783892007389,43.668844594080369],[-79.449737073913099,43.668763552514591],[-79.449691024741483,43.668682538270893],[-79.449645756934771,43.668601497347687],[-79.449600873635831,43.668520483578938],[-79.449557143704453,43.668439443296371],[-79.449514207483674,43.668358430350473],[-79.449471643407819,43.668277390547793],[-79.449430261222275,43.668191877588484],[-79.449389235000879,43.668110838433059],[-79.449349399299194,43.668029808790635],[-79.449310323901798,43.667944278803603],[-79.449271641629508,43.667863249643169],[-79.449234128850961,43.667777738323728],[-79.449197356404596,43.667696709983915],[-79.449161018060309,43.667615681824202],[-79.449125812029266,43.667530144487372],[-79.449015381616292,43.667260901385667],[-79.44857996691465,43.667304812895431],[-79.447994700085957,43.667373966422872],[-79.447374999931199,43.667468088809926],[-79.446802988041568,43.667576848204583],[-79.446731029266346,43.667592071955866],[-79.445629558467402,43.667793129237936],[-79.44444481153802,43.668009374714991],[-79.443272259978073,43.668223435634602],[-79.43928957365091,43.669006495038815],[-79.436634333844935,43.669520857302942],[-79.436620781627113,43.669531201320261],[-79.436286648817415,43.669603044223656],[-79.43595294642931,43.669665858056092],[-79.435201747551162,43.669827494657206],[-79.435037781083295,43.669867898579405],[-79.434873050398224,43.669903828169609],[-79.434708307145584,43.669939730511047],[-79.434543576077814,43.669975650624437],[-79.434378447995201,43.670011570272301],[-79.434212910516123,43.670047471443119],[-79.434047422432513,43.670083381403821],[-79.433881517452136,43.670114808221307],[-79.433715624729231,43.670146207800961],[-79.433549347404622,43.670177615917432],[-79.43338035416069,43.670209031210412],[-79.433009032285938,43.670273596774706],[-79.432945862793161,43.670285288470055],[-79.429396413786193,43.670972716105339],[-79.42697310304041,43.671441954140469],[-79.42292942803472,43.672213170447364],[-79.421853085969261,43.672418480051995],[-79.42181894973092,43.672424991673026],[-79.419625597082685,43.672878325521651],[-79.417105195542916,43.673399601588365],[-79.41674933807947,43.673473207846691],[-79.414693178165024,43.673910425427152],[-79.414674868194979,43.673914318336003],[-79.413716168834625,43.674111510815116],[-79.412186097020182,43.67443152186172],[-79.411360894925096,43.674595915212201],[-79.407847979460314,43.675322181316574],[-79.407333814927981,43.675429016408323],[-79.407348215316958,43.67546801280286],[-79.407423866162418,43.675677498827199],[-79.407480235646432,43.675860874361717],[-79.408130891114581,43.677416557056532],[-79.408196654519017,43.677566265801687],[-79.408258821591318,43.677707852430451],[-79.408298853471152,43.677798968883081],[-79.408662383859394,43.678626525950051],[-79.408758418873873,43.678845190600924],[-79.408747419978866,43.678876578410488],[-79.408756471282189,43.678927308049516],[-79.409025414551365,43.679561566042892],[-79.409425369732276,43.680569040656231],[-79.409926418894941,43.681744719890418],[-79.410007790147034,43.681938825242291],[-79.410090698246094,43.682142347109355],[-79.410176935445975,43.682351164295476],[-79.410238053486026,43.682503982540211],[-79.410477447947741,43.683095511304359],[-79.410543538061688,43.683258810783187],[-79.411051386400317,43.684513359306301],[-79.411060741746198,43.684536481941585],[-79.411169166730616,43.684625364141802],[-79.411349289625065,43.685056405509748],[-79.411617359054958,43.685697848091614],[-79.412045042130487,43.686776426189311],[-79.412273186089536,43.687340632143034],[-79.412309585165801,43.687430673094923],[-79.412444931077516,43.687769081776686],[-79.412574976461087,43.688102670528281],[-79.412602244216359,43.688203073889653],[-79.412626235531349,43.688338885855892],[-79.412631270946633,43.688433412363665],[-79.412643206881853,43.688516872543737],[-79.412669085002676,43.68866901429417],[-79.413008572122322,43.689431080151607],[-79.413168214559818,43.689804026326222],[-79.413351575368409,43.690221078592089],[-79.41365336683414,43.690975957716937],[-79.414120590037967,43.692050632351581],[-79.41442498632999,43.692827645336415],[-79.414478145394412,43.692930713927915],[-79.415026700127427,43.694324640115525],[-79.415094654349929,43.694459115894396],[-79.41542927683841,43.695205516935722],[-79.415734525267908,43.695964416042742],[-79.415792451090553,43.696086741236819],[-79.416041824296414,43.696708463615657],[-79.416342302298403,43.697420541705682],[-79.416678918281093,43.698210731414861],[-79.417037152039512,43.699021296620124],[-79.417342540793271,43.699761036299485],[-79.417683330669377,43.700557508640621],[-79.417919772553162,43.701136686073241],[-79.417972895309831,43.701239743862715],[-79.418033331073801,43.701320861748442],[-79.418097743951094,43.701387949454904],[-79.418709628405779,43.701971381129773],[-79.419108566009953,43.702351725146883],[-79.419884215501014,43.702185774764828],[-79.420890238090919,43.702000364996486],[-79.422092487203273,43.701737255213331],[-79.423140015415143,43.701508449737673],[-79.425561957287982,43.700992523972815],[-79.425612204129351,43.701114073974615]]]},"properties":{"AREA_NAME":"13"}},{"type":"Feature","geometry":{"type":"Polygon","coordinates":[[[-79.510011195052073,43.683516698264341],[-79.510117084448424,43.683822733436699],[-79.510193150992421,43.684020539429845],[-79.510233045799353,43.684124284941923],[-79.51123054754089,43.683992142103612],[-79.511457500500967,43.68396209121682],[-79.513071415692352,43.683682877495961],[-79.513214834290352,43.683673859697286],[-79.513401273231878,43.68363333210273],[-79.513579165988972,43.683592805219355],[-79.514055913694989,43.683534212079628],[-79.514383431824882,43.683511668065414],[-79.514710935099728,43.683480094801759],[-79.515119112860887,43.683462038925178],[-79.51542182809871,43.683457488830101],[-79.516817500004237,43.683444366136371],[-79.517028567354913,43.683442372603444],[-79.517856327808815,43.683434586182102],[-79.519836540595577,43.683411720423422],[-79.520350484463464,43.683371106188154],[-79.520714451182783,43.683380042121136],[-79.521210173688999,43.683339427320966],[-79.522138819525892,43.683226725871549],[-79.522884520238406,43.683132056266231],[-79.523750735814602,43.682960845685827],[-79.526607834495834,43.682334616282212],[-79.527049947292141,43.682203957504413],[-79.527673406935449,43.682026779485419],[-79.528071343159297,43.68193906369185],[-79.528365594897309,43.681890383971542],[-79.528642660281818,43.681851618245013],[-79.528981830269615,43.681819164039759],[-79.529621578831936,43.681744991265511],[-79.530700420641708,43.68150867421091],[-79.53282656765353,43.681089729420961],[-79.535916617077064,43.680462812959384],[-79.539014638586096,43.679835189088834],[-79.542011125758592,43.679182575904335],[-79.544889804750426,43.678536168335178],[-79.54829943116728,43.677792160849663],[-79.549210759062348,43.677582689541588],[-79.549875650954974,43.677433321538985],[-79.550891231259598,43.677178739685971],[-79.557670607622626,43.675622846788187],[-79.560102933849365,43.675060478402109],[-79.561217179191559,43.674812719812124],[-79.561258975457235,43.674803426059178],[-79.561308967652366,43.674792660679906],[-79.563176723578877,43.6744777585563],[-79.56324912166906,43.67444050705172],[-79.563329712449388,43.674422459785873],[-79.563410315582843,43.674404412456333],[-79.563491675158375,43.67438636464972],[-79.563573009891627,43.674368325800316],[-79.563654398929671,43.674354778522996],[-79.563818288239588,43.674323164509779],[-79.563900433650716,43.674309616634886],[-79.563982951068752,43.674296068492744],[-79.56406548086062,43.674282529285342],[-79.564397166994027,43.674232817630738],[-79.564480470304815,43.67422376934821],[-79.564564182847917,43.674214729775137],[-79.564647486108456,43.674205681370886],[-79.564731583036291,43.6741966324565],[-79.564815275535111,43.674192084371242],[-79.564898950750205,43.674183017570158],[-79.564983052464825,43.674178469129721],[-79.565067546149947,43.674169419742583],[-79.565093215647565,43.674168036927114],[-79.565151635431278,43.674164871185184],[-79.565235724699818,43.674160322565932],[-79.566104140499576,43.674096823412576],[-79.566252558273661,43.674083235503652],[-79.56640136042445,43.674069647178698],[-79.566550162527761,43.674056076662708],[-79.566698952132455,43.674042478956324],[-79.566848180744827,43.674033408465277],[-79.566997359676321,43.674024310804548],[-79.567146558377331,43.674010739279687],[-79.567295737207118,43.674001641229609],[-79.567364260210127,43.673995209929394],[-79.567386822823934,43.673988103587817],[-79.567403869711598,43.673983592875508],[-79.567428659911727,43.673972326600605],[-79.567452668814752,43.67396106078133],[-79.567467776020223,43.673952041540851],[-79.567482883231278,43.673943031299643],[-79.567497593593345,43.673934021290769],[-79.567511145576702,43.673920511302235],[-79.567524305756024,43.673911502205385],[-79.567543091111247,43.673897989121514],[-79.567566120032041,43.673875472202475],[-79.567581613951958,43.673857460395666],[-79.567591271868977,43.673843952699563],[-79.567604248295879,43.673825942378116],[-79.567615265299679,43.673807933214157],[-79.567636173526822,43.673785417535022],[-79.56765708679454,43.673767402511025],[-79.567679135916165,43.673744886148611],[-79.567701594265699,43.673722369539483],[-79.567724826542829,43.673704353129423],[-79.567748443247538,43.673686336486746],[-79.567772836157303,43.673663818716854],[-79.567797618566829,43.673645810374083],[-79.567822802862423,43.673632293448236],[-79.567848733496561,43.673609783750884],[-79.567875450456668,43.673591765241497],[-79.567902167400803,43.673573746725822],[-79.567929670677913,43.673560219397423],[-79.567957553314756,43.673542200175994],[-79.56819936743446,43.673422491569809],[-79.568599170397732,43.673224520243735],[-79.569089760224855,43.672983511349209],[-79.569333344394607,43.672854050827461],[-79.570522435090652,43.672222096439945],[-79.570570067745209,43.672190553399929],[-79.5706180776683,43.672163519771424],[-79.570666496803014,43.672136503872345],[-79.570715697126332,43.672109460465371],[-79.57076525177817,43.672077943158371],[-79.570814829331184,43.672055400138312],[-79.57086557965664,43.67202836470755],[-79.570916317556723,43.672001347264498],[-79.570967824240498,43.671974302317558],[-79.571019708246382,43.671951784780283],[-79.57107162407344,43.671924739532137],[-79.571124698490848,43.671902221206878],[-79.571177772836649,43.671879675852942],[-79.57123121385915,43.67185263858363],[-79.571291434182413,43.67183271711113],[-79.571339686684453,43.671812073968866],[-79.57139431100984,43.671789545549402],[-79.571449307322595,43.671767016871208],[-79.571505077774333,43.671748970343216],[-79.571560880079915,43.671726450108352],[-79.571617047301018,43.671708412278548],[-79.571684841189253,43.671685857465597],[-79.571753416316795,43.671663329125991],[-79.571821984326959,43.6716452744093],[-79.571891328213425,43.671622745503782],[-79.571960292965016,43.671604690454494],[-79.572030026542024,43.671586643880453],[-79.57210013912804,43.671564105362329],[-79.572170274859388,43.67155057711534],[-79.572240405128454,43.671532521160991],[-79.572311304243001,43.671514491681194],[-79.572382208691494,43.671500935813803],[-79.572453492142841,43.671482897001063],[-79.572524793382698,43.671469367797641],[-79.572571332262171,43.671457699545087],[-79.572596857987364,43.671451310397117],[-79.572668915610819,43.671437780623386],[-79.572741003428405,43.671428742447496],[-79.572820085754998,43.67140980731147],[-79.572885887344881,43.671401655178634],[-79.572958354039514,43.671388097957532],[-79.573085496742465,43.671364820317592],[-79.573305327530676,43.671324560638844],[-79.57342680404065,43.6713023214052],[-79.573666264445336,43.671261679366935],[-79.573905706613729,43.671216545175895],[-79.574145141551284,43.671175902150367],[-79.574384985369591,43.671135240354332],[-79.574625213310554,43.6710945958067],[-79.574721398633116,43.671078330583619],[-79.574865416113866,43.671053941769088],[-79.575030931960015,43.671025938132843],[-79.575105655805842,43.671013296203576],[-79.57533959002329,43.67097812709644],[-79.575381827318168,43.670968386817961],[-79.575474841780164,43.670945534079117],[-79.575529145283539,43.670936028814623],[-79.575603868359167,43.670922945494922],[-79.575649455994878,43.670914967161927],[-79.575732894863833,43.670900374767676],[-79.575862287602803,43.670873284984744],[-79.575991698293095,43.670850686706274],[-79.576121103209289,43.670823596622064],[-79.576251245350448,43.670801006563821],[-79.576331671288656,43.670787009829652],[-79.576381064974655,43.670778416572823],[-79.576511591354446,43.670755834962584],[-79.576641788509221,43.670737727084351],[-79.576772748728004,43.670715144884909],[-79.576906771193762,43.670692065402072],[-79.577034252956395,43.670674444975234],[-79.577165218655978,43.670656362986669],[-79.577228730187088,43.670642818102849],[-79.577285297294424,43.670629277878938],[-79.577312684860928,43.670624902715964],[-79.577341870144068,43.6706202292863],[-79.577398827398454,43.670611180405331],[-79.577455772246552,43.670602140505743],[-79.577513126300559,43.67059310030028],[-79.57757046793661,43.670584060074454],[-79.577627809555409,43.670575019819864],[-79.57768554140668,43.670570497938456],[-79.57774326740504,43.670561448363372],[-79.577801005821584,43.670552425754686],[-79.577859134425211,43.670547876511563],[-79.577917250654238,43.670543354251329],[-79.577975366851206,43.670538813958878],[-79.578033910482077,43.670538765008317],[-79.578092026689077,43.670534242659208],[-79.578150539674184,43.670529693005328],[-79.578209033728243,43.670529671002939],[-79.578267583902047,43.670525121263701],[-79.578326090328815,43.670525081190284],[-79.578384609179565,43.670525059081065],[-79.578443115594382,43.670525009946452],[-79.578475493779948,43.670524987723304],[-79.578501262424439,43.670524988032817],[-79.57857876668659,43.670524925780803],[-79.578656655404998,43.670524890215709],[-79.57873416618402,43.670520327189344],[-79.578811670475062,43.670520291783404],[-79.578889187131253,43.670520229312402],[-79.578966692021098,43.670511192471871],[-79.579043787042096,43.670511130187293],[-79.579121297773725,43.670506566898446],[-79.57919838689412,43.670502021851803],[-79.579275494868469,43.670492967074203],[-79.579352596336633,43.670488403912351],[-79.579429691857698,43.670479340038035],[-79.579505200271413,43.670470430238183],[-79.579583119970891,43.670465740333121],[-79.579659830995368,43.670456667569916],[-79.579738482483037,43.670452112068922],[-79.57981753078009,43.670447556236731],[-79.579895803805215,43.670447510557651],[-79.579974461675519,43.670438445223901],[-79.580053100702656,43.670433880513798],[-79.580131770518875,43.670433825393957],[-79.580210019137667,43.67042477818763],[-79.580288689343334,43.67041572163032],[-79.580366937878836,43.670406647312632],[-79.580444820394192,43.670402082864889],[-79.580523093725716,43.670393035426841],[-79.580600957812067,43.670383988223733],[-79.580678449843305,43.670374932228832],[-79.580756313846564,43.670365857915961],[-79.580833415370662,43.670352301427187],[-79.580930252639021,43.67033423025098],[-79.581406242123236,43.670272017132135],[-79.583162546502052,43.669859851202389],[-79.584124814501081,43.669635815093365],[-79.584382661036997,43.669566926893467],[-79.58456090050737,43.669510167811517],[-79.58477475795469,43.669438736877048],[-79.584901424393991,43.669391646922207],[-79.585397037128544,43.669166703542345],[-79.585604852882838,43.669051304060787],[-79.585778542342709,43.66894483212905],[-79.585958146798774,43.668821432980259],[-79.586098145137228,43.668690223224168],[-79.586229945119484,43.668566868639815],[-79.586390327603723,43.668417874511839],[-79.586467712843898,43.668336795009886],[-79.58656527180672,43.668211710666881],[-79.586662361081025,43.668079344515689],[-79.586759701775208,43.667941037208358],[-79.586855636071689,43.667799445396788],[-79.587023837514806,43.667468878517873],[-79.587267947474132,43.666956894561146],[-79.587675974755584,43.666100960413978],[-79.587740762045698,43.665946636805842],[-79.587898912018645,43.665668626050625],[-79.588028482094131,43.665468849692424],[-79.588139070006847,43.665330107882852],[-79.588234384776641,43.665210802638846],[-79.588383146084752,43.66506092346517],[-79.58855474761782,43.664861122985563],[-79.588778405628702,43.664622351036961],[-79.591106723828076,43.662486301393351],[-79.591148128767202,43.662448327731397],[-79.592556125015633,43.66115655687053],[-79.593251067966619,43.660518588898512],[-79.593729232739918,43.660079598297784],[-79.594063303824115,43.659772873082602],[-79.594123560847393,43.659717573222856],[-79.595680609191092,43.658288036837398],[-79.598410101957739,43.655834228972829],[-79.603099276297229,43.65157507433171],[-79.606348598432291,43.648623278772376],[-79.608059740243618,43.647065707206487],[-79.608599562688909,43.646574315150808],[-79.608734677834448,43.646451336060544],[-79.608593862122703,43.646334308123777],[-79.608415868432829,43.646187574759253],[-79.608290668912275,43.64604095313905],[-79.60816561162008,43.645821276143273],[-79.608092155088158,43.645641462288381],[-79.608034161740676,43.645478556340571],[-79.607973738923292,43.645329343734886],[-79.607901572803712,43.645191141850873],[-79.607812510238006,43.645051947701006],[-79.607683357735965,43.644938526163557],[-79.60754388403025,43.644854962728658],[-79.607356258563314,43.644766664625415],[-79.607159641059596,43.644695945315583],[-79.606959119211922,43.644673980737572],[-79.606699137057959,43.644694116718732],[-79.606477865831806,43.644735486294664],[-79.606286653613466,43.644770094473998],[-79.606061356982522,43.644813546302153],[-79.605815825444694,43.644832811735931],[-79.60560820236185,43.644832814702966],[-79.605396558246966,43.644730745471108],[-79.605195776313963,43.644580742558183],[-79.60500518523861,43.64447395450668],[-79.604781905299802,43.644429566595427],[-79.604685038362163,43.644438161636842],[-79.604638450130011,43.644448645879585],[-79.60442671273519,43.64446989369965],[-79.604199210269812,43.644485097576442],[-79.603972075303446,43.644505026385382],[-79.603739205118046,43.644584891067801],[-79.603527753471965,43.64466472687824],[-79.60334064090182,43.644712774463805],[-79.60316065938261,43.644719697051826],[-79.602934893198423,43.644692626413629],[-79.602688014699581,43.644620018364201],[-79.602481160922224,43.644525266542324],[-79.602335516904319,43.644431098663503],[-79.602275628733963,43.644383517009132],[-79.601989344449223,43.644125856517924],[-79.600731955247255,43.643917347483203],[-79.600494854605429,43.643899553420908],[-79.600459126829065,43.643896695383297],[-79.600272863874963,43.643881763616847],[-79.600035756023743,43.643859458921689],[-79.59982730108878,43.643841638403835],[-79.599621930226547,43.643792328022329],[-79.599421592092725,43.643742985890412],[-79.599218891814218,43.643689153772918],[-79.599073499882664,43.643608285531748],[-79.598934313258525,43.643531894417322],[-79.598839263588061,43.643446454606647],[-79.598787232547508,43.643365496237621],[-79.598716180206651,43.643280035582144],[-79.598614192355882,43.643203611945026],[-79.598496715585711,43.643145204306585],[-79.598377339874986,43.643100318241991],[-79.598232452041529,43.643091441463959],[-79.598065527551029,43.643114088210936],[-79.597904012885664,43.643109716963345],[-79.59770991461518,43.643091880285453],[-79.597529780543283,43.643078532051284],[-79.597319442032017,43.643074228625672],[-79.597146274103451,43.64306087385657],[-79.596938265901443,43.643056540745164],[-79.596729070947362,43.64303871520238],[-79.5964997990462,43.643061412401629],[-79.596274756934775,43.643070621523215],[-79.59606487252114,43.643102302892956],[-79.595832928522967,43.643151996115023],[-79.595628495925567,43.643206175542858],[-79.595419457549795,43.643287362564948],[-79.595239486923973,43.643377526362222],[-79.595050591293486,43.643467706297336],[-79.594870302627356,43.64358488289087],[-79.594714745167593,43.643688527651527],[-79.59453632168632,43.643778689053775],[-79.594383095146313,43.643891332803051],[-79.594205858488564,43.644003996133549],[-79.594030167284828,43.644098655174624],[-79.59384555094114,43.644193321271388],[-79.593746603262801,43.644259544527515],[-79.593711511517938,43.644283030870753],[-79.593677236995248,43.644305976451214],[-79.593508504827341,43.644405129667952],[-79.593307228946131,43.644508809886368],[-79.593119099310144,43.644585474931134],[-79.592904992493999,43.644648649723869],[-79.592668769022723,43.644693848307561],[-79.592452628376847,43.644716526738506],[-79.59222136384868,43.644689709429116],[-79.592022932139727,43.644644862486942],[-79.591809843886054,43.644604527656817],[-79.591640080601962,43.644541654281625],[-79.591496972478794,43.644473799567471],[-79.591469509451244,43.644460778559839],[-79.591285014517283,43.644393433759852],[-79.591123720317796,43.644299048056119],[-79.590937694830032,43.644227185225638],[-79.590747003535739,43.644159817479334],[-79.590573700961286,43.644074450899559],[-79.59037761188651,43.644002586126348],[-79.59021785042232,43.643903697240525],[-79.590069357756178,43.643813800622759],[-79.589937049499838,43.643687894594983],[-79.589795516150303,43.643584499086785],[-79.589654704918416,43.643449589032755],[-79.589534851595658,43.643346158189708],[-79.589403749697283,43.643238244332132],[-79.589306761307895,43.643148306421445],[-79.589170692598969,43.643067400289944],[-79.589021833523049,43.642995523331479],[-79.588879146611134,43.642914622004334],[-79.588702013574618,43.642824745858235],[-79.58855932004407,43.642730333073871],[-79.588440205518978,43.642604406066184],[-79.588352494421926,43.642482973354369],[-79.588241868975118,43.642330035452709],[-79.588179666479007,43.642199554531437],[-79.588124478975189,43.642060075793268],[-79.588079755201449,43.641947593085732],[-79.588134565952586,43.641812530228165],[-79.588240512931122,43.641699931317156],[-79.588270943462263,43.641573888579437],[-79.588217313796548,43.641456912105106],[-79.588110610347812,43.64133998552385],[-79.588014739493772,43.64121404912563],[-79.587886352818984,43.641101630708619],[-79.587737441158026,43.64098922789978],[-79.587592416777355,43.640890323979967],[-79.587477981325421,43.640773393719222],[-79.587380166739834,43.64064744926209],[-79.587297818994486,43.64049448877909],[-79.587223205190483,43.640332520955283],[-79.587150960961552,43.640197546401041],[-79.587071322894658,43.640049084365486],[-79.587016524752443,43.639918606120176],[-79.586969422591551,43.639770137238621],[-79.586956461682504,43.639635126432957],[-79.586937278309719,43.639491118976892],[-79.586870420180134,43.639342638061734],[-79.586784605690383,43.639198681186592],[-79.586674752773504,43.639050241782314],[-79.58658355470817,43.638919799900243],[-79.586479143839426,43.638771365180098],[-79.58639918211766,43.638645397330777],[-79.586287044705486,43.638501468957088],[-79.586143526524424,43.638366565500718],[-79.586018612411436,43.638231629860961],[-79.585907239567831,43.638101211600549],[-79.585816492424968,43.638006756264566],[-79.585745521177856,43.637934798476131],[-79.585692953143862,43.637887589647043],[-79.585616345370468,43.63779989258704],[-79.585546104706552,43.637700920981089],[-79.585493661571022,43.637592943641899],[-79.585431551752436,43.637493974882261],[-79.585346184899819,43.637390540764635],[-79.585303427998852,43.63727804640822],[-79.585289817857785,43.63723304065401],[-79.585285528592564,43.637206048710567],[-79.585265985210441,43.637084544635471],[-79.585263092793625,43.636958536447032],[-79.585304730796196,43.636823493653239],[-79.585343289278839,43.636701946212433],[-79.585403920771597,43.636580373266597],[-79.585464192980126,43.636467810938846],[-79.585534547761682,43.636368743108058],[-79.585617283553717,43.636269665960313],[-79.585688777271201,43.636152594411598],[-79.585739356735758,43.636040039195322],[-79.585810062745679,43.635918467465046],[-79.585874955901573,43.635796900055183],[-79.585935982454103,43.635684336896666],[-79.585992379588831,43.635567276493688],[-79.5860533928455,43.635445711893588],[-79.586057098587105,43.635324190413016],[-79.586042591964983,43.635198181946514],[-79.586023041294638,43.635072177271077],[-79.58598993834309,43.6349416820917],[-79.585914637089843,43.634829221392053],[-79.585800228828333,43.634712307308575],[-79.585688536306009,43.634622377227039],[-79.585592750698027,43.63452793443323],[-79.585532967430439,43.634424463240215],[-79.58550647221422,43.634311956732873],[-79.585540765415956,43.634190403360833],[-79.585598308486666,43.634077842957439],[-79.585659743200651,43.633974289995024],[-79.585753678502925,43.633866202927827],[-79.58580620803292,43.633758128864883],[-79.585833541816868,43.633641090311777],[-79.585811700620027,43.633542091447801],[-79.585758146076429,43.633452117760271],[-79.585701826850126,43.633335141955662],[-79.585613386321555,43.63324519434493],[-79.585502464426582,43.633137260704949],[-79.585417890406859,43.633029325274151],[-79.585346452497916,43.632903359192838],[-79.585292414206734,43.632768378694976],[-79.585245750256377,43.632642394058514],[-79.585210326491335,43.632507390632121],[-79.585180677638434,43.632363390500807],[-79.585146016196461,43.632223894786463],[-79.585112885267932,43.632079897223818],[-79.585087884138645,43.631935893597159],[-79.585066761745807,43.631782885684991],[-79.585055337186546,43.631643372635516],[-79.585076034140116,43.631494834290471],[-79.585109155061602,43.631359788775328],[-79.585141073438962,43.631215742751905],[-79.585200925156769,43.631089678683523],[-79.585274327718196,43.630959112779415],[-79.585336886840395,43.630837547310492],[-79.585405021450157,43.630724105896448],[-79.585546062734991,43.630559608018231],[-79.58556920129773,43.63049974044435],[-79.585659686525261,43.630339483900556],[-79.585726605499076,43.630226034194493],[-79.585836142346608,43.630052135106276],[-79.585935994154426,43.629882725882553],[-79.586003351032417,43.629738157859258],[-79.586027645045064,43.629576645577998],[-79.585997866074464,43.629411267371871],[-79.585928003702037,43.629284346240702],[-79.585831988034883,43.629161864387761],[-79.585714185517446,43.629038102588119],[-79.5855901572194,43.628919260087244],[-79.58538963314119,43.628818099343938],[-79.585293004164015,43.628786405556497],[-79.585136212111763,43.628719939111889],[-79.584966076964434,43.628673078406507],[-79.58408960909324,43.628406177994215],[-79.584068631947545,43.628399127326887],[-79.583900874292368,43.628349742894251],[-79.583739684566183,43.628291352008389],[-79.583534373540886,43.628237502842403],[-79.583341467305317,43.628192654661746],[-79.583300472247544,43.628181972879609],[-79.583152037257335,43.628143275924593],[-79.58296799805548,43.628084909567498],[-79.582787088130459,43.628040051743071],[-79.582604623281739,43.627990667053233],[-79.582414835047373,43.627950315751974],[-79.582225827477359,43.627927939362394],[-79.582065537685764,43.627946066334793],[-79.5819044609825,43.627959683946649],[-79.581781310018997,43.627959790115],[-79.581725103816694,43.627953331301612],[-79.5816643367029,43.627946362639186],[-79.581524921928207,43.627923976657428],[-79.581410241973131,43.627883543096793],[-79.581358692618053,43.627847574209191],[-79.581317626099136,43.627838602031503],[-79.581109257397173,43.627802753473638],[-79.580946144735591,43.627748860705601],[-79.580849931557708,43.62771002475435],[-79.580757078459811,43.627672500552229],[-79.580588167428488,43.627609600969798],[-79.580460652318791,43.627533196917888],[-79.580345145589703,43.627447764883776],[-79.580242030994313,43.627362324034138],[-79.580127677773291,43.627267889570625],[-79.580014872966032,43.627191447701058],[-79.579929158228239,43.627087991590045],[-79.579819843015457,43.626998053990363],[-79.579771348133718,43.626965412765763],[-79.579706283220162,43.626921621341154],[-79.57956488447212,43.626867720453596],[-79.579388633507307,43.62682733669466],[-79.579196460606013,43.626768960898545],[-79.578990799461494,43.626715112801406],[-79.578790161881372,43.626683737363287],[-79.578624778808944,43.626652355334343],[-79.578449688760173,43.626598476231422],[-79.578256394968406,43.626553592718217],[-79.578073974785013,43.626513229155769],[-79.57788999423471,43.626463837962206],[-79.577716465947887,43.626418967070492],[-79.577557634338476,43.626374067942528],[-79.577392631096146,43.626338165169329],[-79.5772330382908,43.626288765405555],[-79.577066835309253,43.6262348871781],[-79.576896406160543,43.626189994947659],[-79.576753456001782,43.626140574315826],[-79.576616270075675,43.626073155844587],[-79.576479518159616,43.626005736917513],[-79.576337326673936,43.625938321458463],[-79.576179616686872,43.625857414064384],[-79.576031974678671,43.625781000455881],[-79.575878540568041,43.625700089800283],[-79.575734357631461,43.625614672109208],[-79.575580568402771,43.625556264786994],[-79.575412855997655,43.62551136854313],[-79.575246283863621,43.625466480303722],[-79.575064636041645,43.625435103821786],[-79.574874129251626,43.625444230153882],[-79.574679770489283,43.625484854584606],[-79.574508675750508,43.625529973226016],[-79.574341875413694,43.625611112421744],[-79.574201055538808,43.625719211708521],[-79.574033123950258,43.625818353984961],[-79.57387251238535,43.62589496077981],[-79.573692562776472,43.625976107519271],[-79.573501724757733,43.626030229773122],[-79.573292655884643,43.626061868900457],[-79.573096307941412,43.626048492515338],[-79.572893418248583,43.626066624862261],[-79.572664218083062,43.626102776374331],[-79.572460597665525,43.626152431317692],[-79.572242281032274,43.626233573078778],[-79.572073859848217,43.626289830112995],[-79.57202629508555,43.626305720555806],[-79.571820375964904,43.626382361999397],[-79.571600131603958,43.626459012044059],[-79.571398452833577,43.626517647272415],[-79.571187094024836,43.626585289571203],[-79.570974575231347,43.626657441899226],[-79.570789170741108,43.626720566645005],[-79.57056968685275,43.626792713530037],[-79.570388912243843,43.626873837563409],[-79.570215924391121,43.626959457226356],[-79.570002575398163,43.626991074957964],[-79.569794991060405,43.626982200483965],[-79.569589303548113,43.626941819585376],[-79.569368172163422,43.626919459486203],[-79.569147384814059,43.626883587652529],[-79.568974970954315,43.626811689624702],[-79.568797182502195,43.626753278665198],[-79.568585732942097,43.626744395319577],[-79.568366615166383,43.626803035657744],[-79.568173111920416,43.626906667294001],[-79.568002458979137,43.627032806508346],[-79.567844226917643,43.62716342079063],[-79.567701885978096,43.627321029633492],[-79.567606442769844,43.627496604362968],[-79.567534008570391,43.627614907531182],[-79.567520268138168,43.627672182534866],[-79.567523033092499,43.627762140861698],[-79.567487544526074,43.627907768409692],[-79.567437751243901,43.628005282917492],[-79.567360764531415,43.628064773527903],[-79.567267849236515,43.628108899074959],[-79.567076978925883,43.628167520302696],[-79.566971110512213,43.628197674039221],[-79.566861723226452,43.628217154079984],[-79.566659181190886,43.628221773058925],[-79.566441173923053,43.628226400668296],[-79.566216958234847,43.628231031458192],[-79.566003164175157,43.628235655791798],[-79.565762677983628,43.62821779159335],[-79.565525238086281,43.628186423048774],[-79.565275827357524,43.628177564337136],[-79.565026037411684,43.628173214996472],[-79.564792111944541,43.628159845722152],[-79.564539958695846,43.628123982770767],[-79.564335042652033,43.62805206910123],[-79.564108418398718,43.627993687336549],[-79.563954090706147,43.627890032682053],[-79.563902547978088,43.62778031647688],[-79.563899175220627,43.627626205446091],[-79.56389261524248,43.627504798268504],[-79.563876411999829,43.62736937229942],[-79.563831281395608,43.627252649381767],[-79.563799020980682,43.627154597162416],[-79.563782874836107,43.627072882481272],[-79.563760322054151,43.627026195809641],[-79.563730335161637,43.62698035940916],[-79.563684347986154,43.626908580884091],[-79.563617154210633,43.626785542178048],[-79.563564075924091,43.626675304572295],[-79.563503940490321,43.626547131072577],[-79.563461462864026,43.62644202732421],[-79.563440170128487,43.626308692417723],[-79.563450127673661,43.626162279133375],[-79.563471731727958,43.626108663807344],[-79.563496355694468,43.626016322778682],[-79.563537389631108,43.625892170678725],[-79.563574025335583,43.625757129313378],[-79.563604513659399,43.625644594853902],[-79.563557180806228,43.625176557353683],[-79.563563628888943,43.625028012649338],[-79.563601820580814,43.62488847869021],[-79.563697722983974,43.624753386270314],[-79.563803274887405,43.624627307786255],[-79.5639355866317,43.624496722539604],[-79.564084988269215,43.624415617266784],[-79.56426155897573,43.624388522944351],[-79.564457942844825,43.624442411795442],[-79.564679106797001,43.624505314697601],[-79.564880950532412,43.624577202535384],[-79.565085807344403,43.624581586788686],[-79.565264641676649,43.624504972917187],[-79.565427885924919,43.624369867576327],[-79.56553384049036,43.624207763643469],[-79.565611513054549,43.624041193144663],[-79.565650061324561,43.623892656869856],[-79.565676622314044,43.623739599759688],[-79.565715539915857,43.623555057629183],[-79.565753314699307,43.623379490536301],[-79.565764327406001,43.623194964424123],[-79.565797046328527,43.623019400214041],[-79.56586503445547,43.622848343380959],[-79.565899311586207,43.622681779637993],[-79.565903773699162,43.622524261480926],[-79.565841642772867,43.622362253985415],[-79.565747407518245,43.622222795437779],[-79.565655470144819,43.622065305673615],[-79.565583269044666,43.621916832920789],[-79.565548658926986,43.62177731297286],[-79.565581018084245,43.621624270506267],[-79.565652888117015,43.621480215750722],[-79.565810356528175,43.621363088918933],[-79.565993393361779,43.621263967927867],[-79.566213635865807,43.621173826506059],[-79.56644743789775,43.621088177481717],[-79.566651759741092,43.620989052059649],[-79.566818921689958,43.620867417472923],[-79.566907024159107,43.620705340604005],[-79.566926195900891,43.620552305445344],[-79.566873761135881,43.620408322598962],[-79.56683999433227,43.62032732967036],[-79.566831444834875,43.62030483114733],[-79.56683027757596,43.620291329716856],[-79.566808846536006,43.620183307336411],[-79.566768453432701,43.62007081332451],[-79.566745054865876,43.619931305147908],[-79.566738331257454,43.619800788639154],[-79.566735059475704,43.61964327488473],[-79.56672170704185,43.619490240710405],[-79.566715726740782,43.619314716705972],[-79.566736050821916,43.619161689870751],[-79.566789741305087,43.619008625536189],[-79.566823642164252,43.618864574152411],[-79.566775099576645,43.618720579941439],[-79.566738134364712,43.618558585126998],[-79.566684172816352,43.618410075324412],[-79.566618170983162,43.618252589100344],[-79.566567295121658,43.61810410444064],[-79.566510219601,43.617951113653902],[-79.566544526928467,43.61781605450075],[-79.566613275312022,43.617667491154769],[-79.566695590269433,43.617541423381937],[-79.566829800634025,43.617410824515332],[-79.566968654180272,43.617289233183079],[-79.567147798776674,43.617190112553665],[-79.567340507495828,43.617122488600366],[-79.56755143829605,43.617041351435098],[-79.567720862170944,43.616915231405322],[-79.567850801817926,43.616780124147226],[-79.567861849668148,43.616622583839131],[-79.567829943341167,43.616487581557408],[-79.567818152215153,43.616325563088118],[-79.567825701692442,43.616186036677739],[-79.567861141618039,43.616014997758967],[-79.567905879025076,43.615870948547169],[-79.567942870018669,43.615713401794594],[-79.567999617376117,43.615573828105362],[-79.568076471816127,43.615411756875126],[-79.568128550052933,43.615263202481152],[-79.568182186229208,43.61510115400673],[-79.568216470745185,43.614961611592548],[-79.568220508308329,43.614905629370718],[-79.56822752239195,43.614808562903782],[-79.568278846884198,43.614673511001691],[-79.568339038201913,43.61450245710401],[-79.568354384119033,43.614367426662291],[-79.568294183356386,43.614223439952632],[-79.568187990819908,43.614119987031494],[-79.568041117425025,43.613998555392129],[-79.56796030026662,43.613940679335236],[-79.567890394429767,43.613890627975657],[-79.567712175675425,43.613778206936431],[-79.567503793503093,43.613701827110589],[-79.567258646343902,43.613629960247714],[-79.567001509841049,43.613571602014332],[-79.566775326331083,43.613495222287945],[-79.566536385265039,43.613432342666449],[-79.566311010540218,43.613391967226818],[-79.566057017534035,43.613374111431057],[-79.565806944248422,43.613383257073274],[-79.565588992815847,43.613401394164853],[-79.565356335571266,43.613419539248937],[-79.565115915648008,43.613419667439551],[-79.564862671641436,43.61338380572473],[-79.564605528862131,43.613316440683448],[-79.564377775943939,43.613240057096789],[-79.564193743722882,43.613105139284379],[-79.564086748176749,43.612983680143408],[-79.56402269172851,43.612826191179501],[-79.563967545079748,43.612682199321242],[-79.563948420459496,43.612533686578324],[-79.564055081589558,43.612376092996854],[-79.564215991461111,43.612240981407069],[-79.564443892289162,43.612146347242401],[-79.564671445500181,43.612051694815683],[-79.564884355988255,43.611969850267727],[-79.565104819544189,43.611861860891828],[-79.565282879424785,43.611756955794455],[-79.565443904790399,43.611618160814302],[-79.565621859175764,43.611451613503611],[-79.565736302940635,43.611359085141551],[-79.565783281815797,43.611326418959855],[-79.565975547588252,43.611209298669209],[-79.566145352404419,43.61106966048856],[-79.566342272195911,43.610961520303618],[-79.566559359689279,43.610875889599036],[-79.566647702147918,43.610831506120569],[-79.566855517398082,43.610797449412765],[-79.566961560893802,43.610785064400709],[-79.567076018984906,43.610741853478956],[-79.567169267410449,43.6106647375411],[-79.567224305102727,43.610572233563602],[-79.567300442847866,43.610393411483976],[-79.567333663859102,43.610222805929475],[-79.567333104399665,43.610087766887297],[-79.567298858380127,43.609916768981847],[-79.567285536492548,43.609768235306596],[-79.567276739236874,43.609644515893208],[-79.567273705992122,43.609601724901694],[-79.567243721904319,43.609430697452765],[-79.567180830503091,43.609277719189571],[-79.567083869613072,43.609111249743705],[-79.566996978308637,43.608953757733673],[-79.566846212550743,43.608805331450405],[-79.566644768421753,43.608679438086064],[-79.566401966664486,43.608603058239225],[-79.566199790816157,43.608587900068237],[-79.565919910684855,43.608634302123725],[-79.565784205976982,43.608662113688681],[-79.565656963457783,43.608668361815262],[-79.565546643216294,43.608640682722303],[-79.565331546171691,43.60856771425744],[-79.565050398866717,43.60847336859355],[-79.564804092063724,43.608383485203397],[-79.56466805201336,43.608248558827029],[-79.564632679039761,43.608104555986813],[-79.564610831677854,43.607947043346513],[-79.564638166025688,43.607802996042039],[-79.564732065175249,43.607640908199265],[-79.564853468834372,43.607505826964569],[-79.56490517926629,43.607348254609434],[-79.564872905298216,43.607217752205237],[-79.564705167082536,43.607105347401671],[-79.564485649935747,43.607040040043366],[-79.564226569532082,43.606988598694997],[-79.564082863163136,43.606967697006183],[-79.563949365846085,43.606948256659493],[-79.563696162091532,43.606912410298584],[-79.563428237423835,43.606872061828646],[-79.563159926109961,43.60684069637113],[-79.562909417384546,43.60678683491674],[-79.562640685358261,43.6067194807543],[-79.562516030501627,43.606672948584396],[-79.56242266083143,43.60662062928337],[-79.562265589716063,43.606503579326642],[-79.562138196204842,43.606371111577054],[-79.562027773543264,43.606213988558203],[-79.561866426470559,43.606044579039811],[-79.56169242476436,43.605952192364711],[-79.561450527983055,43.605835223023014],[-79.561238374530902,43.605755188115467],[-79.561077133883671,43.605699807550025],[-79.56103470085597,43.605681341271236],[-79.560822554707755,43.605607471566714],[-79.560601914504119,43.605524388504129],[-79.560457636404166,43.605459735596092],[-79.560219943611727,43.605293424566561],[-79.560122329309465,43.605228746642958],[-79.560020740615144,43.605190705960773],[-79.559832870928702,43.605073776814329],[-79.559781849342059,43.605050237755016],[-79.559630332973924,43.604979367592094],[-79.559524353682662,43.604909859747615],[-79.559445173073271,43.604857944675608],[-79.559301302371324,43.604776394398669],[-79.559262744397529,43.604754540910129],[-79.559097326629782,43.604628606473128],[-79.55896407530453,43.604511656641755],[-79.558816833543105,43.604363208832957],[-79.558661462936854,43.604223748433164],[-79.558545574198121,43.604075284175337],[-79.558439768373717,43.603913321492087],[-79.55833627207582,43.603769333393053],[-79.558192122355536,43.603625383899811],[-79.558015107123765,43.603490461340549],[-79.55781488074129,43.603382545549238],[-79.557604571659695,43.603261123331201],[-79.557370704543104,43.603166716855355],[-79.557124789265359,43.603049821332014],[-79.556885477773292,43.602959926299711],[-79.55667403246558,43.602838520928898],[-79.556455213673019,43.602712609086169],[-79.556311083331025,43.602568639181598],[-79.556217247300538,43.602388656626374],[-79.556149725266096,43.602213170787451],[-79.556128196334683,43.602038967540295],[-79.55615210532747,43.601855542505781],[-79.55620805348947,43.60170700928947],[-79.556256003605839,43.601575978773781],[-79.55626793829255,43.601503169267417],[-79.556251850837285,43.601412919761039],[-79.556183626474549,43.601293585232447],[-79.55614353232221,43.601241207554501],[-79.55611943184374,43.601191738478306],[-79.556099382896775,43.601156813733887],[-79.556057311981746,43.60104301117439],[-79.556009197462942,43.60089001028998],[-79.555970698766501,43.600700989914088],[-79.55593334806828,43.600507468237318],[-79.555904573193075,43.600331954230398],[-79.555875377353928,43.600156440416576],[-79.555833428069363,43.599985433539437],[-79.555771743887703,43.599836939873441],[-79.5556996832712,43.599691529719102],[-79.555691455972166,43.599674953072423],[-79.555568651211217,43.599530998768543],[-79.555383132222644,43.59942307149268],[-79.555105160153474,43.59933770112],[-79.554828757575848,43.599274850925084],[-79.554550799170173,43.599202981358722],[-79.554291779892324,43.599117599959925],[-79.55407840059631,43.598987189181649],[-79.553918026420746,43.598834240408081],[-79.553785897702781,43.598658783514672],[-79.553670779950167,43.598474308033822],[-79.553588576086838,43.598294317729433],[-79.553519530851133,43.598105319757231],[-79.553501018302711,43.597998274250578],[-79.553484510165362,43.597902785655414],[-79.55352806475905,43.59770022377436],[-79.553595630520022,43.59750667006319],[-79.553672084725136,43.597308593407618],[-79.553733853108554,43.597115024320132],[-79.553775523349188,43.596925983373836],[-79.553854309083263,43.596718922036509],[-79.553925357051469,43.596529876181407],[-79.55395421170536,43.596331848749692],[-79.553897173376185,43.596133834824926],[-79.553809559996196,43.595940362987626],[-79.553711869151854,43.595764898706513],[-79.553505080400342,43.595607479341169],[-79.553242206356273,43.595499584692583],[-79.552966984078708,43.595418708504582],[-79.55267628370639,43.595369352855364],[-79.552384048015824,43.595319970165654],[-79.552106144938378,43.595302103268665],[-79.551522882473307,43.595311387066019],[-79.551230317515532,43.595325011712475],[-79.550939269235442,43.595316158318411],[-79.550631539171604,43.595293782395849],[-79.550315730424629,43.595266917477979],[-79.550018877599257,43.595262547016397],[-79.549738252003706,43.595231182383372],[-79.549424490788368,43.595208283751155],[-79.549114722295286,43.595160394521706],[-79.549032100993216,43.595130410155747],[-79.548974257673478,43.595094411152132],[-79.54887920761756,43.595010405304151],[-79.548808937586841,43.594953402147041],[-79.548732465308106,43.594853554693394],[-79.548680075407404,43.594637542234885],[-79.548658239793227,43.594421498741077],[-79.548657689047758,43.594214465630735],[-79.548690432736635,43.59401192806444],[-79.548713498432221,43.593818369051924],[-79.548768294081981,43.593624814500323],[-79.548867228993032,43.593431250059041],[-79.548993618159855,43.593219652857641],[-79.549092923229011,43.593026088048703],[-79.549210417151372,43.59282800559167],[-79.54930894568291,43.592625439463667],[-79.549424083722883,43.592440886972739],[-79.549492072839342,43.592256336777645],[-79.549538727919,43.59206278532767],[-79.549570705737736,43.591882751398849],[-79.549589114953363,43.591693721887729],[-79.549602112040233,43.591504685714142],[-79.549593077185278,43.591315677095039],[-79.54961417614058,43.591099624026867],[-79.5496008736921,43.590901597788779],[-79.549576704661916,43.590726872021719],[-79.549547053484062,43.590617337162115],[-79.549487897789064,43.590516411458296],[-79.549431670245198,43.590421929498476],[-79.549348850375921,43.590338215731123],[-79.54920994604889,43.590273834180429],[-79.549136065546008,43.590263127220069],[-79.549048127232538,43.590280744824994],[-79.54896762242069,43.590286819311828],[-79.548905604063933,43.590288997206407],[-79.548763729364566,43.590256841596862],[-79.548657452472909,43.590216110281219],[-79.548476460009653,43.590172989179933],[-79.548220160646707,43.590038075721878],[-79.548004499977651,43.589894143172671],[-79.547781862820415,43.589759205584485],[-79.54755849246105,43.589619776137354],[-79.547329677689021,43.589484858234556],[-79.547108227063291,43.589358938294041],[-79.546882929419468,43.58923750222538],[-79.546677744255092,43.589116075503171],[-79.546480664476761,43.588985652658288],[-79.54640742054498,43.588930404457777],[-79.546507274713719,43.588821104179452],[-79.547028421326502,43.58824153009153],[-79.547860980533102,43.587315618450845],[-79.548157945094388,43.586996734005638],[-79.544651526828503,43.585277068569958],[-79.544053146374495,43.582253906148601],[-79.54404384997278,43.582206931064121],[-79.543882569841045,43.581392225062451],[-79.543406405328739,43.580996009078994],[-79.542659174330794,43.580896383009161],[-79.542899437324664,43.581101634660648],[-79.543026712881129,43.581306946380785],[-79.543076269130793,43.581466073713763],[-79.543118829931899,43.5817124639076],[-79.54305543319559,43.581922960161535],[-79.542886277632604,43.582344013446594],[-79.542667713483752,43.582801000758053],[-79.542547887100767,43.583083403456826],[-79.542293962366855,43.583483918944196],[-79.542124668832315,43.583792002635569],[-79.541898990971248,43.584202786458796],[-79.541757914154942,43.584438964520018],[-79.54161673192354,43.584541695714734],[-79.541397884535613,43.584629026371005],[-79.541103978954894,43.584637989858066],[-79.541015758171525,43.584887551151098],[-79.540934165006945,43.584977595040684],[-79.540830142469673,43.585081131076848],[-79.540740796904345,43.585171168592339],[-79.540657664404108,43.585256712096601],[-79.5405783952246,43.585342254168005],[-79.540514570708368,43.585432300444417],[-79.540436075208092,43.585508831675142],[-79.540358344281188,43.585580888853634],[-79.540267857643045,43.58568894732435],[-79.540206391100625,43.585787976053112],[-79.540106220583993,43.585878061875285],[-79.540022680533141,43.585968087778845],[-79.539962767183468,43.586076126292383],[-79.539892009753132,43.586152663437325],[-79.539799101745373,43.58617807094128],[-79.539776704270011,43.586184199730639],[-79.539673422372502,43.586233752663887],[-79.53961929822556,43.586314766593013],[-79.539544261319875,43.586400315466349],[-79.539480453628471,43.586463329751936],[-79.53943096106731,43.586526357067818],[-79.539358642126984,43.586602903416683],[-79.539263107592575,43.586665928496771],[-79.539150938233931,43.586742488391202],[-79.539033722680031,43.58681003043295],[-79.53892889985471,43.586873067403793],[-79.538817104079854,43.586954118569999],[-79.538710329959613,43.587026175465674],[-79.538622527182056,43.587098216851835],[-79.538558302502381,43.587170241218573],[-79.538444191802043,43.587215286952528],[-79.53832616486261,43.587255833154657],[-79.538220186014243,43.587314387130853],[-79.538126940145915,43.587377428491507],[-79.53802519503337,43.587453974793647],[-79.537930032108136,43.587521517360081],[-79.537821720336595,43.587593546924488],[-79.537700604751336,43.587647595690491],[-79.53757641941823,43.587724157988838],[-79.537455343637291,43.587823204779959],[-79.537340445409271,43.587899745773747],[-79.537210457963468,43.587967299104776],[-79.537109246284842,43.588028712956422],[-79.536962081641263,43.588075397192767],[-79.536833997822328,43.588097951181538],[-79.536721377183582,43.588093477679116],[-79.536608376658307,43.588116026569331],[-79.536497325733336,43.58814756718354],[-79.536382412494902,43.588161105999767],[-79.536330179101398,43.588163372975075],[-79.536301162571945,43.588161131827249],[-79.536146742331169,43.588170182214277],[-79.536008591641306,43.588174726539819],[-79.535875857004626,43.588165766809638],[-79.535783738502602,43.588152284488601],[-79.535725672748868,43.588134308730432],[-79.535662964863008,43.588098313468628],[-79.535568152158206,43.588093842275264],[-79.535500057362412,43.588120867818965],[-79.535423042739779,43.588120891707163],[-79.535353749529506,43.588089408047175],[-79.53527014603219,43.588066930220428],[-79.535165269939085,43.588048959607448],[-79.535031755527214,43.588039999136875],[-79.534902084697833,43.588017535147358],[-79.534777060457557,43.587999570327241],[-79.534671780598146,43.587968097194356],[-79.534591285837763,43.587945617927844],[-79.534492211345793,43.587959150051311],[-79.534380002367641,43.587959183849556],[-79.534257321858632,43.587968222135778],[-79.534190728728902,43.587914233311025],[-79.534155458528588,43.587824229253073],[-79.534057989269542,43.587631663086789],[-79.534031620058812,43.587601894107983],[-79.534014038461038,43.587563589124258],[-79.533984753933055,43.587546567069779],[-79.533955477795786,43.587544442422484],[-79.533940833926962,43.587555095498658],[-79.533929139747997,43.587569996386975],[-79.533929154091965,43.587595533526169],[-79.533937947247821,43.587618925711979],[-79.533955521643492,43.58764447563982],[-79.533964318410199,43.587674258859202],[-79.534002437332987,43.58776576537516],[-79.534002450512219,43.587789178169203],[-79.533987822556895,43.587806195278539],[-79.533958879640792,43.587824296814105],[-79.533904337499365,43.587882813490964],[-79.533843997151621,43.587936840129281],[-79.533767007921952,43.587981870193936],[-79.533678417528705,43.588031422357297],[-79.533577041941115,43.588071958744557],[-79.533485744104382,43.58810799136053],[-79.53337274233715,43.588130528051551],[-79.53324814927683,43.588153068002292],[-79.533111940142874,43.588175611182066],[-79.532976496244387,43.588193653249007],[-79.532840289364273,43.588220696834092],[-79.532687054646757,43.588247736125027],[-79.532527244001628,43.588274786082991],[-79.532357350388594,43.588297337941974],[-79.532187087532719,43.588324390382013],[-79.532039682204299,43.588369439083465],[-79.531895357851468,43.588409986005395],[-79.531758773199257,43.588450530595111],[-79.531633012438107,43.58846856837927],[-79.531504541897945,43.588491125504255],[-79.531376071252396,43.588513664481908],[-79.531229425674795,43.588545209740197],[-79.531109477221818,43.588572246819297],[-79.530976726899766,43.588581284323951],[-79.530836249009312,43.588590323759],[-79.530702776199973,43.58856684787073],[-79.530645109260448,43.588527256923264],[-79.530630139307704,43.588482595695112],[-79.530620155779928,43.588429489760529],[-79.530625122593477,43.588382410798474],[-79.530640045976085,43.588335320166358],[-79.530671583367408,43.588302717425513],[-79.530711418475548,43.588271309641186],[-79.530754593397447,43.588256823688248],[-79.530774542363389,43.588278529840252],[-79.530792814001131,43.588289389681925],[-79.53080942560095,43.588299043772473],[-79.53082935360716,43.588303881185553],[-79.530854267957565,43.588300237874826],[-79.530875849838964,43.588294201070525],[-79.530902419296567,43.588282122934842],[-79.53092898379802,43.588260386228328],[-79.53093892676128,43.588233820231125],[-79.530947225767378,43.588213294657294],[-79.530947214634551,43.588191565137002],[-79.530932251963151,43.588161396293756],[-79.530885722505985,43.588105878868767],[-79.530870764818133,43.588085359580539],[-79.53085080724297,43.588046739703998],[-79.530829200804419,43.588004492680028],[-79.530809258127178,43.587970697574178],[-79.530789284473869,43.587948973430763],[-79.530764620333031,43.587933002478991],[-79.530705429144021,43.587914592403088],[-79.53066886994425,43.587909768432162],[-79.530609090058533,43.587902547279029],[-79.530575864540623,43.587902556169794],[-79.530536028555829,43.587907391599266],[-79.530484554915191,43.587918270098207],[-79.530406502144913,43.58792192747373],[-79.53030021385652,43.587924359082749],[-79.530192265542127,43.587925593837163],[-79.53009760617006,43.587929255386193],[-79.530001274375536,43.587931693097154],[-79.529924879176136,43.58793171311904],[-79.529851815198654,43.587931732220106],[-79.529778738837393,43.587931751277722],[-79.529723930255528,43.587935393128973],[-79.529665805193446,43.587943851595632],[-79.529611013707807,43.587957142953378],[-79.529571156393914,43.587969233228833],[-79.529503081833752,43.587992186536198],[-79.529451616172494,43.588019960307996],[-79.529386867939635,43.588083959345553],[-79.529332096197578,43.58813829722034],[-79.529275645424477,43.588203491258554],[-79.529177726898496,43.588306123927033],[-79.529091417671196,43.588395476403953],[-79.529041618457427,43.588438948109996],[-79.528998461541718,43.588492067673577],[-79.528950329141253,43.588551237460848],[-79.528922109560781,43.588583829884726],[-79.528893894574367,43.588626089867148],[-79.528865679548474,43.588668349842287],[-79.528827505532803,43.588705778538412],[-79.528799285826764,43.588738397935487],[-79.528762771746713,43.588777041388298],[-79.528742847454097,43.588806013093027],[-79.528737880036687,43.588828950058222],[-79.528741210415944,43.588853100134273],[-79.528745849445059,43.588868743502836],[-79.528724579174735,43.588905933873896],[-79.528638725236334,43.589018473641801],[-79.528528077893597,43.589104006156703],[-79.528395353520693,43.589171550134125],[-79.528245239619807,43.589234597525248],[-79.528103241117023,43.589306644181789],[-79.527970916280736,43.58938318902355],[-79.527836661273227,43.589464234909919],[-79.527689221025128,43.589527298919663],[-79.527545673231288,43.589572340883137],[-79.527384294342767,43.589594883295121],[-79.52723256049569,43.589612922453526],[-79.527085910357329,43.589617458020221],[-79.526908262864978,43.589622000698647],[-79.526734885858787,43.589622041373808],[-79.526559552168862,43.589622082240652],[-79.52640049705073,43.589635621266602],[-79.526266601751473,43.589667157208012],[-79.526180320499321,43.589721185741865],[-79.526073506976459,43.589748214523283],[-79.525972886953596,43.589721233055229],[-79.525845543258271,43.58972576264307],[-79.525737972229479,43.589748290553679],[-79.525612958578478,43.589757320086406],[-79.525459319539976,43.589752853674959],[-79.525352901089505,43.589748376595189],[-79.525230996566023,43.589788910120504],[-79.525082400373961,43.589820447917624],[-79.525014613901206,43.589830508395444],[-79.52496087013138,43.589838477429907],[-79.524870276024956,43.589797990616908],[-79.524776607090786,43.589748502941127],[-79.524639235799469,43.589762034815124],[-79.52454328096421,43.589816064197038],[-79.524478289528858,43.589847583230224],[-79.524407445097054,43.589829595462739],[-79.52430450319595,43.58984762030736],[-79.524203494956311,43.589870136376867],[-79.524120685920494,43.58987915533492],[-79.524027038958693,43.589883675782751],[-79.523913648210296,43.589910703927572],[-79.523807627695845,43.589942231153678],[-79.523712409578337,43.589982757498042],[-79.523593236862254,43.590014287252075],[-79.52348760529101,43.590027811187241],[-79.523396656053791,43.590027829836011],[-79.523334326812474,43.589996337476116],[-79.523198106359757,43.590009867383039],[-79.523028584854444,43.590023403840242],[-79.522849410906602,43.590023439790599],[-79.522680678490801,43.590027974117532],[-79.522507308699417,43.590050512021804],[-79.522354048996419,43.590068545004435],[-79.522186480528603,43.590073078374353],[-79.522026259128381,43.590086611540009],[-79.521849020178138,43.590095647006308],[-79.521679485744755,43.590109181465351],[-79.521501478857388,43.590118216538478],[-79.521316878769753,43.590113750379118],[-79.521124922510964,43.590109285281187],[-79.520958358060909,43.590117003181113],[-79.520929874916362,43.590118322611787],[-79.520746038034375,43.590136359032314],[-79.520562225810849,43.590154395152759],[-79.52043760531437,43.590158918226784],[-79.520317220189952,43.590163440412361],[-79.520157406811407,43.59017697988768],[-79.519994090122523,43.590195011479047],[-79.519837733246959,43.590213023626703],[-79.519693007980152,43.590240053016757],[-79.519538984957876,43.590276085269196],[-79.519490356332184,43.59028896565227],[-79.519443425988925,43.590307021563142],[-79.519410317048496,43.590327082433653],[-79.519368951029108,43.590357181317344],[-79.519335850387478,43.590403328384568],[-79.519170284018173,43.5904374537823],[-79.519076454333955,43.590455517396578],[-79.519054105247037,43.590469698416747],[-79.519043359464618,43.59048157312764],[-79.519040587707764,43.59052820113105],[-79.519052989003214,43.590582207800146],[-79.519040637612449,43.590607936018564],[-79.519013904616315,43.590622720858093],[-79.518974411553359,43.590623996624736],[-79.518941294108316,43.590617989143915],[-79.518902645290595,43.590626015837692],[-79.518875044495005,43.590638055344186],[-79.51882540341515,43.590662133421638],[-79.518764706239438,43.59069624091422],[-79.518709529286681,43.590720319849609],[-79.518659857108645,43.59072434261688],[-79.518565995272766,43.590720334247436],[-79.518499767833205,43.590692269443167],[-79.51844111664019,43.590613822230878],[-79.518357112874753,43.590528321919606],[-79.518283553349477,43.590456322059566],[-79.518204199536967,43.590388823802101],[-79.518071849272744,43.590388844799669],[-79.517916647065618,43.590420374323905],[-79.517747154597373,43.590456388581572],[-79.51757648150172,43.590478927589658],[-79.517426331575109,43.590510437668044],[-79.517327638102543,43.5905419577646],[-79.517234761282552,43.59055998371678],[-79.51711864986892,43.590528496066121],[-79.517012982010883,43.590465501647778],[-79.516915313498544,43.590398617318769],[-79.516816273722071,43.590343110947884],[-79.516731387568157,43.590281427421168],[-79.516623841272008,43.59018478547118],[-79.516534537027425,43.590087510679638],[-79.516470659710137,43.589997505333336],[-79.516403078525286,43.58990307176461],[-79.516332309792048,43.589789987590756],[-79.516275684493507,43.589678926686119],[-79.516236043156781,43.589541156016288],[-79.516269973094552,43.589440379875441],[-79.516326514468417,43.589333452500263],[-79.516374598486166,43.589230621970096],[-79.516419864948901,43.589150430489717],[-79.516484913562593,43.589043501808625],[-79.516518850117095,43.588969459915582],[-79.516521661844337,43.588926279513309],[-79.516490543864634,43.588891313339879],[-79.516445263201319,43.588872803862081],[-79.516408472257538,43.588878993150345],[-79.516383017609286,43.588903669798569],[-79.516349061302677,43.588950968322109],[-79.516272687323891,43.589080528206182],[-79.516227444610465,43.589111364631101],[-79.516173687458675,43.589117547249032],[-79.516101561440962,43.589110878347924],[-79.515956025541968,43.589065882459977],[-79.515798107089751,43.589025397828742],[-79.515677700975772,43.588989399568845],[-79.51559758110794,43.588957887420477],[-79.515548298890025,43.588932510020705],[-79.515479512352698,43.588908395446275],[-79.51537568170265,43.588893440032081],[-79.515241850143752,43.588899407916713],[-79.515100989749925,43.588926421983182],[-79.514961640070226,43.58895343567827],[-79.514914473635301,43.588969545450162],[-79.51490599824966,43.589000394553281],[-79.514911681265474,43.589045635141559],[-79.514945648073706,43.589136113363857],[-79.514976775996359,43.589214277952038],[-79.51501076776502,43.589304756149019],[-79.515047568757637,43.58938699763096],[-79.515061727798653,43.589403441429717],[-79.515092825120846,43.589407550994792],[-79.515174891499512,43.589397269468101],[-79.515304686638288,43.589389969987025],[-79.515457860200016,43.589372576565914],[-79.515582358362494,43.589378734664962],[-79.515621965131018,43.589389026927456],[-79.515653116279523,43.589409572994512],[-79.515681412082117,43.589450705778312],[-79.515698416342588,43.589502110768862],[-79.515701270376027,43.589619327355713],[-79.515687140485042,43.589715986943567],[-79.515656030333304,43.589806482856531],[-79.515650393301328,43.589845549951796],[-79.515664531580882,43.589876396008528],[-79.515690001352638,43.589907231507318],[-79.515715500199988,43.589954521659365],[-79.515712673862936,43.589991545039581],[-79.515705532251445,43.590007091536691],[-79.515710985818188,43.590024544611957],[-79.515710630587762,43.590039577093464],[-79.515705283865998,43.590052017841202],[-79.51570993115962,43.590064448214328],[-79.515721529446935,43.590090226791759],[-79.515387349152718,43.590164399252636],[-79.515377511220095,43.590145191468146],[-79.515355536467027,43.59012467110086],[-79.515329350045931,43.590099956615319],[-79.515316106519208,43.590080839296476],[-79.515205285375643,43.59005059119206],[-79.514841223306547,43.590131508118418],[-79.514821719763603,43.590188237827434],[-79.51482173483933,43.590249672765424],[-79.512987612549082,43.590665754103405],[-79.511615175056065,43.590287687599769],[-79.51155009395525,43.590212054955487],[-79.511529818361637,43.590133204243308],[-79.511080539744853,43.589091131948116],[-79.511072033412475,43.589031489109949],[-79.511072021350927,43.588965688450671],[-79.511086151731718,43.588899886420144],[-79.511111614115777,43.588838187951389],[-79.511134230044163,43.588786760417904],[-79.511171023591643,43.588725069832066],[-79.51123325392787,43.588665429069856],[-79.511306804921105,43.588616084823123],[-79.511502017785602,43.588517364351951],[-79.511700057905927,43.588441263923471],[-79.512147078248105,43.588324018301762],[-79.512206503565864,43.588301391304931],[-79.51225741991712,43.588272590188502],[-79.51227439350518,43.588249967699731],[-79.512282870966146,43.588223232454411],[-79.512282876242494,43.588188279786273],[-79.512186628905852,43.588001140736303],[-79.512183787222895,43.587972354370308],[-79.512196512927574,43.587948706178068],[-79.512288467186295,43.587912717495598],[-79.512455378053104,43.587867458094834],[-79.512721356141938,43.587811934806403],[-79.512823194028414,43.587785180090997],[-79.513075012410695,43.587709080227924],[-79.513142899303787,43.587707029112373],[-79.513199506902225,43.587715240924112],[-79.513227793932373,43.587727569655442],[-79.513247599052605,43.587744022031721],[-79.513264593989035,43.587764588397945],[-79.513275905269538,43.587787198753233],[-79.513295758278105,43.587908545130404],[-79.51330707005333,43.58793322581775],[-79.513332536896144,43.587959957186875],[-79.513369322495677,43.587986678225697],[-79.513411777144,43.588001066587601],[-79.513445721433698,43.588003114933379],[-79.513533446477325,43.587996956585449],[-79.514102140440357,43.587871461507895],[-79.514257726276909,43.58780565053825],[-79.514568926144364,43.587641109617024],[-79.514628326608715,43.58762464736229],[-79.514662295997908,43.587628765679696],[-79.515055639619206,43.587782972583497],[-79.515168831776037,43.587852889965468],[-79.515202770384477,43.587881663125472],[-79.515273534775531,43.587994784042898],[-79.515310359968836,43.58802767045173],[-79.515352801157192,43.588035892094531],[-79.515454643519774,43.588029712372879],[-79.515497109501283,43.588037951961674],[-79.515726302414933,43.588111948669848],[-79.515828176102573,43.588130450613775],[-79.515944211017569,43.588173632495149],[-79.516029105788775,43.588235316628023],[-79.516088542714925,43.588262060616906],[-79.516391306068869,43.588323722614298],[-79.51649882508994,43.588334004817987],[-79.516730864080316,43.588391562433046],[-79.516860420213206,43.588423741619806],[-79.516965782518454,43.588470326587114],[-79.517027932245753,43.588497402737907],[-79.517095021140861,43.588517258946148],[-79.517159632801125,43.588535324196464],[-79.517199385471841,43.588537118514765],[-79.517231694937109,43.588537113649515],[-79.517268954326752,43.588524460977602],[-79.517293790637325,43.588504591003179],[-79.51730124053914,43.58848653294902],[-79.517301231744682,43.588455828973181],[-79.517293772025113,43.58843958246797],[-79.51727637841303,43.588416109292062],[-79.517258972428053,43.588392627113805],[-79.517209264841128,43.588352920168468],[-79.517149624470889,43.588309560099127],[-79.51709992111158,43.588284291446016],[-79.517047717796984,43.588264442022599],[-79.516965730484728,43.588240978412287],[-79.516878752563329,43.588217488475593],[-79.516779351280363,43.588185007838504],[-79.516729650671465,43.58816874048312],[-79.516667540559339,43.588148883333488],[-79.516625274752485,43.58814889848901],[-79.516545778872995,43.588132644383947],[-79.516354420657265,43.588071263959513],[-79.51611834272326,43.588000843060463],[-79.515961775068263,43.587953904410448],[-79.515849955728569,43.58792863486633],[-79.515772825220012,43.587910777635329],[-79.515666157370077,43.58783662027048],[-79.515543143360176,43.587762663060786],[-79.515411682411013,43.587682540856349],[-79.51529717894195,43.587617826732348],[-79.515148729044654,43.587540784994943],[-79.515055428444469,43.587482242817849],[-79.514974844476441,43.587417532898364],[-79.514885777905434,43.587352806023226],[-79.514788231032995,43.587297351680057],[-79.514669458123223,43.587238803476005],[-79.514580395862637,43.587189486861931],[-79.514491362956534,43.587158686180146],[-79.514351407467132,43.587121707828558],[-79.51420299563236,43.587090896357275],[-79.514029124092062,43.587063175321454],[-79.513846787312033,43.587057022548201],[-79.513639014766099,43.587050872521431],[-79.513482105606158,43.587063205131969],[-79.513265866790121,43.587075544426817],[-79.513159850538827,43.587072469177969],[-79.513151358413893,43.587029326150628],[-79.513142868982229,43.586998506122789],[-79.513108935420021,43.586986178016453],[-79.513041099762006,43.586992360777089],[-79.513019903802714,43.587013939696099],[-79.512998683723637,43.587038597113654],[-79.512998725733908,43.587118728117979],[-79.512867292535006,43.587146458485407],[-79.512710373829918,43.587174209540734],[-79.512513738835963,43.587192243156558],[-79.512383637126518,43.587192878423757],[-79.512295354617194,43.587192869949305],[-79.512240185790901,43.587192875869171],[-79.51221073922494,43.587139410338317],[-79.512192344236425,43.587112677961471],[-79.512166595049081,43.587093966666465],[-79.51211140154777,43.587093981528277],[-79.512085672265343,43.587112698289154],[-79.512082001299817,43.587147453319197],[-79.512089351709818,43.587182207184],[-79.512093037659028,43.587222308303687],[-79.512030531195563,43.587251704668859],[-79.511912832584159,43.587289154070191],[-79.511802471551846,43.587297167815379],[-79.511721571592091,43.587307869874124],[-79.511677411681475,43.587307883394637],[-79.511589149667984,43.587286486901391],[-79.511541323205776,43.587281144871618],[-79.511471442591855,43.587281160906187],[-79.511397871665451,43.587281168264568],[-79.511353736033882,43.587278481219307],[-79.511302220288997,43.587278486323711],[-79.511280165110705,43.587278488501923],[-79.511280158620679,43.587243733861328],[-79.511280155126045,43.587225019824004],[-79.511265437946747,43.587195613501514],[-79.511247047341541,43.587190268444246],[-79.511206565934344,43.587192954854928],[-79.511162444738716,43.587200979473181],[-79.51114038065316,43.587219677660144],[-79.511140393967082,43.587291869376813],[-79.511077873115141,43.587313253921884],[-79.511015338376069,43.587326636135195],[-79.510949136606769,43.587331989362355],[-79.510879243545332,43.58733197803177],[-79.510798327646285,43.587323965401296],[-79.510779923228426,43.587310599968568],[-79.510699007846284,43.587305269703108],[-79.510658549688031,43.587299926614286],[-79.510643820878968,43.587273184645717],[-79.510544514990741,43.587262491110742],[-79.510500365171353,43.587249128004515],[-79.510474618304201,43.587241110064483],[-79.510430482747566,43.587238449667176],[-79.510415767361522,43.587217063537103],[-79.510393697982025,43.587206371809749],[-79.510382661916665,43.587193005642675],[-79.510397366241222,43.587150229362607],[-79.510390007184014,43.58713151599364],[-79.510349534037644,43.587110132192613],[-79.510316430501007,43.58709675001154],[-79.510257586570035,43.58711279591035],[-79.510239201970279,43.587142205332427],[-79.510217127952941,43.587176961949119],[-79.510114148409869,43.587190347277136],[-79.509969932789531,43.587211495375364],[-79.509797823681993,43.587198386124285],[-79.509621245840776,43.587195709683776],[-79.509510923092549,43.587211768520113],[-79.509426334202473,43.587233162997514],[-79.509352781098741,43.587267923679676],[-79.509297617964222,43.587305356254141],[-79.509264521935449,43.587340104580299],[-79.509246138830491,43.5873828900123],[-79.509249823723252,43.587428338090092],[-79.509253507802498,43.587468439299769],[-79.509271903240318,43.587505865883088],[-79.509293977878087,43.587551312465592],[-79.509323406378627,43.587583391275039],[-79.509378569819717,43.587626161703639],[-79.509452161080489,43.587674277450709],[-79.50952940395814,43.587711699110777],[-79.509599288044811,43.587730398299016],[-79.509728032714307,43.587754466323034],[-79.509801606386574,43.587767827207514],[-79.50984573228142,43.587709007874146],[-79.50994505512223,43.587743744914349],[-79.510066421950057,43.587783853800985],[-79.510158403752754,43.587831958469891],[-79.510272446557209,43.58791215128948],[-79.510316576155816,43.587949593389538],[-79.510364325967373,43.588010970026119],[-79.510428817444321,43.588136723556289],[-79.51045826708382,43.588214241436525],[-79.510465642969393,43.588329198400658],[-79.510450948584079,43.588430799216155],[-79.510417875658391,43.588599228535919],[-79.510403181586014,43.588703493772229],[-79.510388477807254,43.588751616907828],[-79.510366415212943,43.588783700109268],[-79.510333314874572,43.588794396838708],[-79.51030021270094,43.588794399825836],[-79.510237660242709,43.588786367141786],[-79.510182503245886,43.588791718934097],[-79.510149402870539,43.588802415610296],[-79.510119983191387,43.588829152550382],[-79.51012366390124,43.588845192823712],[-79.510134702005473,43.588869252744487],[-79.51016413069496,43.588895984463726],[-79.510219302434081,43.588903999844916],[-79.510337013482129,43.588914700998075],[-79.510359083934333,43.588928066166226],[-79.510373801094673,43.588957472596434],[-79.51038850910399,43.589005593057315],[-79.510388519219589,43.589064408584811],[-79.510359931166036,43.589174553020825],[-79.510261683588993,43.589361144101119],[-79.51016607803794,43.589502844587386],[-79.510041053247463,43.589679302204431],[-79.509923375549107,43.58980496381978],[-79.509849828756842,43.589895875894058],[-79.509787313851419,43.589973410810877],[-79.509739507287534,43.590026874545202],[-79.509684339301458,43.59004826669279],[-79.509581357712236,43.59008035656128],[-79.509508665561015,43.590098842620733],[-79.509473955311165,43.590115300164989],[-79.50928193356269,43.590162537557127],[-79.509070155332211,43.590187182539765],[-79.508861197514108,43.590191303590764],[-79.508787761357453,43.590205666582101],[-79.508725646695254,43.590236465322079],[-79.508691769139318,43.590275471213062],[-79.508677669719546,43.590318571256809],[-79.508686163238934,43.59039041123372],[-79.508722878398956,43.590447882735475],[-79.508756767340955,43.590486883453714],[-79.508846846156828,43.59054260453243],[-79.509065902357875,43.590565091011136],[-79.50927487930619,43.590596570342569],[-79.509472278584212,43.590637060708829],[-79.509682049310541,43.590673048959118],[-79.509886002614394,43.590727040238697],[-79.510100417262095,43.590758526591337],[-79.510307468843905,43.590821518299911],[-79.510527426473558,43.590891061504607],[-79.510722281941611,43.590962884010445],[-79.510871961195789,43.591042919815344],[-79.510917154197173,43.591125017780158],[-79.51094259718127,43.591223536271585],[-79.510951084858903,43.591315899386046],[-79.510936996471415,43.59141236032216],[-79.510905941702774,43.591510893209104],[-79.510874897368012,43.591599155425698],[-79.510826905924958,43.591728465869139],[-79.510773274189461,43.591829044180486],[-79.510708334093053,43.591923466530339],[-79.510677283815141,43.591980943716102],[-79.51062930449541,43.592042527130893],[-79.510586960061062,43.592104101001752],[-79.510519191041638,43.59217184319396],[-79.510445789357519,43.592253952179277],[-79.510369563072004,43.59233194770848],[-79.51032720157562,43.592368902507602],[-79.510259437029589,43.592393536584169],[-79.510160584894194,43.592405859399932],[-79.51005610804016,43.592405877638924],[-79.509883844653316,43.592373046359505],[-79.509813250552853,43.592362781782924],[-79.509754981119826,43.592364488044296],[-79.509697641149785,43.592370046819021],[-79.509668822982533,43.592375558149122],[-79.509652142637876,43.59238658633852],[-79.509640007802801,43.59239981949824],[-79.509633941437201,43.592413043143978],[-79.509632432972595,43.592428480762848],[-79.509635470728469,43.59245052506504],[-79.509649120730174,43.592463756049497],[-79.509665805683625,43.592481388486199],[-79.509690081915181,43.592495716744061],[-79.509723448147483,43.59250783886803],[-79.50975530275133,43.592515550399391],[-79.509842095860293,43.592523932314471],[-79.509951715716667,43.592543095919304],[-79.510039686424037,43.592557418540608],[-79.510130691604914,43.592572848004032],[-79.510192877119948,43.592584967433467],[-79.510221697763129,43.592593777282445],[-79.510248981780549,43.59259708737433],[-79.51034755222868,43.59260148920707],[-79.510424908866469,43.592612499957433],[-79.510503789234264,43.592625724872768],[-79.510541699536915,43.592630132095216],[-79.510565974300604,43.592634540566117],[-79.510585692272855,43.592643351164156],[-79.510594797535759,43.592657680633181],[-79.510596323754513,43.592674216160049],[-79.510591769085295,43.592690752250377],[-79.510578110303769,43.592699574938436],[-79.510553849824674,43.592706193248162],[-79.510515927856673,43.592706196742604],[-79.510473460319332,43.592703995285099],[-79.510426447598519,43.592701794226443],[-79.510370318981558,43.592695183263977],[-79.510343034537044,43.592689676846724],[-79.510323317902134,43.592688571450132],[-79.510291476833771,43.59268857432086],[-79.510264180950955,43.592688576774762],[-79.510232328245166,43.592692990341789],[-79.510195930535389,43.592698511484016],[-79.510158009498724,43.592704023748567],[-79.510110997711649,43.59270733144902],[-79.510062462050129,43.592707335731227],[-79.510009380654083,43.592704036857832],[-79.50996842388939,43.592700736903261],[-79.509913818641991,43.59269412558384],[-79.509868315801882,43.592685308097138],[-79.509821302041729,43.592676490722113],[-79.509790971555475,43.592674287967803],[-79.50975759514823,43.59267649617717],[-79.509734845344909,43.592682016006975],[-79.509718164926227,43.592693035203972],[-79.509704520615699,43.592715639010166],[-79.509709069258946,43.59273713409241],[-79.509715140249568,43.592752562066117],[-79.509732581038293,43.592771859696619],[-79.509765204614752,43.592785629136827],[-79.509816775851448,43.592793347966328],[-79.509897155054162,43.592807671348282],[-79.50997602244658,43.592816476915345],[-79.510026082615724,43.592823088603581],[-79.510056413185268,43.592825291295462],[-79.510120257333512,43.592830452495349],[-79.510262389396985,43.592859226469599],[-79.510352949911663,43.592878580428355],[-79.510438186380512,43.592905667048917],[-79.510504772500909,43.592938570259093],[-79.510566046647654,43.592977279857926],[-79.510627311895263,43.593035351547648],[-79.510685916244114,43.593103100013451],[-79.51072055510447,43.593165044761825],[-79.51074186797797,43.593226990751901],[-79.51076053813037,43.593331522853241],[-79.510763204700297,43.593422509273147],[-79.510733942738582,43.593511572383179],[-79.510694005941303,43.593606424416365],[-79.510643412198164,43.593668377123514],[-79.510582163931289,43.59371096867347],[-79.51046498360158,43.593743888764173],[-79.510249234483709,43.593794244422405],[-79.510097437913672,43.593827149231089],[-79.510083487474716,43.59379719363433],[-79.509942537873826,43.593817117188216],[-79.509869973703957,43.593811947641704],[-79.509794559000625,43.593794374294241],[-79.509757563547836,43.593784034790801],[-79.509737646919859,43.593773702823441],[-79.509717731961473,43.59377370451795],[-79.509655127820878,43.593784043487695],[-79.509485818853562,43.593818200163632],[-79.509179921839461,43.593889561631791],[-79.509125853218805,43.593916453293417],[-79.509064674183705,43.593934019990598],[-79.509020572433215,43.593941269646521],[-79.508965076200042,43.593946440844434],[-79.508922396712222,43.593940242183862],[-79.508892509827049,43.593926796345336],[-79.508849826723889,43.593895780658684],[-79.50882136248643,43.593870974860636],[-79.508790061517288,43.59384201960475],[-79.508764445863079,43.593817204571771],[-79.508735982891764,43.593800653082369],[-79.508704684681788,43.593790303801299],[-79.508676223525413,43.593786183300331],[-79.508642078279209,43.593786167883636],[-79.508590854221296,43.593786171744263],[-79.508553861616136,43.593794446851291],[-79.508532525160334,43.593814098612683],[-79.508456503633951,43.593794040027447],[-79.508440230829123,43.593801134373159],[-79.508362423166503,43.593850630066946],[-79.508262567704122,43.593882142404588],[-79.508142213827739,43.593904663667452],[-79.508011022423361,43.593922648832347],[-79.507892203516874,43.593940650996117],[-79.507799306556379,43.593960901633523],[-79.5077184223763,43.593976650659727],[-79.507630181197982,43.593990149757303],[-79.507542696025567,43.594008149462084],[-79.507419656431779,43.594049735212828],[-79.507379599278622,43.594117338697274],[-79.507248149814956,43.59415794364714],[-79.507146286271421,43.594184216291403],[-79.507032901099109,43.594180631744074],[-79.506945834355861,43.594179439874083],[-79.506847250776701,43.594188987358166],[-79.506745360902158,43.594203314722364],[-79.506650082734851,43.594200907915557],[-79.506538355473936,43.594181822284192],[-79.506459460670868,43.594160313303107],[-79.506378967881631,43.594135230780957],[-79.506328024503915,43.594098219648636],[-79.506293529193329,43.594068372743571],[-79.506282022176237,43.594055240260388],[-79.5062688792312,43.594031360133989],[-79.506280366653598,43.593975235460093],[-79.506295147455077,43.593909542061212],[-79.506305003383943,43.593885660669642],[-79.506314857806572,43.593847448967757],[-79.506323943758076,43.593803575394752],[-79.506309249142305,43.593745300814234],[-79.506297862011152,43.59369360610966],[-79.506286477266357,43.59366464906855],[-79.506267983065825,43.593630525583308],[-79.50624662840346,43.593600524915757],[-79.506221026068346,43.593573638977375],[-79.506186877979061,43.593544692163597],[-79.506152730553467,43.593521938337865],[-79.506108626241286,43.593504342865828],[-79.506050279776858,43.593490915803258],[-79.506004727619498,43.593484698202076],[-79.505950667479752,43.593482639696347],[-79.50588949893276,43.593485721360146],[-79.505836851770297,43.593495040562189],[-79.505798434803722,43.593504332014774],[-79.505768563783647,43.593517781693961],[-79.505730122809808,43.593535372462753],[-79.505697403626911,43.593552953932125],[-79.505656152401585,43.593582930812644],[-79.505602084596191,43.593632567475936],[-79.505525229989871,43.593698758885026],[-79.505441304633464,43.593778371741564],[-79.505367322971239,43.593844562906014],[-79.505347409455027,43.593861117506961],[-79.505313241036632,43.593879734099971],[-79.505236419546449,43.593906624977365],[-79.505169555404891,43.593932480186389],[-79.505129715106008,43.593957298980023],[-79.505095572470708,43.593989363673508],[-79.50507707158782,43.594016251829039],[-79.505065680013416,43.5940472713324],[-79.505050016557462,43.594089659854951],[-79.505045758454088,43.594117582541728],[-79.505048596865663,43.594144469748258],[-79.505034392994446,43.594165155707152],[-79.504995071671189,43.594178056510025],[-79.504964979523621,43.594219662523301],[-79.504860105381738,43.594246671379935],[-79.50470876112162,43.594255688165042],[-79.504546975899132,43.594260177436212],[-79.504380546270099,43.594264693660783],[-79.504211799672717,43.594255680549104],[-79.504143682044884,43.594255692039731],[-79.504120435048975,43.594251192154942],[-79.50402213482495,43.594246676927625],[-79.503914147197648,43.594206183151861],[-79.503731840636462,43.594219673420348],[-79.503564657431056,43.594255684555606],[-79.503378487019276,43.594278202835298],[-79.503265078534682,43.594300709755387],[-79.503212838946055,43.594309712685337],[-79.503154778609925,43.594323216477136],[-79.5030158196152,43.594345705849101],[-79.502855199284397,43.594372714322937],[-79.502669710038717,43.594409111666543],[-79.502508420388565,43.59443124088272],[-79.502320305796729,43.594485253553671],[-79.502203813959184,43.594543765281159],[-79.502093873142698,43.594588774595316],[-79.501967299264734,43.594642776538791],[-79.501918936153785,43.594665289985755],[-79.501835337636152,43.59469678742969],[-79.501711871712061,43.594741796591606],[-79.501605422656056,43.594782304657556],[-79.501546606012923,43.594795807642129],[-79.501436267709082,43.594831814878177],[-79.501314361250905,43.594854328968907],[-79.50127720609801,43.594867831563633],[-79.501182868970147,43.594895989111244],[-79.500918001539247,43.594993846296369],[-79.500863830008015,43.595079360482117],[-79.500713660615133,43.595169385006223],[-79.500597128790105,43.595232404815491],[-79.500475221635369,43.595308917698901],[-79.500436394202268,43.595349379363974],[-79.500388909481714,43.595398923506629],[-79.500438835371924,43.595524952601139],[-79.500477527923536,43.595641971269245],[-79.500481789402983,43.59575899007212],[-79.500423343622316,43.595844522058506],[-79.500370297916632,43.595966032781455],[-79.500352872563141,43.596114565717031],[-79.500306787158479,43.596249587554844],[-79.500236760435897,43.59638010869962],[-79.500163587448469,43.596492644912985],[-79.500095071166598,43.59662315696179],[-79.500002167469077,43.596762697420012],[-79.499929773845039,43.596897710086509],[-79.49990503982329,43.596928197965681],[-79.499834937252004,43.597014746786755],[-79.499793507025046,43.597140757956041],[-79.499732346239171,43.597280298235262],[-79.499652978284189,43.597410809975123],[-79.499562004652987,43.597532329169624],[-79.499442394828648,43.59765834887542],[-79.499307711411831,43.597752881310171],[-79.499152876383945,43.597815890378939],[-79.498987588502459,43.597815889034706],[-79.498873404072285,43.597824889410902],[-79.49886022443917,43.597887899390692],[-79.498752244473692,43.597928404762335],[-79.498581146931969,43.597946405655357],[-79.498478581872533,43.597883394226692],[-79.498393023386711,43.597793378612366],[-79.498321432881951,43.597824882639117],[-79.498350449633165,43.597937401115274],[-79.498362832238939,43.598054420066852],[-79.498288130401761,43.598162436300022],[-79.498209538874505,43.598279453865167],[-79.498121287042181,43.59836496616326],[-79.498064063356509,43.598395651129515],[-79.497995481558647,43.598432456849913],[-79.497863086019876,43.598513467442203],[-79.497839091155612,43.59860798214509],[-79.497899084618012,43.598720501301649],[-79.497938170338742,43.598846522213506],[-79.497964845459805,43.598972542888973],[-79.497991953753754,43.599112065726601],[-79.4979795647223,43.599202079931189],[-79.498057742642899,43.599287594986478],[-79.4981339880012,43.599391112839385],[-79.498185857509739,43.599503631697097],[-79.498183908560208,43.599647654732152],[-79.49815563928874,43.599782675900663],[-79.498078605195161,43.59992669769089],[-79.498005422995689,43.600066227773866],[-79.497915221604487,43.600210231213445],[-79.497791329609967,43.600340758776035],[-79.49767791606223,43.600466758690267],[-79.497579204606396,43.600592767802887],[-79.497481620271401,43.60070978441393],[-79.497397031186807,43.600772864609269],[-79.497360874223943,43.600799805089387],[-79.497223456158181,43.600880805789757],[-79.497104579083668,43.600984310393414],[-79.496974157453266,43.601087823568051],[-79.496883444685466,43.60122303174829],[-79.496773992229407,43.601330865950608],[-79.496653986077177,43.601438879766455],[-79.49653745984925,43.601551394278992],[-79.496402750815179,43.601645896221747],[-79.496291252663809,43.601758410637323],[-79.496133701060558,43.60186642267476],[-79.495951761172847,43.601951948040266],[-79.495736515058567,43.602010440560143],[-79.495534051857533,43.602064441456804],[-79.495319585642505,43.602118459506514],[-79.495130277414816,43.6021589580686],[-79.49493325204925,43.602199446973728],[-79.494757099505961,43.602221942624709],[-79.494559693345593,43.602221951404118],[-79.494421874910515,43.602136422104955],[-79.494258548957731,43.602091406831192],[-79.494069640010707,43.602095915909672],[-79.49385788962924,43.602104906167028],[-79.493668584711699,43.602104895839787],[-79.493464971283117,43.602122896258749],[-79.493259421573867,43.602064374979598],[-79.493068971025636,43.602010372968437],[-79.492902518650396,43.602019355192226],[-79.492731032922819,43.602064351606032],[-79.492590485436779,43.602136363085819],[-79.492521842200858,43.602207929046045],[-79.492505434505617,43.602270478960186],[-79.492513618964537,43.602395599474384],[-79.492534782379991,43.60253979487841],[-79.492498288326814,43.602661761958743],[-79.49243990261391,43.602717431998677],[-79.492246284338833,43.602820449474002],[-79.492206779596401,43.602941975180663],[-79.492082908589651,43.60305896733734],[-79.491808821908577,43.60326597205335],[-79.491685716211222,43.603391983266313],[-79.491541702133418,43.603509000364951],[-79.491376383882539,43.603612495519045],[-79.491272265799864,43.603738498708374],[-79.491204117799882,43.603873524010922],[-79.490953243361616,43.60412552660047],[-79.490804975293315,43.604256035569165],[-79.490699270743136,43.604373054663633],[-79.490578482483585,43.604463059112824],[-79.490505296212916,43.604562050827127],[-79.490446833044373,43.604692566744461],[-79.4901897678903,43.604962596975383],[-79.490015564665413,43.605048095507918],[-79.489880824477169,43.605147099422794],[-79.489758873033168,43.605286610770278],[-79.489672125003779,43.605430625886079],[-79.48957420011692,43.605520622319183],[-79.489464248567259,43.605529622672869],[-79.489400742926293,43.605646626418746],[-79.489314791097883,43.605763637032673],[-79.489351560509363,43.60581313933686],[-79.489356960311014,43.605889652009111],[-79.489209033069343,43.606218190387246],[-79.48911959186654,43.606375706952285],[-79.488999952650474,43.606515217680112],[-79.488918260129537,43.606632228387788],[-79.488804815537321,43.606695227347835],[-79.488680932191315,43.606735721585828],[-79.488543130151342,43.606749210004502],[-79.488466868220726,43.606834715923505],[-79.488418475897703,43.606803206025781],[-79.488398715363147,43.606879716178334],[-79.488190006519474,43.607208246996557],[-79.488114509771762,43.607302763183476],[-79.487993724183568,43.607392764855632],[-79.487954031003397,43.607469524868335],[-79.487943889670333,43.607572437137712],[-79.487911608451569,43.607689803360095],[-79.487829524897577,43.607761797079618],[-79.487802399488587,43.607865301616116],[-79.487751287480322,43.607986815434948],[-79.487654490661086,43.608099322875916],[-79.487563107914596,43.608207330107817],[-79.487431463936673,43.608256823564439],[-79.487298687706371,43.608328829314182],[-79.487203817242005,43.60846384014976],[-79.487134901061694,43.608589843398256],[-79.487159279499295,43.608711365407174],[-79.4871561653257,43.608733868625229],[-79.487143772465373,43.608814880075933],[-79.487100002507731,43.608945395835519],[-79.487047335795609,43.609084929997159],[-79.487007812611566,43.609224447622708],[-79.486973362306429,43.609334684170015],[-79.486947846987334,43.60937254125821],[-79.486909015093048,43.609407174305829],[-79.486795936984848,43.609460332725014],[-79.486719431164076,43.60950141537262],[-79.486652882646027,43.609554588046599],[-79.486606307322504,43.609591641469528],[-79.48656858823442,43.609634330806571],[-79.486535326502931,43.609687498315353],[-79.486520906984083,43.609741478165397],[-79.486535305820979,43.609835742789677],[-79.486529733261207,43.609881667405396],[-79.486505347963273,43.609960616030499],[-79.486518632963922,43.610050046756527],[-79.486532798732782,43.610134274759773],[-79.486524801465009,43.610164851657771],[-79.486497097706987,43.61018070889957],[-79.486474718296563,43.610208187604123],[-79.486505592191449,43.610253486422025],[-79.486509329220468,43.610272452864926],[-79.486533311004663,43.610281340098602],[-79.486553008074111,43.610282890662162],[-79.486583895917633,43.610265872597026],[-79.486627245152704,43.610310299706747],[-79.48666493799621,43.610332051551516],[-79.486684903349385,43.610353000193655],[-79.48673632819272,43.610405268442356],[-79.486791099375509,43.610451155044224],[-79.486795726565376,43.61047881695594],[-79.486766012159364,43.610567873612176],[-79.486742788142976,43.610661656759767],[-79.48673137467371,43.610735125058611],[-79.486719859714455,43.610762992130113],[-79.486708346276885,43.610783901099843],[-79.486696833751921,43.610800633407763],[-79.486677654635784,43.610808993497145],[-79.486650795621074,43.610813158023262],[-79.486629697523497,43.610815945999121],[-79.486606679835901,43.610815952306254],[-79.486581741945088,43.610815949381958],[-79.486543387083614,43.610817340094435],[-79.486510768057414,43.610818740472411],[-79.486462824867218,43.610818734805406],[-79.486414870544778,43.610813148234193],[-79.486386090671402,43.61082012091407],[-79.486364994135144,43.6108159327378],[-79.486334306123808,43.610824291396327],[-79.486315126633599,43.610834046645508],[-79.486290185253281,43.610849373081933],[-79.486272911346916,43.610868886095851],[-79.486269079201392,43.610886996500227],[-79.486269074444323,43.610907906806951],[-79.486269057300859,43.610928808110671],[-79.48627096131689,43.610945532984509],[-79.486276718457333,43.610960872101579],[-79.486286316974372,43.610972017015811],[-79.486305479063589,43.610984567297301],[-79.486330438329105,43.610999899708759],[-79.486391821884297,43.611005478913086],[-79.486441685434045,43.611005484837634],[-79.486503070251203,43.611005492101206],[-79.48654910577099,43.611005479524067],[-79.486568282793911,43.611006886000851],[-79.486631583196299,43.611027785724467],[-79.486654596645693,43.61104731250083],[-79.486673771841993,43.611057063279254],[-79.486689118391169,43.611069604049995],[-79.486714050557339,43.611096089137888],[-79.486744731308193,43.61112117966632],[-79.486769664437603,43.611143479080127],[-79.486779247935658,43.611167180936377],[-79.486784991314408,43.611189478125873],[-79.486788823207249,43.611228499738424],[-79.48678689780229,43.611252191261705],[-79.486783064258958,43.611277277784851],[-79.48676003110792,43.611346973138424],[-79.486737001887477,43.611398539621185],[-79.48672162446465,43.611469595068264],[-79.486708176743264,43.611497470911935],[-79.486692817484723,43.61154206217337],[-79.486690905341632,43.611561577035147],[-79.4866736455959,43.611572727787191],[-79.486652546310168,43.611579692426858],[-79.486621848343063,43.611575503177129],[-79.486604591673228,43.61157271971684],[-79.486577734171291,43.61156853090521],[-79.486539368619091,43.611560164072721],[-79.486512510191901,43.611560160907167],[-79.486471280549438,43.611562253367048],[-79.486443453153839,43.611574086941388],[-79.486420442549033,43.611596389735702],[-79.486410849707667,43.611614508459539],[-79.486407016613427,43.611636804527535],[-79.486403172697337,43.61165213349301],[-79.486401249011607,43.611667462686739],[-79.486403165788403,43.611682801338645],[-79.486407003113683,43.611696744998355],[-79.486418508360899,43.611713471008656],[-79.486437683103617,43.611726012266431],[-79.486462618555947,43.611738563204689],[-79.486483937134395,43.611748476293158],[-79.486511351491359,43.611755824691649],[-79.486544018742165,43.611762660620897],[-79.486571941843223,43.611766426498633],[-79.486670973913007,43.611777869894205],[-79.486731711339999,43.611795924811283],[-79.486751036708768,43.611799941686876],[-79.486784160810899,43.611813987739637],[-79.486795192931694,43.611842073451847],[-79.486806230871181,43.61190025991921],[-79.486808966683952,43.611966447691458],[-79.48679236598457,43.612022596645119],[-79.486778550944379,43.612086793189135],[-79.486756465510382,43.612126909969795],[-79.486731617367383,43.612167026425297],[-79.486703992794489,43.612213164503309],[-79.486676384554315,43.612241245724505],[-79.486665330276054,43.612257293970316],[-79.486640492232411,43.612251269119469],[-79.486549390089792,43.612231203269808],[-79.486480361090486,43.612227180493299],[-79.486397542563921,43.612227161667853],[-79.486331284560833,43.612241195982726],[-79.486259498876592,43.612265257178578],[-79.486231879846699,43.612285318024284],[-79.486198745522145,43.612315405781082],[-79.486176648607568,43.612349509497236],[-79.486165602428343,43.612383605545276],[-79.486165590015219,43.612437758094465],[-79.486179358932375,43.612578172928671],[-79.486176579692653,43.612650390993352],[-79.486173800906116,43.61272060174025],[-79.486171030388135,43.612754698787164],[-79.486187587811116,43.612782785221597],[-79.486226229954497,43.612830938483121],[-79.486273163037694,43.612867039824827],[-79.486300761282322,43.612885081982107],[-79.48636425789077,43.612923210589294],[-79.48639185844732,43.612931234143666],[-79.486413945970043,43.612939257036345],[-79.486441560731194,43.612939260314747],[-79.486474692128311,43.612923223707959],[-79.486516101501962,43.612897151484276],[-79.48653542989598,43.612889124495211],[-79.486549248824005,43.612865056323287],[-79.486557529484045,43.61284299481531],[-79.486552024051477,43.612808887784901],[-79.486546513387708,43.612742699689782],[-79.486546526352086,43.612684541511236],[-79.486546534177648,43.612649435970567],[-79.486549301126402,43.612630380287968],[-79.486571391237774,43.612626368251121],[-79.486607262504606,43.612656455207876],[-79.486623836496491,43.612666475729796],[-79.486645910672081,43.612678531213028],[-79.486679048953846,43.61268653734232],[-79.486720451013937,43.612692564109608],[-79.486756341384563,43.612692568272976],[-79.486819845965158,43.612694582928889],[-79.486860320167921,43.612694713607873],[-79.486906977103843,43.612691532457902],[-79.486943622110275,43.612696532437461],[-79.486969573127112,43.612712899981418],[-79.486998567822781,43.612805266861123],[-79.487013817251679,43.612868512575872],[-79.487025251305141,43.612930083590719],[-79.487027538591917,43.612951723265127],[-79.487022193149969,43.612978897946768],[-79.487011496305996,43.613003308584112],[-79.486988581632033,43.613038807580303],[-79.486967208782119,43.613048238634285],[-79.486945440443193,43.613053222937452],[-79.486915287232634,43.613047116527284],[-79.486902308129757,43.613083732818765],[-79.486874062816156,43.613077536602106],[-79.48681331232892,43.613226557122928],[-79.486846909374734,43.613234329218798],[-79.486834686523196,43.613268155148212],[-79.486862164067233,43.613273163098732],[-79.486868269157284,43.613285342721355],[-79.486869801220777,43.613304479916096],[-79.486865212545794,43.613326397846421],[-79.486860625258899,43.613341924768548],[-79.486845381301336,43.613367442040726],[-79.486831611737685,43.613392401392566],[-79.48682094133946,43.613408485700091],[-79.486802613104018,43.613431230173397],[-79.486785809913158,43.613448420944017],[-79.486757631527908,43.613475250915485],[-79.486738845449764,43.613495294899394],[-79.486725858149711,43.613511928015562],[-79.486715929208046,43.613536338712116],[-79.486689960717911,43.613597905401022],[-79.486662851640617,43.613606786642613],[-79.486637688835373,43.613610213245067],[-79.486599121884282,43.61361026273925],[-79.486544624007038,43.613604387412522],[-79.486469944141746,43.613599985905843],[-79.486403342903373,43.613591174615934],[-79.486338746707787,43.613591166915072],[-79.486292323828025,43.613597030283685],[-79.486268100013149,43.613611690688842],[-79.48624791466537,43.613627818806066],[-79.486205527545977,43.613646878705609],[-79.486165145402694,43.613674733218701],[-79.486100551711161,43.613717257089711],[-79.486023835010371,43.6137876388348],[-79.485997584156053,43.613834560020365],[-79.485973339943882,43.613882957678442],[-79.485951148182295,43.613948944355784],[-79.485939034839092,43.613988549109536],[-79.48593296325329,43.614045734376113],[-79.485934971053808,43.614095593481338],[-79.485943037810955,43.614142527870207],[-79.485948061641736,43.614168920647046],[-79.485934948495313,43.614192385732593],[-79.485932925993836,43.614205581563255],[-79.485934767279161,43.614225717962931],[-79.485947485499906,43.614302141569127],[-79.485970988584256,43.614351598247843],[-79.485922703297703,43.614531431644785],[-79.485822760504931,43.614686441712585],[-79.485804917876251,43.61474828823934],[-79.485769428530162,43.614828801507315],[-79.485751688876007,43.614873887397813],[-79.485725095441722,43.614899655138345],[-79.485702941919868,43.614906097384811],[-79.485698489010545,43.614980169490963],[-79.485698471454185,43.615054251152351],[-79.485649686528973,43.615141198727933],[-79.485578731571977,43.615250683034667],[-79.485476743334416,43.615402055950014],[-79.485388048406122,43.615553421468775],[-79.485330401067657,43.615653257795401],[-79.485312659274371,43.615704788624896],[-79.485303790638241,43.615746662072787],[-79.485303778870801,43.615794981672416],[-79.485308193278328,43.615830402811568],[-79.485325911617295,43.615875493179367],[-79.485343643935337,43.615914147533566],[-79.485206129462483,43.616384372763655],[-79.48515735938399,43.616403701481602],[-79.485113012353551,43.616423021753313],[-79.48508640637057,43.616445566830038],[-79.485064256633279,43.616484207012618],[-79.485030473360993,43.616571498314812],[-79.484993377611261,43.616626465090974],[-79.484950542991172,43.616691080615624],[-79.484930760780486,43.616724581274632],[-79.484887939418982,43.616834653919014],[-79.484930744920533,43.616887317842981],[-79.484798895207859,43.617227121767627],[-79.484716571128573,43.617253439926536],[-79.484393670374985,43.617633913049609],[-79.484413401821797,43.617703316635797],[-79.484152638777303,43.617822720533105],[-79.484077743079808,43.617818920531654],[-79.484033028081626,43.617818914295157],[-79.48400746780419,43.617818910722363],[-79.483981918375406,43.617824713056592],[-79.48396434863146,43.617828185138791],[-79.483919626823479,43.617853706863507],[-79.483799824471504,43.617917509965189],[-79.483703984859588,43.61797782381084],[-79.483668851669734,43.618006821348416],[-79.483632106813829,43.618039302190894],[-79.483608149249449,43.618068310310434],[-79.48359057309996,43.618094996976573],[-79.483565020040146,43.618113554218077],[-79.483545849355409,43.618126315463101],[-79.483545841130137,43.618156479194397],[-79.483418055471574,43.618231883563503],[-79.483331782259626,43.618284106211547],[-79.483293218989132,43.618304812831518],[-79.483138319001895,43.61839609141083],[-79.482533317035617,43.618436758968521],[-79.482263371944626,43.618536291022302],[-79.481631572095139,43.618768265644256],[-79.481603640122827,43.618702703874298],[-79.481610029835167,43.618673693353429],[-79.481598858977009,43.61865745300971],[-79.481581294519302,43.618642363815596],[-79.481552555330978,43.61862379827123],[-79.481533390452554,43.6186156669025],[-79.481488671661197,43.618626101307541],[-79.48147110011152,43.618634226735495],[-79.481389634486192,43.618678302415937],[-79.481221981226795,43.618530921894084],[-79.481236352065878,43.618496115794763],[-79.481279483297271,43.618450863767627],[-79.481392927135843,43.618326743817221],[-79.481437653574986,43.618290781445886],[-79.481490372545537,43.618251336804704],[-79.481554267524089,43.618210741761985],[-79.481669282511149,43.618131862883814],[-79.481646545833755,43.618094971448251],[-79.48155887903151,43.618040561805401],[-79.481447376883068,43.617977533877415],[-79.481372254427114,43.617905510360899],[-79.48131150438924,43.617833489144552],[-79.481231363968547,43.617842477428354],[-79.481230945093955,43.617914488660958],[-79.48123867197512,43.617968498404693],[-79.481175560199446,43.618040490328305],[-79.481050870376563,43.618112481027396],[-79.480941658125587,43.618175472758644],[-79.480835931509162,43.618224962851109],[-79.480729433670476,43.61828344512594],[-79.480631473750378,43.61833744604467],[-79.48056137066672,43.61837795850257],[-79.480457240966217,43.618314921864531],[-79.48034537802269,43.618220396862114],[-79.480217218259853,43.618139362046762],[-79.480078259300043,43.618044823086613],[-79.479936204800964,43.617945782706485],[-79.479789868397674,43.617833239272159],[-79.479661739533768,43.617738701714735],[-79.479526243711561,43.617630651572064],[-79.479386506448449,43.617536111623302],[-79.479251815358879,43.617432571004748],[-79.479129873791749,43.617329032553847],[-79.478995152558596,43.61724349445101],[-79.478874780581265,43.6171534581337],[-79.478846901017178,43.617090443081473],[-79.478951092693265,43.617000448172995],[-79.47907154242607,43.616901463732781],[-79.479212117194393,43.616824977359627],[-79.47934067673917,43.616739487227477],[-79.47944136234436,43.616644990525636],[-79.479537807339568,43.616559494389357],[-79.479671405390803,43.616482988195045],[-79.479770934803085,43.616397492408062],[-79.479865830242204,43.616311995717126],[-79.479960302673717,43.616230999579614],[-79.480060604361768,43.616168016211901],[-79.480177151088142,43.616172537187687],[-79.480280121011333,43.616208560657185],[-79.480359104247825,43.616208574254102],[-79.480426459557677,43.616190582975527],[-79.480449345933536,43.616105073445404],[-79.480459455036666,43.615992557479267],[-79.480484653011544,43.615884535793256],[-79.480526100027078,43.615794528702068],[-79.480547813471233,43.615695507820895],[-79.480529631515751,43.6156009898557],[-79.480467320826321,43.615537969312236],[-79.480370532773165,43.615506447776944],[-79.480245878163487,43.615483931765652],[-79.480127790018031,43.615461407758538],[-79.480104583680202,43.615389401391361],[-79.480105379492599,43.615267882404439],[-79.480118988815846,43.615137355225542],[-79.480173231963008,43.615015836513585],[-79.48019805483267,43.614880819556433],[-79.480252286670449,43.614754809092112],[-79.480286390237509,43.614615293003439],[-79.480327874658798,43.614484779589496],[-79.480353083957596,43.614340761234331],[-79.480377519157258,43.614214745574046],[-79.480423616937017,43.614106736454552],[-79.480522723808633,43.614048244161182],[-79.480679549154019,43.614034768644188],[-79.480838677366123,43.614025803008836],[-79.481015987036358,43.614034834008692],[-79.481156908617876,43.614048359451019],[-79.481300547661846,43.614048365033227],[-79.481467014253411,43.614066394978131],[-79.481614144315358,43.614075420153718],[-79.481777893787097,43.614106951336801],[-79.481931607995449,43.614097974315776],[-79.482026465274089,43.614034988339007],[-79.482170111837888,43.61396750019167],[-79.482335035102352,43.613967525794479],[-79.482527069555687,43.61395405317797],[-79.4827009116201,43.613958580325196],[-79.482841056321945,43.614003608540031],[-79.482827844891276,43.614107122871559],[-79.482831318129939,43.614179134741846],[-79.48294862935127,43.614183644007092],[-79.483055480140251,43.614246660822033],[-79.483082941328547,43.614354681908935],[-79.483094133114491,43.6144717020005],[-79.483095263656764,43.614593221310173],[-79.483101416879052,43.614696738524408],[-79.4831466942601,43.614759755131743],[-79.483244266837417,43.614777772309417],[-79.483324411594211,43.614737277648615],[-79.483375555574995,43.614642770211304],[-79.483427474940868,43.614521258608072],[-79.483460017457389,43.614399744176865],[-79.483483640900062,43.614273727736418],[-79.48353557211972,43.61415221607794],[-79.483617680486532,43.614039710140354],[-79.48367423357071,43.61391369836663],[-79.483733483585553,43.613801198075997],[-79.483823725857505,43.613706704980551],[-79.483917069895497,43.6135942004084],[-79.483995681911637,43.613486185404753],[-79.484074686527336,43.613391681530786],[-79.484144373237882,43.613301677018669],[-79.484177710671844,43.613211667437632],[-79.484128947985837,43.613117163769942],[-79.484029851136754,43.613063132446719],[-79.483883125631777,43.613031615886172],[-79.483727892770105,43.612986586794534],[-79.483573819656115,43.612914544395473],[-79.483426741626928,43.612815507541619],[-79.483340012459209,43.612707486887864],[-79.48329090094218,43.61258146882853],[-79.483197633599175,43.612464427682468],[-79.483071827485801,43.612369894199325],[-79.482921625482504,43.612329365463268],[-79.482789209144755,43.612392355554917],[-79.482698574130836,43.612518370773081],[-79.482668317853992,43.612657888216184],[-79.482688446802428,43.612797395285831],[-79.482706609879514,43.612923417923248],[-79.482619452580522,43.613058426011825],[-79.482443279976437,43.613152923005991],[-79.48226208089045,43.613233907815911],[-79.482037111216684,43.613314885468391],[-79.481790852482092,43.613368855028725],[-79.481543859604585,43.6133913189705],[-79.481288338759768,43.613427274111196],[-79.48104171995297,43.613440735609387],[-79.480801306971372,43.613418191939125],[-79.480575995498938,43.613359644650878],[-79.480426210334642,43.613215614387414],[-79.480291134435134,43.613062567037737],[-79.480220345852956,43.612869015271322],[-79.480128631553256,43.612679969530987],[-79.480041230606204,43.612486423753339],[-79.479956891722921,43.612288395731277],[-79.479796278127068,43.612121841159272],[-79.479603128472249,43.612004779375972],[-79.479436691126466,43.611919236050653],[-79.479235374069745,43.611923700373254],[-79.479063476799382,43.611973176843136],[-79.478929477390437,43.612090170709259],[-79.47888414479489,43.612238685803078],[-79.47890577155728,43.612391713960363],[-79.479004458312531,43.612504249892602],[-79.479078360051957,43.61263929375815],[-79.479139473749328,43.612783327659287],[-79.479228479694797,43.612913864464602],[-79.479277994919386,43.613030891915876],[-79.479224126527257,43.613143390890585],[-79.479173763956595,43.613291914158971],[-79.479080027395895,43.613440420471044],[-79.479012596761379,43.613611435083243],[-79.478924260922227,43.613759942250574],[-79.478834022808797,43.613926451831453],[-79.478741052549537,43.614074957990873],[-79.478617872375054,43.614236960552155],[-79.478488931026675,43.614362956219423],[-79.47830847120602,43.614430432757487],[-79.478278659645412,43.614439419513829],[-79.478185766320181,43.614403396153705],[-79.478006138313177,43.614362855355161],[-79.477803277593026,43.614331329186719],[-79.477593845144895,43.614281780530824],[-79.477458351320195,43.61423223709231],[-79.47728455958395,43.614191696309447],[-79.477147864142694,43.61424117686817],[-79.47700767512093,43.614322179527349],[-79.476923628565572,43.614448182447575],[-79.477045139301609,43.614551705214623],[-79.477206557787028,43.61465075310835],[-79.477295179394503,43.614745285629041],[-79.47742019354385,43.614826332148397],[-79.477504985842273,43.614958444664396],[-79.477548526908279,43.615111063250097],[-79.477502643025105,43.615260882814376],[-79.477349799034911,43.61554939304213],[-79.477189332167583,43.615810159166337],[-79.477036497957769,43.616065372713358],[-79.476746147375508,43.616426000731167],[-79.476494001983397,43.616725606260694],[-79.476341183422491,43.61686428653244],[-79.476241878129656,43.616964145629808],[-79.476173107307147,43.617047367392857],[-79.476043209558426,43.617213812393203],[-79.475913311089371,43.617380266242364],[-79.475760512084236,43.617524499597991],[-79.475638280153078,43.617602155811355],[-79.475554259235409,43.617646532844901],[-79.47546260043994,43.617674255563273],[-79.475386217144091,43.617674257146014],[-79.475317418488487,43.617669210522855],[-79.475248421782226,43.617633532006927],[-79.475200655202599,43.61761268338384],[-79.475165633955626,43.617601108965623],[-79.475121046834644,43.617591845818453],[-79.475060538822845,43.617582579181828],[-79.475003207343534,43.61759182011312],[-79.474961815772502,43.617614953688239],[-79.474939513996901,43.617645040525424],[-79.474926752374046,43.61767511144803],[-79.474920372460801,43.617702879407553],[-79.474920358034595,43.617737588852542],[-79.474933078450007,43.617776927816543],[-79.474987199078754,43.617832451383151],[-79.475057236959728,43.617897249852568],[-79.475127278805417,43.617952794827133],[-79.47519414513576,43.617987518802224],[-79.475289659832185,43.61801530884491],[-79.475350173139105,43.618043091266038],[-79.475452066916432,43.618075509273957],[-79.47555715741278,43.6181079008702],[-79.475684496584918,43.618149577559983],[-79.475773678651436,43.618181992576247],[-79.475824619560754,43.618198205901912],[-79.475872394226812,43.618200529357715],[-79.475910619026223,43.618195910692869],[-79.47596475802392,43.618177415184604],[-79.475999790803868,43.61816122000269],[-79.476031657257764,43.618131143968505],[-79.476047590252122,43.618101055586656],[-79.476063521388056,43.618075611930756],[-79.47606353515684,43.618040902487557],[-79.47606992375421,43.617990000837672],[-79.476101770800213,43.617946044600849],[-79.476203728307269,43.617848886618347],[-79.476439444944859,43.617691608747009],[-79.476493600227286,43.617661537172921],[-79.476544579365253,43.617610644653013],[-79.476617826481416,43.617550503213799],[-79.476732528899376,43.617460287448594],[-79.476910878970827,43.617397835796936],[-79.477101970801442,43.617386307415188],[-79.477273966255169,43.617351632285377],[-79.477303138794611,43.617365860314202],[-79.47739760839913,43.617405233210313],[-79.477499792138502,43.617490766794035],[-79.477591145114047,43.617549293923183],[-79.477752582468682,43.617621336758567],[-79.477927524344977,43.617729387624927],[-79.478128838998472,43.61781944044457],[-79.478337510608,43.617918495715216],[-79.478512090278031,43.618040047731412],[-79.47865685411648,43.618179596740276],[-79.478734632153248,43.618337135945659],[-79.478780264885941,43.618476666308204],[-79.478840237819355,43.618602697187001],[-79.478770139009342,43.618697199011045],[-79.478607472264088,43.618796184211654],[-79.478439402910837,43.618895168160314],[-79.478373551323727,43.618994171242676],[-79.478324346990576,43.619106679559053],[-79.47811879862391,43.619096270776453],[-79.478124259179722,43.618969189903304],[-79.478037282062857,43.618897404976984],[-79.47796389176429,43.618840105873872],[-79.477857920802734,43.618701526674826],[-79.477815353675183,43.618552995133015],[-79.477677194750399,43.618413437356203],[-79.477478208102596,43.618323384209255],[-79.477271063730655,43.618314341801231],[-79.47706663194306,43.61837281015152],[-79.47686254149464,43.6184447983252],[-79.476665052902547,43.618552775125004],[-79.476532590262153,43.618714764415216],[-79.476479464174091,43.618899282426682],[-79.476514272175493,43.619079317800818],[-79.476634613099051,43.619250369261749],[-79.476778980739837,43.619385428834157],[-79.476969826049654,43.619484482951769],[-79.477129314500516,43.619610516707219],[-79.47734533920584,43.61967356958943],[-79.477579168467571,43.619705129623306],[-79.477833549281669,43.619714180639669],[-79.478077083106783,43.619772736763849],[-79.478333775333709,43.61986730050134],[-79.478537014602011,43.620002359980006],[-79.478771616576424,43.620096918581169],[-79.478982628221104,43.620155466728662],[-79.479118486503594,43.620268009237073],[-79.479224543327646,43.620353541943693],[-79.479338777870638,43.620295053489215],[-79.479462696988108,43.620286074409151],[-79.479560256054583,43.620367104572786],[-79.479446391893347,43.62046609965315],[-79.479524194621575,43.620529123474419],[-79.479681370589944,43.620592161376869],[-79.479795154723718,43.620731703371611],[-79.479939172166368,43.620871250558992],[-79.48011724830485,43.620983799266909],[-79.480260896376748,43.621044547656503],[-79.480330187007723,43.621073850179968],[-79.480385052577262,43.621072878453447],[-79.480333824160354,43.621319301183291],[-79.480318336345817,43.621394019198846],[-79.480218841700605,43.621388484163781],[-79.480132692814848,43.621379683851423],[-79.479933202216216,43.621274242530241],[-79.479899957592053,43.621276433033323],[-79.479880297056695,43.621266546029666],[-79.479881814564621,43.621248975549634],[-79.479850078009818,43.621224819184292],[-79.479776046024469,43.621183084588246],[-79.479726182916167,43.621156737638074],[-79.479665725577476,43.62113146895102],[-79.479620394904501,43.621112791959831],[-79.479606795294458,43.621097415130528],[-79.479532747517922,43.621066662090506],[-79.479464730264723,43.621046882801721],[-79.479412297693813,43.621034820486422],[-79.479355397603555,43.621043082518931],[-79.479308439866813,43.621036268965227],[-79.479253419677804,43.621018508217588],[-79.479205573853662,43.621000091645911],[-79.479162658949065,43.620983215193689],[-79.479132405217911,43.620971966917011],[-79.479103551628015,43.620960709886837],[-79.479078228629902,43.620951505816521],[-79.479036006775118,43.620937185843303],[-79.479016308196535,43.620930530188907],[-79.479000116483405,43.62092286701769],[-79.478979700155463,43.620913654825294],[-79.478963483224859,43.620907269844146],[-79.478668801693274,43.620797722112599],[-79.478597802063206,43.620769093366413],[-79.478569295196962,43.620758979444744],[-79.478531843373403,43.620746208421131],[-79.478515281618556,43.620734161425737],[-79.478479155940732,43.62072043648476],[-79.478421151331617,43.620699470272434],[-79.478394306143599,43.620685738054533],[-79.478378399571554,43.620678029841777],[-79.478363818606709,43.620670807953722],[-79.47834724209612,43.620665502985801],[-79.478292234769768,43.620648155841664],[-79.478252466493629,43.620634187099085],[-79.47822256022134,43.620622434568183],[-79.478171592882049,43.620603341862157],[-79.478117244102066,43.620581179005882],[-79.478072174036726,43.620563833657307],[-79.478031737839871,43.620546966256114],[-79.478004569866741,43.620535403223755],[-79.47796544691731,43.620519013126341],[-79.47792833123205,43.620502632404452],[-79.477901819990265,43.620491069474369],[-79.477870340028304,43.620479991652466],[-79.477848336891299,43.62047393844454],[-79.477816071428222,43.620476254551392],[-79.477792215677411,43.620487726715588],[-79.477773266240604,43.620499955947125],[-79.477762036778458,43.620510134356316],[-79.47775875933597,43.62052742542442],[-79.477776759414596,43.620536097281288],[-79.477808785560214,43.620544474812363],[-79.477840811718039,43.620552843333023],[-79.477857016562723,43.620557815250358],[-79.477881843704537,43.620566713447992],[-79.47790451539791,43.620574306019428],[-79.477923656145279,43.620581024767944],[-79.477959794753346,43.62059269756616],[-79.477994261228787,43.620602830790268],[-79.478011493511318,43.620610530310167],[-79.478039330252429,43.620623056619905],[-79.478057899829622,43.620633186769894],[-79.478095669176653,43.620658235930762],[-79.478126155067898,43.620677504781582],[-79.478140735131916,43.62068713907717],[-79.478165268740909,43.620685694538892],[-79.478182502807073,43.620688587281258],[-79.478222942269696,43.620696786273221],[-79.478243483721869,43.620702092013772],[-79.478269995037607,43.620713888900831],[-79.478293194990457,43.620734362510468],[-79.478305791407834,43.620747371936297],[-79.478318375268742,43.620760858432952],[-79.478339738939141,43.620753859387193],[-79.478372088133995,43.620760274514367],[-79.478418311647147,43.620775099567602],[-79.478461820963631,43.620791904400555],[-79.47849037747271,43.620801784321692],[-79.478532524930088,43.620815627408184],[-79.478590988913396,43.620834406307459],[-79.478624970742842,43.620849228983758],[-79.478667116520171,43.620868004791731],[-79.478713338444862,43.620887771498055],[-79.478733742447105,43.620896659685108],[-79.478750057938655,43.620904565955101],[-79.47876228387473,43.620914451772855],[-79.478777236420385,43.620922357785759],[-79.478829518517102,43.620938876061551],[-79.478873796409744,43.620955302820427],[-79.478900532877802,43.620961698757668],[-79.478934306890949,43.620968861105332],[-79.478994122907295,43.62098421051072],[-79.479015927712183,43.620991370634336],[-79.479057244620932,43.621007049661621],[-79.479088365342264,43.621019306274384],[-79.4791288146818,43.621035768239508],[-79.47915626815859,43.621047097019144],[-79.479185950312683,43.621063142935569],[-79.479205495448994,43.621083777718674],[-79.479203308104175,43.621102959320339],[-79.479140500970828,43.621137414266961],[-79.479117818305255,43.621160462730536],[-79.479104208163264,43.621175834647588],[-79.479110237036608,43.621191210153313],[-79.479125360199319,43.621207685491321],[-79.479134410861093,43.621227445232819],[-79.4791540577326,43.621240626877395],[-79.479179754618158,43.62124392607533],[-79.479200904927495,43.621245028096986],[-79.479237186758724,43.621238445662051],[-79.479281015563643,43.621228570068503],[-79.479317311269554,43.621217603925238],[-79.479352068284854,43.621213208519919],[-79.479368703165761,43.621193453433932],[-79.47936719752731,43.621175882414896],[-79.479406500343046,43.6211758895016],[-79.479417060488473,43.621202247524337],[-79.479433679632152,43.621228588633358],[-79.479445767579136,43.6212439652111],[-79.479451808185814,43.621261546045531],[-79.479465409288366,43.62127253020634],[-79.479510757091717,43.62127746211263],[-79.479515285890614,43.621295573755646],[-79.479487331077465,43.621300519517106],[-79.479462386801472,43.621306545981476],[-79.479462380817353,43.621324125728719],[-79.479468420695611,43.621343884902416],[-79.479471438022188,43.621361447189685],[-79.47946085010696,43.621380114206325],[-79.479447252393371,43.621395486165873],[-79.479460096016638,43.621411411963336],[-79.479489558799656,43.621417457197246],[-79.479513743753131,43.621421854220394],[-79.479533393009035,43.621428437768415],[-79.479560590374021,43.621428442634283],[-79.479584776080259,43.621430643299213],[-79.479607454957318,43.621418576460066],[-79.479639198925796,43.621420778461484],[-79.479658836171652,43.62142627281554],[-79.479686795655255,43.621444388617959],[-79.479702660443266,43.621466903954754],[-79.479725338944391,43.621455926262477],[-79.479746493761809,43.621443850124095],[-79.479772195184495,43.62143397112964],[-79.479797142240187,43.621419708310825],[-79.47984172067703,43.621428492551964],[-79.479868926402091,43.621440577234225],[-79.479902933482308,43.621455957620761],[-79.479914263208215,43.621479021216629],[-79.479911232589515,43.621500975115694],[-79.479927846576174,43.621506468892171],[-79.479952788884447,43.621506473268767],[-79.479967144502567,43.621521850188294],[-79.479945978588887,43.62153008276465],[-79.479938413920493,43.621549299441092],[-79.479940673375168,43.621573450612132],[-79.479928572632019,43.621595961006641],[-79.479912708782081,43.621607489022402],[-79.479892302865764,43.621603101749962],[-79.47988247306732,43.621615170907056],[-79.479865839154471,43.621632180637455],[-79.479838628756482,43.621633823099344],[-79.479815966273577,43.621633819100374],[-79.479784221082667,43.621634911662774],[-79.479734344693043,43.621646982719859],[-79.479685967551703,43.621659054021578],[-79.479651195693918,43.621670029553691],[-79.479614924183664,43.621682102979435],[-79.479581654170289,43.621685391556902],[-79.479542361923805,43.621689777218741],[-79.4795060813465,43.621691967063825],[-79.479413135938941,43.621664775117246],[-79.479349586365444,43.621658750715923],[-79.479087487195898,43.621586709819773],[-79.478831926167189,43.621528153640163],[-79.478557818092582,43.621501089334402],[-79.478298382858171,43.621537046007489],[-79.478043186547666,43.621568502202408],[-79.477780665445678,43.621604466108856],[-79.477543318812835,43.62158192521624],[-79.477419080617494,43.621442378936699],[-79.477291365794983,43.621257824791783],[-79.477149324899912,43.621082260041788],[-79.477058397728769,43.620933718603659],[-79.47704951211621,43.620807697109207],[-79.477161069412034,43.620726715779078],[-79.477147434514876,43.620610108811853],[-79.477177620406394,43.620569950557822],[-79.477209844782465,43.620479789877706],[-79.477222718880327,43.620445731113421],[-79.47724249642765,43.620406326885217],[-79.477272830619157,43.620399644873075],[-79.477303632113745,43.620402333412095],[-79.477328446049825,43.620413014006452],[-79.477363367795931,43.620431050748117],[-79.477403355732065,43.620453103108829],[-79.477433224986854,43.620463793680848],[-79.477467229903738,43.62048183020967],[-79.477513188847396,43.620507214229619],[-79.477548123090315,43.620525259918438],[-79.477593155052716,43.620544630783172],[-79.477629007967892,43.620557995894821],[-79.477660315453463,43.620566391329632],[-79.47768722736329,43.62056663062198],[-79.4777091732781,43.620559928853943],[-79.477723823331488,43.62054753677014],[-79.47772910654038,43.620534287726251],[-79.477710475542366,43.620522951321945],[-79.477644197348923,43.620494556939235],[-79.477577103067148,43.620461814677547],[-79.477515521087312,43.620433088088845],[-79.477460368782459,43.620407027151643],[-79.477416256104533,43.620381643474751],[-79.477372132079353,43.620353577358671],[-79.477300446546977,43.620306818831452],[-79.477261849481863,43.620276764458374],[-79.47721930220186,43.620240696343856],[-79.4770579072337,43.620105597926269],[-79.476809344039324,43.620011023975856],[-79.476549195093938,43.619952470747883],[-79.476373826207805,43.619848927432308],[-79.476194947819266,43.619848881323009],[-79.475978923533589,43.619817340204058],[-79.475770239930796,43.619772298118335],[-79.475617359715883,43.619641736170927],[-79.475514054159035,43.619448183775603],[-79.475438223294219,43.619272640007509],[-79.475348462698037,43.619106094591544],[-79.475307871990211,43.618926057614516],[-79.475131391847682,43.618795516902381],[-79.474897166728141,43.618714444007935],[-79.474638901132224,43.618732407831224],[-79.47440464056443,43.618853874673846],[-79.474317838176958,43.619051886247597],[-79.474345260023895,43.619249923438609],[-79.47445707735983,43.619434486390105],[-79.474627370546557,43.619605542101795],[-79.474740732541932,43.619803589218769],[-79.474814614887947,43.619983633708536],[-79.474821125767264,43.620177165439848],[-79.474689017931112,43.620388687377869],[-79.474549947657366,43.620595679897171],[-79.474390355892623,43.620807186351286],[-79.474208286611656,43.621018696507228],[-79.474030090435662,43.621239181648342],[-79.473839886449056,43.621459690760219],[-79.473637705216689,43.621666685674377],[-79.473430471167319,43.621864659640011],[-79.473238317263096,43.622058154054024],[-79.473009057503987,43.622211142059292],[-79.472777468946362,43.622332606123813],[-79.472533887007927,43.62239555770028],[-79.47225010264917,43.622390997465942],[-79.471959309167175,43.622404437619146],[-79.471683609376939,43.622440393287263],[-79.471391650381193,43.622480835923866],[-79.471096593297318,43.622521259028503],[-79.470777149163581,43.622539189629713],[-79.4704673922664,43.622561622543792],[-79.470171591361463,43.622525558128075],[-79.469877348664625,43.622471463542396],[-79.469616012072819,43.6223768886275],[-79.469386774232404,43.622417351798518],[-79.469202412331612,43.622561315764663],[-79.469127577280702,43.62276834589904],[-79.469227403170379,43.622952883608271],[-79.469448020196666,43.623105966657072],[-79.469617534485764,43.623290549621835],[-79.469775014744641,43.623506625060024],[-79.469910070544998,43.623718184669919],[-79.470010254219801,43.623938754375565],[-79.470072878795435,43.624163805858657],[-79.470116144314844,43.624397853641966],[-79.470164825152864,43.624631893811319],[-79.470211183465722,43.624852440244169],[-79.470298985428286,43.62505949532261],[-79.470454579898927,43.625244064364395],[-79.470667893129445,43.625329641605319],[-79.470904126215686,43.625271174865055],[-79.471106287945062,43.625149716226339],[-79.471350629824613,43.625104752712531],[-79.471622433227097,43.625185833115587],[-79.471842304636539,43.625320899496039],[-79.472025063140862,43.625352458268864],[-79.471998024011427,43.625167922929087],[-79.471978775172005,43.624965368681039],[-79.471806914942974,43.62481682130398],[-79.471679554709738,43.624663765993553],[-79.471625442122573,43.624479214831865],[-79.471558498282121,43.624335166758136],[-79.471653428419458,43.624227173506029],[-79.471779311066769,43.624146201027706],[-79.471917985772066,43.623975190519104],[-79.472066343264558,43.62381769330981],[-79.472240663379822,43.623651218810089],[-79.472397942832572,43.623489213624246],[-79.472603154378845,43.623426244159226],[-79.472821556042305,43.623403801782239],[-79.473023251726673,43.623498346292806],[-79.47319355191226,43.623642417812363],[-79.473341007736096,43.623777473344923],[-79.473383588893,43.623849494492859],[-79.473476512225588,43.623872001594982],[-79.473550416928731,43.623975534853287],[-79.473683957141461,43.624115087416634],[-79.47379040171495,43.624218628001323],[-79.473863098607723,43.624194916947687],[-79.473831575016661,43.624167410450944],[-79.474254372485731,43.623822221632608],[-79.474212317143056,43.623793182628184],[-79.473703365911533,43.623991682649262],[-79.47348264879173,43.623724289990626],[-79.473442743022332,43.623626507482605],[-79.473489070699557,43.6234065329296],[-79.473385070167367,43.623216309096762],[-79.473435591995624,43.623123129309107],[-79.473584931322193,43.623029954370423],[-79.473828941502191,43.62281153739859],[-79.474061398129848,43.622572495057298],[-79.474282197569579,43.622584777851813],[-79.474570238149269,43.622694830456474],[-79.474936025641796,43.622940856622648],[-79.475256674976379,43.623037943611664],[-79.475376476863119,43.623204486457979],[-79.475292324215857,43.6233694550371],[-79.475029427069117,43.623422884257842],[-79.474995785210496,43.623453427669311],[-79.475035735482834,43.623479414451701],[-79.475285957370915,43.623455003003585],[-79.475564070759205,43.623462326921455],[-79.475708128494645,43.623493682508226],[-79.475800267819736,43.623494503174697],[-79.475848832116554,43.623484827934192],[-79.476058053121818,43.623394695878631],[-79.476093967023445,43.623382650514522],[-79.476136493195867,43.623382002296978],[-79.476164853769518,43.623388147171006],[-79.476211910817213,43.623398238544851],[-79.476249314252669,43.623410956304092],[-79.476308438109768,43.623426306964362],[-79.476418809679231,43.623445619792832],[-79.47644536447784,43.623443428924737],[-79.476472601836832,43.623438528768403],[-79.476505158661354,43.623424061206627],[-79.476528177512691,43.623401580428109],[-79.47659377307194,43.623439759829644],[-79.4765712168428,43.623483475027612],[-79.476566547172482,43.623510883345006],[-79.476567569236607,43.623527338120546],[-79.476567564002764,43.623540813220821],[-79.476571685277349,43.623553533048913],[-79.476583004583205,43.623569251818907],[-79.476598461340203,43.62358796890215],[-79.476623183710885,43.623614168044696],[-79.476642764976489,43.623637368664099],[-79.476656140653674,43.623654582079737],[-79.476670553132266,43.623682282340383],[-79.476688064257033,43.623707741881553],[-79.476708657597243,43.623741429330629],[-79.476728210689515,43.623773613329682],[-79.476740570640416,43.623790079411769],[-79.476756015111775,43.623808796470499],[-79.476770432868562,43.623823003615421],[-79.476782794857243,43.623834230876525],[-79.476804003580312,43.623846792139318],[-79.4768358301734,43.623862767081924],[-79.476848203948251,43.623875623592241],[-79.47685349945165,43.62389618386937],[-79.476837567995517,43.62391932325005],[-79.476780934728936,43.623999010184086],[-79.47671721457931,43.624076103241819],[-79.476674729262157,43.624130075993939],[-79.4766694074941,43.624145494310923],[-79.476667654871761,43.624159635156936],[-79.476616336104556,43.62417761847545],[-79.476577412465019,43.624185324709259],[-79.476562378236451,43.624194962130247],[-79.476559704898705,43.624218734286536],[-79.476565011224935,43.624243156179752],[-79.476575607087256,43.624271449759604],[-79.476345611327019,43.624279098600873],[-79.476329682819042,43.624262388700821],[-79.476320855475038,43.624243105868423],[-79.476303165923497,43.624230248200107],[-79.476269558270317,43.624205829424838],[-79.476228878329238,43.624173694967155],[-79.476200572636785,43.624153120872705],[-79.476188198435011,43.624141551493416],[-79.476177587336309,43.624120981077397],[-79.476170518587693,43.624104273000576],[-79.476151059206927,43.62408627513846],[-79.476130717271019,43.624075343189936],[-79.476099770562712,43.624059269220162],[-79.476075003991951,43.624050901736396],[-79.476053768894573,43.62404255298982],[-79.476036078943864,43.624030991481682],[-79.476020297792275,43.624018026152271],[-79.475984773402544,43.62401555231078],[-79.475954710988901,43.624019389590678],[-79.475938785305374,43.624027109443595],[-79.475922859107641,43.624036107493389],[-79.475917549546864,43.624051525778192],[-79.475915771968744,43.624065666607628],[-79.475915766326892,43.624079798808957],[-79.475917532101505,43.624095227585407],[-79.475926374250776,43.624108083450956],[-79.475974125751549,43.624149220905821],[-79.476023650277327,43.624187784311125],[-79.476087319981218,43.624240491857897],[-79.476106781938142,43.624252062729468],[-79.476135076781432,43.624268775242832],[-79.47615099437256,43.624281623566048],[-79.476175748613969,43.624321477936377],[-79.47620227280585,43.624366463468881],[-79.476225253147277,43.624411457259342],[-79.47624117028478,43.624425601771513],[-79.476258851782447,43.624459036652894],[-79.476258845207752,43.624475743254088],[-79.476253531647771,43.624501441153775],[-79.476246436020801,43.624521359782676],[-79.476234050341091,43.624538711911818],[-79.476211042804692,43.624593966733862],[-79.476173858815486,43.624682640802362],[-79.476152601385181,43.62473019077602],[-79.47614019688946,43.624763610392613],[-79.476127816143844,43.624799604413504],[-79.476118952990689,43.624839442766223],[-79.476120713245422,43.624869003736862],[-79.476126002988025,43.624903714246152],[-79.476129537247516,43.62492811778371],[-79.476136602520512,43.6249538272614],[-79.476147217310739,43.624965396277545],[-79.476163136101874,43.62497567919835],[-79.476187902304119,43.62498597296149],[-79.476209127132151,43.624989829980329],[-79.476230366379411,43.624988547197994],[-79.476262215129438,43.624980848616012],[-79.476279913991874,43.624970563687839],[-79.476295842904975,43.624955147591102],[-79.476306461487695,43.624925589189871],[-79.476310003613989,43.624898594720733],[-79.476318849212547,43.624871610351477],[-79.476318859805971,43.624844624151628],[-79.47631887825014,43.624829204754398],[-79.476322418849563,43.624806071885445],[-79.476331277830312,43.624776513116657],[-79.476347206177877,43.624762375211183],[-79.476348983167284,43.624749530578484],[-79.476352534127017,43.624731537510868],[-79.476596621902544,43.624720254975713],[-79.476614387100142,43.624730295174245],[-79.476633830453977,43.624758572553041],[-79.476646215760638,43.624774012487862],[-79.476644438331945,43.624788153326882],[-79.476626729129492,43.624825424511982],[-79.476605467020974,43.624885828569184],[-79.47657538175622,43.624947500011835],[-79.476555909897627,43.624992485024741],[-79.476547049997819,43.625024609208999],[-79.476531113128843,43.625060593540937],[-79.476509859348297,43.625099151178787],[-79.476483298034452,43.62514797831949],[-79.476467390389686,43.625172395847329],[-79.476453212506954,43.625209667729891],[-79.47644082047394,43.625243078377451],[-79.476433732943931,43.625273924717824],[-79.476428401471082,43.625313763819207],[-79.476424840452978,43.625357464886093],[-79.476424832917971,43.625376745885092],[-79.476419532240214,43.625401165592187],[-79.476419525709801,43.625417872190646],[-79.476423064128596,43.625432014120967],[-79.47642837377002,43.625448082716147],[-79.476424809899683,43.625467353980106],[-79.476401448275396,43.625477016664348],[-79.476357968182583,43.625536578949813],[-79.476137505588895,43.625458833054189],[-79.476138840842594,43.625435141646278],[-79.476138849839785,43.625412395108533],[-79.476136243497621,43.625391547320334],[-79.47613494989875,43.625372590100227],[-79.476127126404279,43.625352686369524],[-79.476114089139827,43.625325193368042],[-79.476098447437053,43.625303397707228],[-79.476078885558209,43.62529296999336],[-79.476055406877734,43.625285385898493],[-79.476025394932392,43.625285370607109],[-79.475997996431687,43.625288218302032],[-79.475978415394991,43.625294839220317],[-79.475962784938375,43.625307158852742],[-79.475945815450686,43.625321368495456],[-79.475937977279571,43.625338433501994],[-79.475932755206003,43.62535170046759],[-79.47593274953914,43.625365904676897],[-79.47593665841616,43.625382972155698],[-79.475948385147447,43.625402876720564],[-79.475962735847332,43.625430361015354],[-79.475965329359639,43.625452162953145],[-79.475962718476907,43.625473954795211],[-79.475954874625458,43.625505233012824],[-79.475943130110622,43.625529867375356],[-79.475936595200224,43.625572514635678],[-79.475939177374784,43.625622733992302],[-79.475948273684423,43.625682442195043],[-79.475949596474635,43.625721292517007],[-79.475953500470851,43.625750673908598],[-79.475958709731742,43.625769631953027],[-79.475979570209475,43.625786693991344],[-79.475996528888828,43.625799956615808],[-79.476023923096349,43.625808495691736],[-79.476048693698104,43.625808509885552],[-79.476074777805835,43.625808506346097],[-79.476098273210297,43.625805675819826],[-79.476119143493037,43.62579810100253],[-79.476140031224787,43.625777726194016],[-79.476150477786447,43.625745035288368],[-79.476235430533734,43.625753370273529],[-79.476203006455563,43.625899159205957],[-79.476171091699769,43.626041338670319],[-79.476148313991217,43.626140529344624],[-79.476136888859827,43.626234771613305],[-79.476118665939751,43.626315780402436],[-79.476102710690512,43.626365374778288],[-79.476070822268511,43.626471188556373],[-79.476020722604972,43.626565413704718],[-79.475977440173125,43.62665469849437],[-79.475917116455406,43.626781488505564],[-79.475852455002155,43.626909222712705],[-79.475808988360498,43.626993115556729],[-79.475801554278547,43.62702160340875],[-79.475783508215912,43.627061628805102],[-79.475762846533996,43.627103976004513],[-79.475746857542276,43.627112965010198],[-79.475722147421877,43.627115291127332],[-79.475685616112315,43.627116228510189],[-79.475641242724933,43.627112429475311],[-79.475586474185661,43.627104838615153],[-79.475535597444093,43.627095349266696],[-79.475540833684462,43.627078292737735],[-79.475546048021116,43.627054125099264],[-79.475544728059049,43.627039434535121],[-79.475538215761645,43.627025219934083],[-79.475521268079888,43.627014792687284],[-79.475489966913116,43.627013840833811],[-79.475467795381618,43.627020470108597],[-79.475446911037281,43.627030907246947],[-79.475428641737651,43.627040381793961],[-79.475410365482546,43.627066904984623],[-79.475389486956885,43.627123762323535],[-79.475380338752998,43.627161665240756],[-79.475391406366413,43.627187735672223],[-79.47540966567324,43.627202897955371],[-79.475427285053144,43.627207168406606],[-79.475454026526634,43.627207174151472],[-79.475475566531543,43.62719959959734],[-79.475489921608684,43.62718633461543],[-79.475502965077425,43.627168325613887],[-79.475513404343857,43.627155050788367],[-79.475535570155444,43.627162634711127],[-79.475557742601538,43.627184440839741],[-79.475579898073093,43.627217606724493],[-79.475590344087991,43.627248879811589],[-79.475591645726041,43.627278269653388],[-79.475587718026745,43.62730764937703],[-79.475585165571658,43.627368246241261],[-79.475553402944854,43.627496455360124],[-79.475518378936115,43.627599513864922],[-79.475479649091739,43.627703903769103],[-79.475429849712881,43.627847123305955],[-79.475400342421906,43.627943512918812],[-79.47536712565784,43.628019801604573],[-79.475326573313112,43.628094747488547],[-79.475282937974754,43.628163076664286],[-79.475261687179156,43.628189743205127],[-79.475243448934279,43.628213205897218],[-79.47522023899937,43.628242716447062],[-79.475200329533877,43.628261966116348],[-79.475162225365779,43.628289043045136],[-79.475146481563016,43.62830348686434],[-79.475120787960591,43.628315516142237],[-79.475104216365068,43.628323928839954],[-79.475086814246978,43.628332953449238],[-79.475073550559529,43.628343185145326],[-79.474910349674303,43.628278744454647],[-79.474924010914776,43.628266118493158],[-79.474930249094271,43.628254084994552],[-79.474931915877121,43.628239035025523],[-79.474927796278649,43.628222345533388],[-79.47490772502627,43.62821325872077],[-79.474885841719797,43.62821096756079],[-79.474861317810394,43.628211340229292],[-79.474845007704232,43.628216719476548],[-79.474829526788284,43.628224664301996],[-79.474820599141339,43.628237624346625],[-79.474810666971749,43.628252420454047],[-79.474787250307244,43.628271975326008],[-79.474769572200486,43.628288966061831],[-79.474759082109529,43.628304383137831],[-79.474757005885692,43.628320531184109],[-79.474770022407839,43.628338428833047],[-79.474786895098916,43.628350962498942],[-79.474806248769482,43.628357348755593],[-79.474829830787172,43.628357353950172],[-79.474848472865858,43.628346619387607],[-79.474861862102983,43.628332571153265],[-79.474880156764584,43.62832286266827],[-79.474991680130444,43.628364275538644],[-79.475006454493581,43.628386773258455],[-79.475011017836607,43.628409259743307],[-79.475010298147637,43.628441466580796],[-79.475007472447885,43.628472133719008],[-79.475001825587796,43.628492592657196],[-79.47499265514864,43.628523258407185],[-79.47497859173987,43.628549332373595],[-79.474965918778253,43.628569267690743],[-79.474956024064838,43.628583343706481],[-79.474921848617058,43.628638433757523],[-79.474882087186302,43.62868652848627],[-79.474833892124224,43.62875125592339],[-79.474802546981934,43.628794113663844],[-79.474780885885863,43.628822994365137],[-79.474770036559249,43.628837871277717],[-79.474749559285755,43.628850981789583],[-79.474719432123919,43.628885099420728],[-79.474677253168636,43.628934939812169],[-79.474642328694586,43.628972548901068],[-79.474603775113394,43.629005791496262],[-79.474561118457885,43.629041940615878],[-79.474539449392879,43.629059857569338],[-79.474517967631186,43.629074381034485],[-79.474488690733622,43.629089964920887],[-79.474464780985755,43.629102354503523],[-79.474431602173127,43.629114048900995],[-79.47440622104223,43.62911864293428],[-79.474383282669152,43.62911969996113],[-79.474364273067366,43.629119695699885],[-79.474336960706012,43.629119689571901],[-79.474312078039659,43.629117739682087],[-79.474280369019922,43.629111719620788],[-79.474223432254774,43.629070336385865],[-79.474235027068147,43.629051292047876],[-79.474245516062453,43.629039061515577],[-79.474251906513842,43.629019178873499],[-79.474250934027381,43.629003966296821],[-79.474243243599986,43.628992019713138],[-79.474219492168501,43.628981896791238],[-79.474186084688341,43.628977784616389],[-79.474164980063847,43.628979634136272],[-79.474137536986078,43.628995623410184],[-79.474110079341827,43.629016644453998],[-79.474081419166879,43.629038763388671],[-79.474067237258907,43.629051029073857],[-79.474055459328738,43.629063520337702],[-79.47404664345143,43.62907524715424],[-79.47403923831402,43.629091537997681],[-79.474045736101843,43.629110370391224],[-79.474061640665724,43.629126630520148],[-79.474081662568253,43.629135618453304],[-79.47410520661218,43.6291381891863],[-79.474139379561763,43.629120230137659],[-79.474166192090422,43.629100982216222],[-79.474188865374984,43.629111257929246],[-79.474204176615899,43.629124097374316],[-79.474213600841864,43.629138654755955],[-79.474219447308698,43.629202827018091],[-79.474205322716472,43.629225930412204],[-79.474198250745104,43.62924560586508],[-79.474189991678529,43.62925929512199],[-79.474168782744968,43.629272990454325],[-79.474158156388938,43.629287534306435],[-79.474142851193434,43.62931833361796],[-79.474132251074565,43.629329456943552],[-79.47410396099545,43.629355140518648],[-79.474070970564128,43.629389365343961],[-79.474026180108226,43.629429564405022],[-79.47398259348131,43.629465497061311],[-79.473951949861913,43.629488596662377],[-79.473896553322803,43.629524526593933],[-79.473850615718433,43.629551925340763],[-79.473803476404996,43.629578441657017],[-79.47377049238635,43.629597247007652],[-79.47373985234573,43.629611786226334],[-79.473712758346565,43.629622050590029],[-79.473665858104681,43.629640015579831],[-79.473640909067072,43.62964771502326],[-79.473615180505959,43.629652677857514],[-79.473587915789494,43.629656515156832],[-79.473562163887607,43.629658165460761],[-79.473535655817713,43.629660355667468],[-79.473506880925527,43.629660340001209],[-79.4734864212556,43.629660335257903],[-79.473462950259346,43.629660329811955],[-79.473437956466299,43.629657020495792],[-79.473393273510112,43.629648764828048],[-79.473344044546664,43.629636097399796],[-79.473297096261987,43.629622350315813],[-79.473260754089438,43.629612440287666],[-79.473228193770908,43.629597580366898],[-79.473198656451217,43.629584368400685],[-79.473196383484947,43.629568138354124],[-79.473217608944339,43.629545864878139],[-79.473257750713799,43.629510660821182],[-79.4732768792272,43.629494282756681],[-79.47328502928336,43.629475444743264],[-79.473283895531551,43.629461141262738],[-79.473274446340184,43.629447384923552],[-79.473262332090727,43.6294352752154],[-79.473247949331466,43.629424821231687],[-79.473221816532799,43.629419324262741],[-79.473194169197512,43.629419875869708],[-79.473174972516802,43.629422346750282],[-79.47315014502891,43.629435437950633],[-79.473102691228931,43.629471963455075],[-79.473037990868022,43.629528332947636],[-79.472996283196423,43.629573222057552],[-79.472963222235222,43.629597247965691],[-79.472947404070652,43.629609774164152],[-79.47292727526019,43.629618122692811],[-79.472904275187133,43.629618117243673],[-79.472887027009818,43.629613936507361],[-79.472862594131755,43.629603489092879],[-79.472843907051114,43.629602431492252],[-79.472818031034564,43.62960451366601],[-79.472777777617083,43.629611813219761],[-79.472723134862889,43.629623285973764],[-79.472685775533378,43.629643134128926],[-79.472646954370745,43.629661919757538],[-79.472606694729436,43.629682793351634],[-79.472576481895089,43.629710969472484],[-79.472541983225554,43.629762125114453],[-79.472510340461156,43.629827899695798],[-79.472479418362894,43.629889335769406],[-79.472453404890459,43.630056422372043],[-79.472428125412904,43.63021697412951],[-79.472422036359418,43.63028076553357],[-79.47242001772814,43.630304951789611],[-79.472412945665326,43.630323276919341],[-79.472403265875144,43.630353213215969],[-79.472389232534567,43.630391438743054],[-79.47237416321579,43.630418736326952],[-79.472336571784169,43.630456965153137],[-79.472303245092959,43.630491315399787],[-79.472218355650242,43.630547472493177],[-79.472179662188452,43.630583360637026],[-79.472165688665726,43.630598956648882],[-79.472114096722038,43.630630160904893],[-79.472064688689102,43.630655136707553],[-79.4720356720686,43.630667623545982],[-79.472015258732924,43.630673856515671],[-79.471981956830462,43.630680869444738],[-79.471945420841905,43.630687098449364],[-79.471891713566379,43.630683178652333],[-79.471848737470623,43.630680827715459],[-79.471789652224828,43.630676132426274],[-79.471746541515699,43.630670162857989],[-79.471569511174962,43.630651306058397],[-79.471399632316107,43.630630542478812],[-79.471305839680952,43.630617673988169],[-79.471231090558675,43.630612722438542],[-79.471150898784543,43.630612711231166],[-79.471096506270371,43.630616658104628],[-79.471035346984593,43.630621575388339],[-79.470970117727944,43.630637347285209],[-79.470919819008842,43.630658064708214],[-79.470858635823049,43.63068668255746],[-79.470832788388833,43.630705434867409],[-79.470813753472569,43.630731101980231],[-79.470796093154703,43.630758740745812],[-79.470777040073997,43.630796253679804],[-79.470767505392629,43.630831788738455],[-79.470767276369841,43.630869648535196],[-79.470785014837162,43.630911023467689],[-79.470796427401794,43.630938624651584],[-79.470813520437687,43.630956577792425],[-79.470836311397278,43.630980041236285],[-79.470893299186443,43.631017330523967],[-79.470973067709096,43.6310739155522],[-79.47113260715939,43.631182998808775],[-79.471233301325498,43.63125201085623],[-79.471271292389204,43.631287899956206],[-79.471343470828117,43.631332087899729],[-79.471314954642708,43.631359688015223],[-79.47144791324726,43.631442507095514],[-79.471228527482239,43.631699270777965],[-79.471329661581962,43.631783378177161],[-79.472022974793916,43.632366587998803],[-79.472429465681628,43.632625620727353],[-79.472797782050023,43.632819328843098],[-79.473057106014423,43.632926488780974],[-79.473159948678699,43.63296899952821],[-79.473256769610316,43.633009006387958],[-79.47332554944839,43.633039726194227],[-79.473367726754304,43.633058782966266],[-79.47347312058352,43.633106379809647],[-79.473546970451437,43.63313466128222],[-79.473625479380644,43.633164726056883],[-79.473818493215987,43.633238653820499],[-79.473906196642886,43.633271961007026],[-79.473961063993613,43.633292802730118],[-79.474045442221524,43.633335452492993],[-79.474244815699464,43.633436196113429],[-79.474355951886778,43.633476709340975],[-79.474448756757539,43.633522169127808],[-79.474703047772067,43.633646741879147],[-79.475128070366281,43.63385492921779],[-79.475499365941516,43.63410703923671],[-79.475702172265329,43.634435651140926],[-79.475837973627762,43.634755238136684],[-79.47600939700105,43.63503881789098],[-79.47617502178943,43.635353919016225],[-79.476250868080172,43.635484085822824],[-79.476340251689507,43.635637496953684],[-79.476526757795,43.635966067926681],[-79.476712521848327,43.636231655744275],[-79.476734170907463,43.63627060013782],[-79.476830142975288,43.636443203154457],[-79.476872102824487,43.636747503405807],[-79.476975387283844,43.636987888175476],[-79.477085358841663,43.637212503760892],[-79.477214589973897,43.637407886584086],[-79.477292153263477,43.637533237256022],[-79.477498920530479,43.637733351845945],[-79.477838562738611,43.637872570544353],[-79.478117767902077,43.637992612737847],[-79.478454795475827,43.638069125480698],[-79.478846850222425,43.6381194174011],[-79.479361285101362,43.638131357250757],[-79.479851207406881,43.638135450265082],[-79.480397196969733,43.638111925570527],[-79.480859264975379,43.638092191831639],[-79.481399502306857,43.638030504533383],[-79.481882609460385,43.63798590826525],[-79.482331078938927,43.637969109872508],[-79.482478691691654,43.637968304465176],[-79.483010570419765,43.638002725016243],[-79.483243737890589,43.638006134948682],[-79.483376338390585,43.638016901956597],[-79.48361564821181,43.638039277932897],[-79.483852395382868,43.638051445480379],[-79.484051915600034,43.63809315888318],[-79.484249896033447,43.638147122604401],[-79.484396188899851,43.638219441755098],[-79.484532704200419,43.638287861797437],[-79.484674161972791,43.638368380193782],[-79.484734226362946,43.638406761114503],[-79.484833312045964,43.63847612093614],[-79.484920058278817,43.638575597661422],[-79.485044508180877,43.638823376988228],[-79.485099243486061,43.639113642613992],[-79.48512599751642,43.639636833232075],[-79.485103038166926,43.640058517795318],[-79.485112714360426,43.640274921170999],[-79.485071009594407,43.640614690710088],[-79.485025036350351,43.640871809017767],[-79.485005413520113,43.641229467121477],[-79.485004766647478,43.641388422329015],[-79.484996319201088,43.641564587138106],[-79.484989570775198,43.641736791559218],[-79.485063659063357,43.641917818911026],[-79.485216062189338,43.642033011309834],[-79.48543969999092,43.64209336722439],[-79.485708131072755,43.642110656733429],[-79.485974100890758,43.642105774925085],[-79.486343723614468,43.642068959049482],[-79.486662788903971,43.642025169027356],[-79.487091906195857,43.641928939583941],[-79.487504665953111,43.641808772085611],[-79.487944590993621,43.641638576319636],[-79.488211671515742,43.641520002053007],[-79.48899544089403,43.641242135714521],[-79.489104693728251,43.641207805930776],[-79.489288261076723,43.641194438232937],[-79.489436209819516,43.641230556518629],[-79.489657358574718,43.641357127081157],[-79.489798009279596,43.641455731785534],[-79.489901848352872,43.641552712821806],[-79.489968282225391,43.641638663801274],[-79.490098157988498,43.641843483409119],[-79.49019440319303,43.641998216334514],[-79.490222294853837,43.642054288285379],[-79.490359502363489,43.64238528046824],[-79.490457076756584,43.642687815824125],[-79.490591228959019,43.643075570094481],[-79.490786019292088,43.643466983641709],[-79.49098194391118,43.643833040055696],[-79.491201013446656,43.644195317318335],[-79.49135831409329,43.644422874972761],[-79.491435494527806,43.644547108697161],[-79.491549681961629,43.644713516528171],[-79.491736684138942,43.644945387489123],[-79.491884914512013,43.645086521583366],[-79.492001108814293,43.645185616849254],[-79.492206791024572,43.645346593543628],[-79.492358546790356,43.64546428768903],[-79.492433048653695,43.645525808000798],[-79.492517302532448,43.645615089123659],[-79.492551531747424,43.645674572404054],[-79.492671179773041,43.64583024980633],[-79.492704304433488,43.645903099999991],[-79.492785744141528,43.646210294859195],[-79.492810889965696,43.646460399445019],[-79.492817700295191,43.646729990823559],[-79.492793581114427,43.646911897930082],[-79.492769793473002,43.647118846848237],[-79.492621202389131,43.647436351545537],[-79.492418710545593,43.647863093040236],[-79.492270696125104,43.648101619303468],[-79.492036298350286,43.648385146202351],[-79.491970439267149,43.648466135872233],[-79.491779417927717,43.648713659809125],[-79.491535721808077,43.64906021252893],[-79.491286261836578,43.649384260861716],[-79.491022832451222,43.649681285445638],[-79.490877950060835,43.650045856146427],[-79.490932148518908,43.650450921726744],[-79.490964849778962,43.650539470705418],[-79.491085122859133,43.650865023362861],[-79.491237705881005,43.651256594330349],[-79.491358016261984,43.651428718489356],[-79.491495666950414,43.651625678558347],[-79.491961252569112,43.651913755738477],[-79.492481101687773,43.652120822363322],[-79.493057492249093,43.652260388878702],[-79.493649416442025,43.652305421084698],[-79.49426534802069,43.652287441924486],[-79.494836693228478,43.65220193825121],[-79.495444795005028,43.652098439475836],[-79.496021960312717,43.652057954903732],[-79.496380828429196,43.652011402800099],[-79.496646384031635,43.651976962699045],[-79.497253769502251,43.651967995547992],[-79.497766429376227,43.651983192006512],[-79.497861141438008,43.651986002241763],[-79.498470086655161,43.652062541565144],[-79.499072054235413,43.652121038864749],[-79.499715862780633,43.652139053996351],[-79.500339923500235,43.652170540596146],[-79.500944225302092,43.652274043822217],[-79.501521801899784,43.652400038604803],[-79.502068006134621,43.652584539864428],[-79.502487173290532,43.652877048630884],[-79.502779263675663,43.653214583792547],[-79.502869943841262,43.653633126626566],[-79.502857554071099,43.654051680982185],[-79.5027928832871,43.654447742209115],[-79.502690670110766,43.654798815492988],[-79.50263290262248,43.654905716921085],[-79.502508243153713,43.655136361417256],[-79.502254937086875,43.655473926453197],[-79.501940444969748,43.655788997582313],[-79.501611208064361,43.656081564656866],[-79.501233541852741,43.656356119595962],[-79.500815541979009,43.656626190895949],[-79.500404914951901,43.65687373024717],[-79.500025676146251,43.657166283864335],[-79.499735116280277,43.657530838247403],[-79.499560202629667,43.657855507392547],[-79.499528983791834,43.657913412949185],[-79.499463928418763,43.65819932251658],[-79.499439875008918,43.658304980234306],[-79.499519679046074,43.658687555910745],[-79.49977650766354,43.65904310994344],[-79.500144912432134,43.659344655207327],[-79.500611714168997,43.659560658985775],[-79.501052965900811,43.659772187418824],[-79.501414212633975,43.659966243545668],[-79.501480260432857,43.660001708013269],[-79.501912965571563,43.660280734312209],[-79.502291046119765,43.660555250393443],[-79.502457465640916,43.660676116999419],[-79.502693928318635,43.660847785321444],[-79.503081736611293,43.66112229853055],[-79.503446289029839,43.661410304128708],[-79.503754306049075,43.66169833742449],[-79.504092948637577,43.661945853738466],[-79.504201716059256,43.662003377375363],[-79.504466852705391,43.662139368611321],[-79.504857436205256,43.662337382218276],[-79.505143784605039,43.66254890123475],[-79.505403426149286,43.662746918778943],[-79.505521991652998,43.662805430835526],[-79.505767268284075,43.662908916149689],[-79.506165588454436,43.663012401784954],[-79.506601109054003,43.663016869134424],[-79.507087751106965,43.662913306568115],[-79.507499212899475,43.662787252532098],[-79.507941305154716,43.662616179177505],[-79.50837406343247,43.662481110161018],[-79.50884171836546,43.662314541112124],[-79.509289986952581,43.662120940690116],[-79.509783222858829,43.661999363410835],[-79.510247391272173,43.661936313342878],[-79.510576352743314,43.661967779079681],[-79.510981267089193,43.662048734983259],[-79.511083946111839,43.662066736760558],[-79.511302872175776,43.66212070537766],[-79.511493534122451,43.662201707452219],[-79.511535000623141,43.662224188629295],[-79.511691752276107,43.662306949050297],[-79.51174832247915,43.662337448799889],[-79.511838720702883,43.66238548863921],[-79.511958955134844,43.662453670293097],[-79.511983371517971,43.662467169749455],[-79.512013208088874,43.662489678974616],[-79.512125584505,43.662570679188612],[-79.512211634335387,43.662633661419832],[-79.51240428840805,43.662921683611607],[-79.512583787486719,43.663322223674648],[-79.512693936851193,43.663709269139297],[-79.51280330838415,43.664105315898198],[-79.512868927525986,43.664519379138014],[-79.512955466567419,43.664937931608861],[-79.51304857568806,43.665342963224496],[-79.513080892235052,43.665757030049178],[-79.513075574860522,43.666166600477375],[-79.51298656381708,43.666544675739495],[-79.51279758224446,43.666859752796526],[-79.512529120505164,43.667143324589603],[-79.512163784852234,43.667354913414705],[-79.51178683303597,43.667593506265071],[-79.511457928364663,43.667895102392286],[-79.511273994085116,43.668277686347864],[-79.511343853792667,43.66865573541061],[-79.511486570949998,43.669056280437232],[-79.51151024380043,43.669123788043969],[-79.511632430803019,43.669474827599984],[-79.511738338064447,43.669893387656728],[-79.511803975657031,43.670343456404169],[-79.51184279232524,43.670608991610614],[-79.51186919083014,43.670784514791812],[-79.511965805881076,43.671225551822914],[-79.512090313852241,43.67167561412306],[-79.512249296699494,43.672116653233424],[-79.512354825290913,43.672580201193881],[-79.5124316742871,43.673057254129915],[-79.512439557069371,43.673516302849379],[-79.512417496655402,43.673583815182951],[-79.512300933899311,43.673934888436342],[-79.512047563972644,43.67432197234217],[-79.511656236948312,43.674650561211976],[-79.511220716189399,43.674965633083474],[-79.510727414255527,43.67522671878605],[-79.510216290595608,43.67551031624734],[-79.509860141883493,43.675685873290604],[-79.509697753905385,43.675766881070871],[-79.509244374075436,43.676036967265112],[-79.508834346651014,43.67638803318453],[-79.508520096811594,43.676752610495086],[-79.508275623301955,43.677162188483223],[-79.508076107868533,43.677598757705191],[-79.507893655027459,43.678035325368519],[-79.507684854693949,43.678453918851609],[-79.507459779491072,43.67887252198711],[-79.507440436173724,43.67890852851275],[-79.507242462415491,43.679268602865719],[-79.50716768500611,43.679349601416554],[-79.506936716725548,43.679597160838327],[-79.50655691418801,43.679835718100726],[-79.506115882703668,43.680011295186553],[-79.505762441149017,43.680236382412637],[-79.505528395246401,43.680564950928364],[-79.505466426113912,43.680920496783116],[-79.505542440272777,43.681294002594754],[-79.505632778725897,43.681645031350641],[-79.505702215669089,43.681960046811312],[-79.505969329284312,43.682225553851701],[-79.506405410102914,43.682342520284969],[-79.506917430398147,43.682400944958864],[-79.507448449977915,43.68243237117175],[-79.507944583534723,43.682396296519059],[-79.508420152731816,43.682364721884788],[-79.508447290788524,43.682364719882557],[-79.50889189241353,43.682441161298293],[-79.50924931820434,43.68263014245354],[-79.509537389961011,43.682913642046955],[-79.50977777738143,43.683219675266443],[-79.510011195052073,43.683516698264341]]]},"properties":{"AREA_NAME":"22"}},{"type":"Feature","geometry":{"type":"Polygon","coordinates":[[[-79.381225776799766,43.657037933758446],[-79.381359439863914,43.657396299267035],[-79.381587227209806,43.657907821066388],[-79.381925222231203,43.658668037464864],[-79.381935356536786,43.658690830342081],[-79.382117834958834,43.659095980259167],[-79.382490696619243,43.659912831237939],[-79.38279616862269,43.660583357970985],[-79.383110370528485,43.661371819332714],[-79.383386484951927,43.662054502112049],[-79.383421800460923,43.66213609929158],[-79.38372420159024,43.66289919894254],[-79.383779528182373,43.663033294167313],[-79.384137287402936,43.663855164610034],[-79.384157664864929,43.663903954517075],[-79.384595886447116,43.664937283321109],[-79.384933607252677,43.665823058256514],[-79.385028839231467,43.666055856610882],[-79.385243422283679,43.666567465088583],[-79.385293116220566,43.666687187710352],[-79.385692381679249,43.667562310287884],[-79.385856034893848,43.667995833990489],[-79.386113055466652,43.668630855282402],[-79.386160263650041,43.668742275780069],[-79.38642495862473,43.669368311601438],[-79.386557477161816,43.669687072274954],[-79.386788067979708,43.670226399505452],[-79.387387451869785,43.670100756909683],[-79.388018406442768,43.669974412991841],[-79.3895075819499,43.669669060785324],[-79.390585143082532,43.669447476363828],[-79.390989788056487,43.669382963365003],[-79.394141413451436,43.668720258936894],[-79.395875747609097,43.668332787288357],[-79.397380791868358,43.668033224743048],[-79.398364578023418,43.667831627681856],[-79.399836477223403,43.66751688106163],[-79.401538955464773,43.667161862312561],[-79.402707164637093,43.666905442399944],[-79.403870737912101,43.666657287866272],[-79.403109381099256,43.665510504984468],[-79.402732093933949,43.664636676786486],[-79.402414685580865,43.66385220063119],[-79.402109263260797,43.663052341459448],[-79.401772497068791,43.662218942435082],[-79.401762447313629,43.66219255986708],[-79.401410681729487,43.661302465301709],[-79.401090160526948,43.660516947173093],[-79.40102921831047,43.660367769148053],[-79.400469246462336,43.658972506402037],[-79.400254430736467,43.658449736935196],[-79.400217484081395,43.658359889241126],[-79.400048422819026,43.657948523947333],[-79.399853803236141,43.657437716081972],[-79.399841088807165,43.657404318937289],[-79.399591455987334,43.656749089702508],[-79.399315618409474,43.656102109012508],[-79.399231373559928,43.655851410143526],[-79.398926211151064,43.655138026581504],[-79.398830593089855,43.654914060339713],[-79.398644857228092,43.65440353704961],[-79.39844581712623,43.653896044051898],[-79.398049982983423,43.652944320419479],[-79.397781488613461,43.652263668068436],[-79.397636135433416,43.651898190888346],[-79.397604260253971,43.651812307385882],[-79.397239100819377,43.650902284368037],[-79.396884568028781,43.650069474300018],[-79.396638515856864,43.649437266492725],[-79.396381603312065,43.648765532258516],[-79.396212309297965,43.648361721537952],[-79.396199716956502,43.64833169055634],[-79.39607454733212,43.64803315460923],[-79.395969644011373,43.647807836052067],[-79.39582974454018,43.647397813497413],[-79.395570791615782,43.646740585545345],[-79.395365611597796,43.646214853128974],[-79.39525172346508,43.645948902445632],[-79.395046838361438,43.645470507851016],[-79.394888475346391,43.645078136711817],[-79.394785384286578,43.644821331828275],[-79.394772005650225,43.64478811346239],[-79.394624903393421,43.644422828397325],[-79.394575667170542,43.644282208604764],[-79.394487419798764,43.644030259842381],[-79.394292271188334,43.643590776648558],[-79.394113574620036,43.64317192146973],[-79.393928844147084,43.642738991237103],[-79.393690486100496,43.642171107231128],[-79.393515511984006,43.641761732922504],[-79.393425825650183,43.641543077973971],[-79.393399834383146,43.641479711067312],[-79.393344174212189,43.641344035437861],[-79.393004607410418,43.640562821799428],[-79.392435122644599,43.639023636946597],[-79.392364502847116,43.638820922438924],[-79.392339224377139,43.638748347521592],[-79.392300465690454,43.638638530194882],[-79.392241592783577,43.638493318473927],[-79.39188927121694,43.637653724159044],[-79.391912148094704,43.637578962320674],[-79.391963118238976,43.637402475419599],[-79.391771759291359,43.637449380637996],[-79.391645127893995,43.637478650190531],[-79.391527625103734,43.637504129682114],[-79.391380108088541,43.63753431526478],[-79.391256087611936,43.637558834137579],[-79.391027474181968,43.637007587889443],[-79.389574064433688,43.637136875254825],[-79.3895895351462,43.637175731158528],[-79.389902933532582,43.637945246408634],[-79.389632369108796,43.638001370157902],[-79.389622285778472,43.638032280162918],[-79.389489501925283,43.63806305361566],[-79.389474488007082,43.638052129428232],[-79.389456986235743,43.638039384554368],[-79.389191403381389,43.638095503074545],[-79.388815340654503,43.637176412022846],[-79.387139239820002,43.637333139870911],[-79.387146435590765,43.637355713437081],[-79.38760662949872,43.638487667300495],[-79.387075496540973,43.638598058867146],[-79.386591890046191,43.637398749335325],[-79.386587373176511,43.63738190327048],[-79.385574420621538,43.637480422117711],[-79.385587822607263,43.637569666218944],[-79.385690950027964,43.637551289550608],[-79.385738375890639,43.638064433643258],[-79.38524089476924,43.638167415185116],[-79.385120170117659,43.637910727598182],[-79.385167829646932,43.637901774102062],[-79.385029313859263,43.637622592087403],[-79.385446916517566,43.637582541105864],[-79.385434642337714,43.637519519140795],[-79.384402286578805,43.637612886366576],[-79.384670692793094,43.638207275555843],[-79.384933566791574,43.638878188206533],[-79.384995681436877,43.639004279011729],[-79.384237127315828,43.639115949598761],[-79.383964360578048,43.638359530233359],[-79.383674385407801,43.637693106413252],[-79.382183039944962,43.637817427441988],[-79.38091132715418,43.637932992647542],[-79.379576004697739,43.638066533481215],[-79.380074894326341,43.63921031406457],[-79.3802660821747,43.63968763249229],[-79.380152521259006,43.639714526627131],[-79.380088479099797,43.639583912493819],[-79.380049943963598,43.639596960069134],[-79.379849714941855,43.639664674192062],[-79.379577435477785,43.639466330387549],[-79.378828914693102,43.638376633689184],[-79.378401594369265,43.63853504529196],[-79.378686339092368,43.638965091639868],[-79.378740519948025,43.639042326941393],[-79.377740160614906,43.639383277812911],[-79.377631628033782,43.639234638954363],[-79.377536682962557,43.639261541416786],[-79.377594558144466,43.639362193798327],[-79.377623092644583,43.639403531670325],[-79.377459867343191,43.639454718681328],[-79.377155360995602,43.638999993307081],[-79.376336165130169,43.639302465510362],[-79.375415535662796,43.639648162959091],[-79.375559159052756,43.639925498794],[-79.375471199301629,43.639947906452832],[-79.37535459024069,43.639763260142786],[-79.375259491898348,43.639677634329061],[-79.375192441623724,43.639700064588439],[-79.375414479503249,43.640033339728113],[-79.374829929769817,43.640244251526589],[-79.374675941778619,43.63996954983395],[-79.374575559165294,43.64000544524874],[-79.374731480323334,43.640280149193188],[-79.374500090365643,43.640356389096731],[-79.374342542713336,43.640113187870384],[-79.374283368215515,43.640126732891623],[-79.374225136117303,43.640140062886026],[-79.374458324692512,43.640509357627955],[-79.374433720084625,43.640599344362649],[-79.374323431413472,43.640558716977068],[-79.374286276063728,43.640545174059923],[-79.374218971643245,43.6405046118374],[-79.374201879264206,43.64052259578137],[-79.374230010316566,43.640590119049776],[-79.37428950553489,43.640666705184621],[-79.3743196172083,43.640711727168501],[-79.374356722426114,43.640761275521257],[-79.374390035937807,43.640756811442813],[-79.374657674292436,43.640761614896043],[-79.37504806114778,43.641356088010106],[-79.375192482808387,43.641572269759465],[-79.374534276611598,43.641814577352079],[-79.374586252587903,43.641848101492947],[-79.374664922561209,43.641943395301759],[-79.375208897583406,43.642761936171851],[-79.375286111021865,43.642921254707929],[-79.37547062242804,43.643329686063055],[-79.375735146300499,43.643979107775841],[-79.375752259159967,43.644017598233596],[-79.375769706104563,43.644062399012149],[-79.375811061457668,43.644162359155516],[-79.375874442385154,43.644323003431609],[-79.375989076307889,43.644587084007945],[-79.376165064810849,43.644997791225556],[-79.376352829821556,43.645439511593025],[-79.376503064744725,43.645783877296381],[-79.376974317595128,43.646884793501236],[-79.377370342052828,43.647846303762677],[-79.377626265854147,43.648507998224041],[-79.377644636307366,43.648551071408285],[-79.377918323289066,43.649148757456302],[-79.378470073282912,43.650407492627892],[-79.37873954752375,43.65105548963659],[-79.378984678436794,43.651692010441764],[-79.37925893488827,43.652439944210805],[-79.379973983421664,43.654062813546645],[-79.380651067551426,43.655712768396256],[-79.380036812375408,43.655844265282916],[-79.379847789142033,43.65588574302113],[-79.379449624255784,43.655979180921932],[-79.379576200871455,43.656291328171719],[-79.380187107434921,43.65644384088796],[-79.380279516382188,43.656458447881938],[-79.380318280572311,43.656460324748373],[-79.380368719022457,43.656458208218432],[-79.380926392226542,43.656328774958212],[-79.381225776799766,43.657037933758446]]]},"properties":{"AREA_NAME":"52"}}]}